Applicant_ID,Applicant_Name,Gender,Age,Marital_Status,Branch_ID,Employment_Type,Annual_Income_INR,Credit_Score,Existing_Loans_Count,Existing_EMI_Monthly_INR,Loan_Purpose,Loan_Amount_INR,Loan_Tenure_Months,Interest_Rate_Percent,EMI_Monthly_INR,Debt_to_Income_Ratio,Collateral_Value_INR,Late_Payments_Past_Count,Application_Date,Loan_Status,Default_Flag,Default_Date,Days_Past_Due
LN001815,Rahul Pillai,Male,46.0,Single,BR011,Business Owner,382800.0,614.0,1,1715.74,Education Loan,166900.0,36,11.86,5532.31,0.23,0.0,1,2025-09-27,Approved,No,,0
LN004025,Reyansh Nair,Male,34.0,Single,BR009,Unemployed,308300.0,855.0,1,5562.7,Business Loan,709700.0,24,10.95,33061.11,1.5,752900.0,0,2022-04-10,Approved,No,,0
LN005085,Rajesh Das,Male,33.0,Married,BR008,Salaried,606500.0,568.0,1,3369.07,Personal Loan,204400.0,48,15.32,0.0,0.18,0.0,2,2024-08-14,Rejected,No,,0
LN003428,Arjun Bhatt,Male,21.0,Single,BR010,Salaried,240400.0,717.0,0,0.0,Business Loan,514900.0,60,12.33,11539.72,0.58,567800.0,0,2024-12-21,Approved,No,,0
LN003743,Anil Chatterjee,Male,46.0,Married,BR002,Salaried,906900.0,478.0,0,0.0,Home Loan,4068800.0,240,11.22,0.0,0.56,5427300.0,1,2025-02-24,Rejected,No,,0
LN003703,Sneha Agarwal,Female,53.0,Married,BR001,Business Owner,663000.0,,0,0.0,Home Loan,3421200.0,300,12.05,0.0,0.65,4131900.0,3,2022-08-25,Rejected,No,,0
LN005356,Anjali Pillai,Female,43.0,Single,BR004,Salaried,264700.0,524.0,0,0.0,Auto Loan,213700.0,36,11.76,7073.43,0.32,0.0,1,2024-11-19,Approved,Yes,2025-07-06,45
LN004668,Ishaan Agarwal,Male,29.0,Single,BR013,Salaried,226600.0,624.0,0,0.0,Home Loan,1223700.0,240,9.76,11615.05,0.62,1640600.0,3,2022-02-17,Approved,No,,0
LN001107,Sneha Sharma,Female,44.0,Married,BR008,Salaried,566300.0,484.0,0,0.0,Personal Loan,243400.0,36,16.16,0.0,0.18,0.0,2,2024-07-30,Rejected,No,,0
LN002299,Nikhil Patel,Male,,Married,BR001,Unemployed,90000.0,790.0,0,0.0,Home Loan,503200.0,300,8.1,3917.17,0.52,536300.0,0,2023-04-06,Approved,No,,0
LN004167,Saanvi Singh,Female,44.0,Married,BR011,Business Owner,458100.0,633.0,0,0.0,Education Loan,319000.0,120,11.67,0.0,0.12,0.0,0,2025-09-04,Rejected,No,,0
LN005043,Sneha Chauhan,Female,22.0,Married,BR007,Salaried,461800.0,615.0,0,0.0,Auto Loan,530300.0,48,10.85,13667.28,0.36,0.0,3,2025-09-27,Approved,Yes,2025-11-04,107
LN002063,Karthik Reddy,Male,55.0,Single,BR003,Unemployed,122200.0,641.0,3,2077.88,Business Loan,156900.0,60,13.09,3577.19,0.56,197800.0,1,2024-01-10,Approved,No,,0
LN001152,Aditya Patel,Male,39.0,Married,BR007,Business Owner,309100.0,694.0,0,0.0,Auto Loan,369100.0,60,10.06,7853.19,0.3,0.0,0,2025-03-10,Approved,No,,0
LN002551,Deepak Malhotra,Male,29.0,Married,BR006,Business Owner,326700.0,675.0,2,2150.68,Auto Loan,363400.0,60,10.25,7765.95,0.36,0.0,1,2023-03-15,Approved,No,,0
LN000365,Aarav Verma,Male,27.0,Married,BR011,Business Owner,998400.0,586.0,0,0.0,Auto Loan,702400.0,60,11.14,15320.96,0.18,0.0,0,2023-04-27,Approved,No,,0
LN003373,Nikhil Mehta,Male,38.0,Married,BR003,Unemployed,170700.0,725.0,0,0.0,Home Loan,598900.0,180,8.75,5985.7,0.42,822600.0,0,2022-08-31,Approved,Yes,2024-12-03,53
LN002782,Reyansh Verma,Male,29.0,Single,BR012,Salaried,219600.0,589.0,0,0.0,Home Loan,1080900.0,180,10.11,11688.25,0.64,1207900.0,1,2024-07-20,Approved,No,,0
LN002864,Rajesh Kapoor,Male,57.0,Single,BR008,Salaried,598200.0,715.0,0,0.0,Auto Loan,653400.0,84,9.85,10796.64,0.22,0.0,1,2022-12-06,Approved,No,,0
LN001262,Pooja Singh,Female,39.0,Married,BR004,Salaried,552900.0,769.0,0,0.0,Auto Loan,297900.0,60,9.31,6228.83,0.14,0.0,1,2024-02-02,Approved,No,,0
LN002559,Kavya Bhatt,Female,37.0,Married,BR012,Self-Employed,242100.0,566.0,1,4171.16,Home Loan,1311000.0,240,10.34,12948.16,0.85,1474700.0,1,2022-11-14,Approved,Yes,2024-05-18,26
LN003877,Riya Patel,Female,21.0,Married,BR015,Salaried,538500.0,769.0,1,6543.34,Personal Loan,90400.0,24,13.31,4310.96,0.24,0.0,1,2023-08-02,Approved,No,,0
LN000845,Pooja Gupta,Female,46.0,Married,BR001,Business Owner,481200.0,754.0,1,1351.14,Business Loan,374300.0,24,11.96,17612.61,0.47,472400.0,0,2025-04-14,Approved,No,,0
LN003617,Ishita Chatterjee,Female,37.0,Married,BR003,Salaried,379600.0,717.0,0,0.0,Auto Loan,208700.0,60,9.83,4416.82,0.14,0.0,0,2023-08-29,Approved,No,,0
LN003906,Vihaan Mehta,Male,38.0,Married,BR008,Salaried,280800.0,632.0,0,0.0,Gold Loan,36500.0,18,10.18,2195.11,0.09,45400.0,2,2023-05-20,Approved,No,,0
LN000509,Diya Nair,Female,28.0,Married,BR002,Business Owner,951000.0,603.0,0,0.0,Home Loan,4282200.0,300,9.97,38821.86,0.49,4715700.0,2,2024-10-29,Approved,Yes,2025-07-17,1
LN001566,Nikhil Verma,Male,41.0,Single,BR008,Salaried,1079700.0,559.0,2,6350.82,Education Loan,603500.0,84,12.41,10786.2,0.19,0.0,0,2025-06-19,Approved,No,,0
LN004521,Nikhil Naidu,Male,33.0,Married,BR007,Salaried,360200.0,758.0,0,0.0,Home Loan,2125600.0,240,8.42,18338.97,0.61,2450000.0,0,2024-08-19,Approved,No,,0
LN000069,Sai Chauhan,Male,42.0,Single,BR007,Salaried,445100.0,663.0,2,3246.25,Personal Loan,183200.0,24,14.37,8828.02,0.33,0.0,0,2025-05-19,Approved,Yes,2025-10-26,196
LN002516,Rahul Joshi,Male,21.0,Married,BR006,Salaried,363700.0,748.0,1,5266.85,Auto Loan,232400.0,84,9.52,3800.72,0.3,0.0,0,2023-09-11,Approved,No,,0
LN004674,Kavya Gupta,Female,39.0,Single,BR007,Salaried,718500.0,760.0,2,9806.13,Business Loan,1554700.0,24,11.9,73112.54,1.38,2077300.0,0,2025-12-05,Approved,No,,0
LN004445,Anjali Rao,Female,38.0,Married,BR002,Business Owner,494900.0,724.0,0,0.0,Gold Loan,54200.0,12,9.26,4746.41,0.12,59200.0,1,2024-10-14,Approved,No,,0
LN002849,Amit Chatterjee,Male,32.0,Divorced,BR001,Self-Employed,267200.0,766.0,0,0.0,Auto Loan,227500.0,84,9.34,3699.64,0.17,0.0,0,2022-11-18,Approved,No,,0
LN003844,Kavya Chatterjee,Female,38.0,Divorced,BR003,Self-Employed,90000.0,627.0,1,1407.81,Personal Loan,25000.0,48,14.73,0.0,0.28,0.0,1,2022-05-03,Rejected,No,,0
LN004222,Rajesh Bhatt,Male,45.0,Married,BR008,Business Owner,1592200.0,749.0,0,0.0,Personal Loan,372700.0,36,13.51,12649.48,0.1,0.0,0,2025-10-28,Approved,Yes,2025-12-10,75
LN004509,Shreya Malhotra,Female,,Single,BR009,Salaried,560000.0,649.0,0,0.0,Gold Loan,48100.0,18,10.01,2888.97,0.06,61800.0,2,2024-12-19,Approved,No,,0
LN001509,Aadhya Naidu,Female,21.0,Single,BR006,Salaried,339800.0,653.0,1,1872.41,Business Loan,545600.0,84,12.97,9916.64,0.42,675100.0,0,2023-02-09,Approved,No,,0
LN003448,Amit Nair,Male,31.0,Divorced,BR013,Salaried,385300.0,646.0,2,4707.97,Personal Loan,89300.0,48,14.54,0.0,0.22,0.0,0,2023-03-03,Rejected,No,,0
LN002423,Anil Verma,Male,55.0,Married,BR003,Salaried,650800.0,664.0,1,10240.0,Auto Loan,760100.0,60,10.36,16284.85,0.49,0.0,1,2022-12-22,Approved,No,,0
LN003736,Kavya Bhatt,Female,,Married,BR010,Salaried,244100.0,623.0,2,4731.04,Business Loan,493200.0,84,13.27,9044.83,0.68,648400.0,4,2025-04-14,Approved,Yes,2025-12-22,33
LN001512,Rohan Bhatt,Male,36.0,Married,BR005,Salaried,885000.0,740.0,0,0.0,Home Loan,3046900.0,120,8.6,37940.35,0.51,3731700.0,1,2025-02-24,Approved,No,,0
LN002748,Kritika Verma,Female,28.0,Single,BR012,Business Owner,266900.0,687.0,0,0.0,Home Loan,869400.0,240,9.13,7895.05,0.35,1194800.0,0,2022-05-18,Approved,No,,0
LN005092,Vivaan Rao,Male,31.0,Single,BR012,Business Owner,569300.0,549.0,0,0.0,Personal Loan,272600.0,12,15.51,24670.07,0.52,0.0,3,2022-01-24,Approved,Yes,2022-03-17,3
LN000887,Ishaan Das,Male,39.0,Married,BR002,Business Owner,359600.0,671.0,0,0.0,Auto Loan,380600.0,36,10.29,12332.78,0.41,0.0,0,2024-10-27,Approved,No,,0
LN004466,Kavya Naidu,Female,24.0,Married,BR010,Salaried,438000.0,569.0,0,0.0,Business Loan,1087200.0,24,13.81,52102.07,1.43,1206800.0,1,2022-03-24,Approved,No,,0
LN005082,Aditya Nair,Male,44.0,Married,BR004,Salaried,424700.0,753.0,0,0.0,Business Loan,214400.0,60,11.97,4765.96,0.13,241000.0,0,2023-05-15,Approved,No,,0
LN001032,Vivaan Das,Male,25.0,Single,BR009,Salaried,599300.0,718.0,0,0.0,Auto Loan,336300.0,60,9.82,7115.63,0.14,0.0,1,2025-04-26,Approved,No,,0
LN003885,Sai Sharma,Male,21.0,Single,BR005,Business Owner,485000.0,560.0,1,6511.45,Home Loan,2449900.0,180,10.4,26929.49,0.83,2459100.0,2,2022-03-26,Approved,No,,0
LN002070,Krishna Verma,Male,,Married,BR007,Self-Employed,1039000.0,613.0,0,0.0,Home Loan,3579400.0,120,9.87,47044.74,0.54,3865700.0,1,2025-12-22,Approved,No,,0
LN000407,Aarav Joshi,Male,23.0,Single,BR002,Salaried,274800.0,701.0,1,2082.91,Home Loan,971400.0,240,8.99,8733.69,0.47,1347700.0,0,2023-06-24,Approved,Yes,2025-08-10,17
LN001606,Rekha Chatterjee,Female,44.0,Single,BR003,Salaried,363600.0,568.0,0,0.0,Personal Loan,212700.0,12,15.32,19230.08,0.63,0.0,5,2024-11-04,Approved,No,,0
LN005226,Vihaan Iyer,Male,29.0,Single,BR008,Business Owner,482400.0,657.0,1,4545.53,Personal Loan,270100.0,24,14.43,13023.21,0.44,0.0,0,2025-09-25,Approved,No,,0
LN004516,Ishaan Nair,Male,49.0,Married,BR014,Salaried,244800.0,574.0,2,4323.13,Personal Loan,29500.0,24,15.26,0.0,0.28,0.0,3,2022-06-14,Rejected,No,,0
LN003895,Divya Gupta,Female,42.0,Single,BR018,Salaried,847600.0,633.0,0,0.0,Auto Loan,508800.0,48,10.67,0.0,0.19,0.0,2,2022-07-21,Rejected,No,,0
LN002233,Shreya Pillai,Female,31.0,Married,BR005,Self-Employed,160100.0,817.0,0,0.0,Business Loan,331800.0,36,11.33,10914.63,0.82,339800.0,0,2025-11-13,Approved,No,,0
LN004063,Shreya Kapoor,Female,21.0,Single,BR010,Salaried,834300.0,642.0,1,11365.59,Home Loan,4821300.0,300,9.58,0.0,0.77,6663700.0,4,2024-03-21,Rejected,No,,0
LN001768,Geeta Chatterjee,Female,21.0,Married,BR009,Self-Employed,634200.0,333.0,1,7607.24,Home Loan,2471600.0,300,12.67,0.0,0.66,2708800.0,2,2025-08-16,Rejected,No,,0
LN001341,Arjun Singh,Male,35.0,Single,BR005,Salaried,302100.0,512.0,1,1134.58,Gold Loan,32700.0,24,11.38,1529.85,0.11,40700.0,2,2024-04-03,Approved,No,,0
LN005317,Priya Verma,Female,37.0,Single,BR002,Business Owner,305700.0,777.0,2,882.65,Home Loan,1472100.0,180,8.23,14264.31,0.59,1758400.0,0,2022-12-07,Approved,No,,0
LN000146,Shreya Chatterjee,Female,49.0,Single,BR006,Business Owner,405100.0,503.0,1,401.54,Business Loan,592500.0,24,14.47,0.0,0.86,723300.0,3,2022-08-27,Rejected,No,,0
LN002421,Karthik Gupta,Male,49.0,Single,BR011,Salaried,,744.0,0,0.0,Personal Loan,111700.0,36,13.56,3793.81,0.1,0.0,0,2022-09-28,Approved,No,,0
LN002898,Rohan Rao,Male,46.0,Single,BR013,Salaried,479800.0,670.0,1,6127.04,Auto Loan,299800.0,48,10.3,7646.97,0.34,0.0,0,2024-08-14,Approved,Yes,2024-09-23,118
LN002295,Meera Joshi,Female,45.0,Married,BR005,Business Owner,716100.0,900.0,1,3959.97,Personal Loan,79300.0,12,12.0,7045.71,0.18,0.0,0,2025-06-19,Approved,No,,0
LN000112,Sunita Iyer,Female,30.0,Single,BR004,Salaried,161800.0,589.0,1,1579.24,Personal Loan,37800.0,36,15.11,0.0,0.21,0.0,2,2023-02-09,Rejected,No,,0
LN004372,Sneha Joshi,Female,43.0,Divorced,BR003,Salaried,369900.0,704.0,0,0.0,Business Loan,815700.0,60,12.46,18334.98,0.59,994700.0,1,2023-11-04,Approved,Yes,2024-08-04,1
LN004585,Pooja Joshi,Female,53.0,Married,BR007,Salaried,318400.0,574.0,0,0.0,Business Loan,734100.0,84,13.76,13659.9,0.51,764600.0,1,2024-01-14,Approved,Yes,2024-12-02,19
LN004021,Anjali Patel,Female,32.0,Married,BR005,Salaried,218800.0,679.0,3,2901.98,Home Loan,895100.0,180,9.21,9190.86,0.66,1013500.0,2,2022-01-05,Approved,No,,0
LN004530,Saanvi Iyer,Female,28.0,Single,BR014,Salaried,418000.0,627.0,0,0.0,Auto Loan,371200.0,48,10.73,0.0,0.27,0.0,1,2022-08-08,Rejected,No,,0
LN002797,Amit Mehta,Male,30.0,Married,BR018,Salaried,419900.0,658.0,2,7417.38,Personal Loan,225100.0,48,14.42,0.0,0.39,0.0,1,2024-05-03,Rejected,No,,0
LN004548,Rohan Patel,Male,27.0,Single,BR001,Business Owner,979400.0,613.0,1,3614.9,Home Loan,4283100.0,180,9.87,45686.37,0.6,5082500.0,0,2024-04-01,Approved,No,,0
LN001818,Aditya Nair,Male,29.0,Single,BR004,Self-Employed,739700.0,713.0,1,10555.1,Auto Loan,768500.0,48,9.87,0.0,0.49,0.0,0,2025-07-07,Rejected,No,,0
LN001165,Aditya Joshi,Male,34.0,Single,BR005,Business Owner,,584.0,1,8142.06,Auto Loan,346000.0,84,11.16,5953.51,0.28,0.0,2,2024-02-27,Approved,No,,0
LN000858,Amit Iyer,Male,56.0,Single,BR013,Unemployed,116200.0,838.0,0,0.0,Education Loan,61300.0,120,9.62,797.24,0.08,0.0,0,2025-04-25,Approved,No,,0
LN005221,Rekha Gupta,Female,43.0,Married,BR012,Salaried,669200.0,581.0,2,1773.71,Gold Loan,83800.0,12,10.69,7394.27,0.16,96900.0,1,2022-10-25,Approved,No,,0
LN004902,Rahul Chauhan,Male,33.0,Single,BR003,Salaried,446800.0,589.0,0,0.0,Home Loan,1398400.0,300,10.11,12815.87,0.34,1903200.0,0,2022-04-08,Approved,No,,0
LN000803,Ishita Iyer,Female,25.0,Single,BR012,Salaried,728200.0,651.0,1,1410.82,Personal Loan,90100.0,24,14.49,4346.85,0.09,0.0,0,2023-06-23,Approved,No,,0
LN003322,Priya Rao,Female,54.0,Single,BR013,Unemployed,90000.0,679.0,0,0.0,Home Loan,335800.0,240,9.21,3066.78,0.41,391200.0,0,2023-08-04,Approved,No,,0
LN005053,Vikram Kapoor,Male,43.0,Married,BR003,Salaried,485100.0,748.0,1,7194.62,Business Loan,434900.0,84,12.02,7681.83,0.37,592800.0,1,2022-03-08,Approved,No,,0
LN005244,Deepak Mehta,Male,26.0,Married,BR010,Business Owner,744300.0,681.0,0,0.0,Home Loan,3982000.0,120,9.19,50852.66,0.82,4719000.0,0,2025-08-25,Approved,Yes,2025-12-26,91
LN003124,Shreya Malhotra,Female,29.0,Married,BR008,Salaried,499800.0,777.0,1,1607.87,Auto Loan,277500.0,84,9.23,4497.18,0.15,0.0,0,2025-10-06,Approved,No,,0
LN004884,Krishna Gupta,Male,49.0,Married,BR010,Unemployed,90000.0,607.0,0,0.0,Auto Loan,63000.0,60,10.93,1367.57,0.18,0.0,1,2022-09-25,Approved,No,,0
LN000002,Krishna Patel,Male,32.0,Single,BR017,Salaried,780600.0,653.0,0,0.0,Business Loan,550900.0,84,12.97,10012.97,0.15,686900.0,0,2022-02-17,Approved,No,,0
LN002308,Ishita Gupta,Female,41.0,Married,BR014,Business Owner,989900.0,688.0,1,18079.79,Auto Loan,1030800.0,84,10.12,17176.48,0.43,0.0,0,2023-12-23,Approved,No,,0
LN004996,Meera Gupta,Female,24.0,Single,BR001,Salaried,437500.0,656.0,1,1029.96,Home Loan,1734000.0,300,9.44,15077.64,0.44,1924500.0,0,2024-08-23,Approved,No,,0
LN000111,Arjun Patel,Male,47.0,Single,BR007,Business Owner,764800.0,713.0,1,13022.39,Education Loan,260700.0,60,10.87,5651.36,0.29,0.0,0,2022-03-05,Approved,No,,0
LN001766,Reyansh Chauhan,Male,43.0,Single,BR007,Salaried,511700.0,687.0,1,4421.51,Personal Loan,271300.0,12,14.13,24375.84,0.68,0.0,0,2025-10-06,Approved,No,,0
LN004607,Ishita Chatterjee,Female,39.0,Single,BR017,Salaried,267100.0,574.0,1,2743.11,Home Loan,1418700.0,120,10.26,0.0,0.97,1783200.0,0,2024-01-02,Rejected,No,,0
LN003627,Saanvi Das,Female,36.0,Single,BR006,Salaried,299900.0,542.0,1,6242.44,Education Loan,190900.0,84,12.58,3429.41,0.39,0.0,2,2024-11-10,Approved,Yes,2025-12-10,2
LN005267,Ananya Verma,Female,36.0,Married,BR006,Salaried,543000.0,798.0,1,3479.44,Auto Loan,397500.0,48,9.02,9895.58,0.3,0.0,1,2025-04-17,Approved,Yes,2025-07-11,29
LN003459,Deepak Singh,Male,41.0,Married,BR015,Business Owner,1252500.0,652.0,0,0.0,Personal Loan,299800.0,12,14.48,26985.93,0.26,0.0,0,2022-03-15,Approved,No,,0
LN000081,Anil Patel,Male,64.0,Single,BR008,Business Owner,2075100.0,759.0,0,0.0,Education Loan,1558700.0,60,10.41,33433.09,0.19,0.0,0,2025-02-18,Approved,No,,0
LN005471,Sai Naidu,Male,23.0,Single,BR005,Salaried,305300.0,663.0,0,0.0,Education Loan,294700.0,120,11.37,4121.46,0.16,0.0,0,2023-08-14,Approved,Yes,2024-03-04,8
LN000432,Pooja Agarwal,Female,,Married,BR009,Business Owner,156600.0,726.0,0,0.0,Personal Loan,35600.0,12,13.74,3192.07,0.24,0.0,1,2025-07-27,Approved,No,,0
LN000656,Rekha Das,Female,,Married,BR016,Business Owner,1655600.0,745.0,1,7399.87,Education Loan,1033400.0,36,10.55,33612.39,0.3,0.0,0,2022-08-25,Approved,No,,0
LN003039,Sneha Chatterjee,Female,33.0,Single,BR001,Salaried,867900.0,664.0,0,0.0,Personal Loan,160400.0,48,14.36,4412.19,0.06,0.0,0,2022-07-30,Approved,No,,0
LN001831,Reyansh Reddy,Male,48.0,Single,BR007,Salaried,,545.0,0,0.0,Personal Loan,176900.0,24,15.55,0.0,0.3,0.0,1,2023-03-14,Rejected,No,,0
LN000519,Ishaan Singh,Male,34.0,Single,BR002,Salaried,332500.0,728.0,2,5932.46,Home Loan,1643800.0,120,8.72,20574.69,0.96,2012300.0,0,2024-06-26,Approved,No,,0
LN001470,Ishaan Reddy,Male,44.0,Married,BR004,Salaried,602000.0,676.0,1,1785.67,Home Loan,2432300.0,240,9.24,22260.87,0.48,2765300.0,0,2022-09-06,Approved,No,,0
LN000997,Nikhil Bhatt,Male,39.0,Married,BR011,Unemployed,90000.0,541.0,0,0.0,Home Loan,432200.0,120,10.59,0.0,0.78,587900.0,1,2023-10-10,Rejected,No,,0
LN001943,Aadhya Malhotra,Female,47.0,Married,BR004,Salaried,964200.0,702.0,1,5468.76,Personal Loan,213500.0,12,13.98,19167.54,0.31,0.0,0,2022-08-03,Approved,No,,0
LN000760,Rahul Kapoor,Male,38.0,Single,BR008,Salaried,510000.0,750.0,2,6575.47,Personal Loan,54100.0,24,13.5,2584.74,0.22,0.0,0,2025-02-05,Approved,No,,0
LN004717,Neha Agarwal,Female,32.0,Married,BR016,Salaried,279100.0,843.0,1,1014.88,Home Loan,1276300.0,240,7.57,10336.48,0.49,1429200.0,0,2023-01-14,Approved,No,,0
LN000279,Manish Bhatt,Male,24.0,Married,BR007,Self-Employed,1266500.0,648.0,0,0.0,Personal Loan,277300.0,24,14.52,0.0,0.13,0.0,1,2025-01-30,Rejected,No,,0
LN000747,Suresh Singh,Male,54.0,Single,BR011,Salaried,565400.0,588.0,1,4635.63,Business Loan,1401100.0,60,13.62,0.0,0.78,1793400.0,2,2024-07-16,Rejected,No,,0
LN000628,Nikhil Agarwal,Male,53.0,Single,BR006,Self-Employed,335600.0,722.0,1,1819.08,Education Loan,227500.0,84,10.78,3869.09,0.2,0.0,2,2024-01-30,Approved,Yes,2025-12-23,45
LN002597,Ishita Reddy,Female,38.0,Married,BR005,Self-Employed,318600.0,790.0,0,0.0,Auto Loan,354000.0,36,9.1,11273.59,0.42,0.0,0,2022-08-19,Approved,No,,0
LN004807,Aditya Agarwal,Male,,Married,BR008,Salaried,585100.0,711.0,2,7955.36,Home Loan,2285100.0,180,8.89,23027.71,0.64,2610100.0,1,2023-01-24,Approved,No,,0
LN003088,Vivaan Chauhan,Male,21.0,Married,BR006,Salaried,251200.0,617.0,0,0.0,Home Loan,1450700.0,120,9.83,19034.8,0.91,1772000.0,2,2025-11-09,Approved,No,,0
LN005407,Suresh Reddy,Male,58.0,Single,BR009,Salaried,837200.0,491.0,2,6725.99,Personal Loan,377900.0,12,16.09,34303.29,0.59,0.0,1,2022-09-12,Approved,No,,0
LN005121,Amit Nair,Male,45.0,Single,BR012,Salaried,681600.0,802.0,1,11222.17,Personal Loan,247900.0,12,12.98,22139.43,0.59,0.0,0,2023-11-07,Approved,Yes,2024-01-17,149
LN000257,Aarav Das,Male,45.0,Married,BR005,Salaried,326600.0,481.0,2,6695.38,Education Loan,305800.0,120,13.19,0.0,0.42,0.0,0,2023-07-22,Rejected,No,,0
LN003462,Sai Kapoor,Male,42.0,Married,BR010,Salaried,436500.0,744.0,2,4019.4,Home Loan,1613200.0,120,8.56,0.0,0.66,1945800.0,1,2022-10-30,Rejected,No,,0
LN001197,Vivaan Joshi,Male,37.0,Single,BR018,Salaried,997900.0,597.0,0,0.0,Personal Loan,566900.0,12,15.03,51175.46,0.62,0.0,2,2022-02-28,Approved,No,,0
LN003657,Rohan Patel,Male,29.0,Divorced,BR013,Self-Employed,458800.0,464.0,2,6350.73,Business Loan,766300.0,60,14.86,18173.96,0.64,1038200.0,1,2024-01-30,Approved,Yes,2025-05-09,6
LN002288,Vihaan Verma,Male,32.0,Married,BR003,Business Owner,246000.0,663.0,0,0.0,Personal Loan,62500.0,36,14.37,2147.35,0.1,0.0,0,2024-02-05,Approved,No,,0
LN003216,Nikhil Joshi,Male,47.0,Single,BR015,Salaried,651500.0,854.0,1,533.52,Personal Loan,317900.0,36,12.46,10628.81,0.21,0.0,0,2024-09-17,Approved,No,,0
LN000056,Vikram Das,Male,34.0,Married,BR011,Salaried,338300.0,780.0,0,0.0,Gold Loan,76800.0,6,8.7,13126.76,0.47,105300.0,0,2024-12-09,Approved,No,,0
LN004789,Anil Verma,Male,41.0,Single,BR005,Salaried,572900.0,749.0,0,0.0,Home Loan,2865300.0,300,8.51,23091.48,0.48,2869200.0,1,2023-05-04,Approved,No,,0
LN004732,Aditya Iyer,Male,26.0,Married,BR002,Salaried,466600.0,582.0,0,0.0,Home Loan,1606600.0,120,10.18,21391.8,0.55,2173500.0,1,2025-12-11,Approved,No,,0
LN004032,Ananya Das,Female,51.0,Married,BR005,Self-Employed,169100.0,717.0,0,0.0,Home Loan,988300.0,240,8.83,8784.23,0.62,1242100.0,0,2022-09-12,Approved,No,,0
LN001982,Aditya Rao,Male,21.0,Divorced,BR008,Self-Employed,660000.0,501.0,1,11393.68,Home Loan,2065700.0,240,10.99,0.0,0.59,2129200.0,1,2022-03-27,Rejected,No,,0
LN000974,Priya Chatterjee,Female,21.0,Married,BR017,Salaried,494600.0,856.0,1,9146.53,Auto Loan,262600.0,84,8.44,4150.74,0.32,0.0,2,2023-05-31,Approved,No,,0
LN002164,Rahul Chatterjee,Male,30.0,Married,BR017,Self-Employed,503500.0,650.0,1,664.63,Home Loan,1672300.0,120,9.5,21639.15,0.53,2090600.0,0,2023-01-01,Approved,No,,0
LN003019,Shreya Singh,Female,43.0,Married,BR009,Salaried,,860.0,1,10065.14,Business Loan,934100.0,36,10.9,0.0,0.94,1230900.0,0,2024-01-04,Rejected,No,,0
LN004525,Sai Mehta,Male,27.0,Single,BR005,Salaried,434700.0,754.0,0,0.0,Auto Loan,486400.0,36,9.46,15571.73,0.43,0.0,0,2022-02-07,Approved,No,,0
LN003806,Ishita Mehta,Female,30.0,Divorced,BR005,Business Owner,435900.0,615.0,2,4128.49,Home Loan,1600700.0,120,9.85,21020.63,0.69,2077100.0,1,2023-05-07,Approved,No,,0
LN004638,Vivaan Bhatt,Male,49.0,Divorced,BR003,Salaried,239900.0,677.0,2,3367.6,Home Loan,1002400.0,120,9.23,12823.09,0.81,1200100.0,0,2024-11-26,Approved,No,,0
LN005175,Saanvi Patel,Female,43.0,Married,BR017,Self-Employed,465900.0,732.0,0,0.0,Auto Loan,292000.0,36,9.68,0.0,0.24,0.0,0,2024-01-19,Rejected,No,,0
LN004595,Saanvi Verma,Female,43.0,Single,BR005,Salaried,211700.0,703.0,1,1846.04,Home Loan,931700.0,180,8.97,9433.3,0.64,1042600.0,0,2024-02-08,Approved,No,,0
LN002763,Ishita Gupta,Female,42.0,Married,BR018,Salaried,717000.0,692.0,1,9090.92,Home Loan,4016300.0,180,9.08,40927.35,0.84,4410700.0,1,2022-06-02,Approved,Yes,2025-10-19,14
LN005147,Shreya Agarwal,Female,55.0,Married,BR005,Self-Employed,229500.0,650.0,0,0.0,Business Loan,288300.0,84,13.0,5244.74,0.27,376200.0,2,2022-12-01,Approved,Yes,2025-06-24,28
LN004290,Aditya Sharma,Male,23.0,Single,BR014,Salaried,388800.0,826.0,0,0.0,Personal Loan,121600.0,36,12.74,4081.97,0.13,0.0,0,2024-02-15,Approved,No,,0
LN003024,Reyansh Mehta,Male,35.0,Single,BR002,Self-Employed,181000.0,841.0,0,0.0,Home Loan,641000.0,300,7.59,4774.52,0.32,726200.0,0,2023-08-14,Approved,No,,0
LN000248,Aditya Das,Male,27.0,Single,BR009,Salaried,335000.0,600.0,1,2252.35,Personal Loan,184300.0,12,15.0,16634.61,0.68,0.0,1,2022-06-19,Approved,No,,0
LN000710,Shreya Agarwal,Female,21.0,Single,BR010,Salaried,324400.0,656.0,1,4169.87,Personal Loan,109700.0,48,14.44,3021.98,0.27,0.0,0,2024-12-20,Approved,Yes,2025-10-12,40
LN000896,Rajesh Agarwal,Male,38.0,Married,BR012,Business Owner,332900.0,666.0,0,0.0,Personal Loan,147100.0,48,14.34,4044.86,0.15,0.0,0,2022-04-15,Approved,No,,0
LN004974,Sneha Nair,Female,32.0,Married,BR008,Salaried,,661.0,2,5026.61,Home Loan,1265200.0,120,9.39,16295.28,0.89,1619100.0,0,2023-04-02,Approved,No,,0
LN000061,Swati Mehta,Female,37.0,Married,BR011,Salaried,287100.0,584.0,1,878.68,Personal Loan,165100.0,24,15.16,8017.7,0.37,0.0,1,2024-07-26,Approved,No,,0
LN000249,Anil Malhotra,Male,47.0,Single,BR017,Self-Employed,431400.0,671.0,2,351.62,Business Loan,274500.0,84,12.79,0.0,0.15,345400.0,1,2024-02-14,Rejected,No,,0
LN002489,Amit Das,Male,24.0,Married,BR003,Salaried,462100.0,765.0,0,0.0,Home Loan,2302500.0,300,8.35,18308.19,0.48,2685000.0,1,2024-06-15,Approved,No,,0
LN002485,Reyansh Iyer,Male,34.0,Single,BR007,Salaried,618300.0,633.0,0,0.0,Auto Loan,569200.0,36,10.67,0.0,0.36,0.0,0,2025-03-17,Rejected,No,,0
LN001080,Rohan Joshi,Male,50.0,Married,BR002,Unemployed,172700.0,765.0,0,0.0,Business Loan,413600.0,84,11.85,7268.03,0.51,508600.0,1,2023-10-18,Approved,No,,0
LN003794,Karthik Singh,Male,36.0,Married,BR002,Salaried,586200.0,564.0,1,1791.09,Home Loan,1974700.0,180,10.36,21657.24,0.48,1975100.0,2,2025-04-28,Approved,No,,0
LN002056,Rahul Bhatt,Male,49.0,Married,BR004,Self-Employed,785500.0,796.0,1,3769.66,Personal Loan,316000.0,24,13.04,0.0,0.29,0.0,1,2023-04-15,Rejected,No,,0
LN001202,Rekha Malhotra,Female,49.0,Married,BR006,Salaried,640200.0,752.0,0,0.0,Auto Loan,301000.0,60,9.48,6318.62,0.12,0.0,1,2025-10-21,Approved,Yes,2025-11-24,47
LN002956,Rajesh Reddy,Male,42.0,Married,BR003,Salaried,228800.0,810.0,0,0.0,Personal Loan,46700.0,48,12.9,1250.53,0.07,0.0,0,2024-11-24,Approved,No,,0
LN002465,Rahul Naidu,Male,39.0,Single,BR009,Salaried,473200.0,623.0,2,8262.0,Home Loan,1914900.0,180,9.77,20309.01,0.72,2110100.0,2,2022-08-30,Approved,No,,0
LN002786,Nikhil Chatterjee,Male,31.0,Married,BR002,Self-Employed,285600.0,631.0,2,4714.32,Auto Loan,149100.0,48,10.69,0.0,0.36,0.0,1,2024-11-01,Rejected,No,,0
LN001523,Aarav Verma,Male,44.0,Single,BR003,Salaried,620300.0,672.0,1,7792.81,Personal Loan,322000.0,24,14.28,0.0,0.45,0.0,0,2023-06-10,Rejected,No,,0
LN003558,Ishita Iyer,Female,46.0,Married,BR007,Salaried,973500.0,740.0,0,0.0,Personal Loan,193900.0,12,13.6,17373.25,0.21,0.0,0,2022-06-20,Approved,Yes,2022-11-07,86
LN000464,Aditya Joshi,Male,40.0,Single,BR002,Salaried,476300.0,639.0,2,1618.31,Personal Loan,70200.0,12,14.61,6323.22,0.2,0.0,1,2022-06-19,Approved,No,,0
LN001170,Sunita Kapoor,Female,52.0,Single,BR006,Salaried,229600.0,730.0,0,0.0,Business Loan,191300.0,84,12.2,3397.46,0.18,232100.0,0,2025-12-05,Approved,No,,0
LN003367,Swati Naidu,Female,44.0,Married,BR002,Salaried,387400.0,674.0,0,0.0,Home Loan,1641200.0,180,9.26,16900.94,0.52,1967100.0,0,2025-07-15,Approved,No,,0
LN000088,Deepak Patel,Male,46.0,Single,BR018,Salaried,351400.0,680.0,0,0.0,Personal Loan,73700.0,36,14.2,2526.06,0.09,0.0,0,2023-01-06,Approved,Yes,2024-12-30,29
LN005318,Vivaan Singh,Male,36.0,Divorced,BR003,Self-Employed,454100.0,509.0,0,0.0,Home Loan,2671800.0,300,10.91,0.0,0.69,3205300.0,3,2022-01-05,Rejected,No,,0
LN000641,Sneha Sharma,Female,21.0,Single,BR014,Salaried,,813.0,0,0.0,Gold Loan,25000.0,6,8.37,4268.97,0.25,34400.0,0,2022-01-04,Approved,No,,0
LN004012,Sunita Gupta,Female,43.0,Married,BR012,Salaried,327600.0,689.0,2,3255.24,Auto Loan,338600.0,48,10.11,0.0,0.43,0.0,1,2023-09-07,Rejected,No,,0
LN000962,Amit Joshi,Male,28.0,Single,BR001,Business Owner,1496900.0,778.0,0,0.0,Education Loan,1322500.0,120,10.22,17638.45,0.14,0.0,0,2024-07-24,Approved,No,,0
LN002380,Amit Das,Male,32.0,Married,BR001,Self-Employed,454400.0,726.0,0,0.0,Personal Loan,249200.0,12,13.74,0.0,0.59,0.0,0,2023-03-25,Rejected,No,,0
LN004718,Deepak Sharma,Male,55.0,Single,BR002,Business Owner,940300.0,704.0,0,0.0,Home Loan,4738600.0,240,8.96,42512.59,0.54,6188600.0,0,2025-09-24,Approved,No,,0
LN002236,Vihaan Agarwal,Male,32.0,Married,BR016,Business Owner,657200.0,709.0,1,9495.34,Home Loan,3798400.0,300,8.91,31642.26,0.75,3898300.0,1,2023-07-21,Approved,No,,0
LN001477,Pooja Malhotra,Female,41.0,Married,BR005,Business Owner,1208700.0,596.0,1,13253.3,Home Loan,6160200.0,120,10.04,81544.01,0.94,6415600.0,0,2022-06-26,Approved,No,,0
LN004775,Arjun Joshi,Male,42.0,Married,BR018,Salaried,1190500.0,783.0,0,0.0,Gold Loan,153300.0,6,8.67,26199.97,0.26,196500.0,1,2025-07-27,Approved,No,,0
LN004230,Sunita Bhatt,Female,30.0,Married,BR005,Salaried,632400.0,633.0,1,4120.17,Home Loan,2263300.0,180,9.67,0.0,0.53,2556900.0,2,2025-01-02,Rejected,No,,0
LN002029,Saanvi Sharma,Female,41.0,Married,BR005,Salaried,594000.0,679.0,1,11128.77,Business Loan,1130200.0,60,12.71,25548.05,0.74,1502200.0,0,2024-04-27,Approved,No,,0
LN000270,Aditya Bhatt,Male,41.0,Married,BR007,Self-Employed,210500.0,662.0,0,0.0,Auto Loan,96500.0,36,10.38,0.0,0.18,0.0,3,2022-01-15,Rejected,No,,0
LN003555,Sai Das,Male,43.0,Married,BR001,Self-Employed,389000.0,737.0,1,3726.37,Education Loan,172900.0,120,10.63,2345.63,0.19,0.0,0,2023-07-03,Approved,No,,0
LN000544,Aadhya Patel,Female,26.0,Single,BR001,Salaried,181800.0,836.0,1,1450.26,Personal Loan,62900.0,36,12.64,2108.46,0.23,0.0,0,2023-04-09,Approved,No,,0
LN003554,Kritika Reddy,Female,30.0,Single,BR001,Self-Employed,544800.0,621.0,0,0.0,Home Loan,2510500.0,300,9.79,22442.35,0.49,3311000.0,2,2023-02-11,Approved,No,,0
LN003894,Divya Bhatt,Female,32.0,Married,BR016,Unemployed,154400.0,755.0,1,1035.56,Personal Loan,40400.0,36,13.45,0.0,0.19,0.0,2,2023-11-18,Rejected,No,,0
LN002153,Suresh Singh,Male,37.0,Single,BR001,Business Owner,193400.0,801.0,1,3421.83,Home Loan,893700.0,120,7.99,0.0,0.88,1075700.0,1,2025-10-01,Rejected,No,,0
LN001213,Swati Bhatt,Female,36.0,Single,BR015,Self-Employed,267800.0,859.0,0,0.0,Home Loan,1328300.0,240,7.41,10627.71,0.48,1491500.0,0,2023-01-11,Approved,No,,0
LN005065,Arjun Chauhan,Male,24.0,Married,BR012,Salaried,315900.0,688.0,1,4033.67,Personal Loan,53600.0,48,14.12,1467.93,0.21,0.0,0,2025-01-11,Approved,No,,0
LN003510,Aadhya Pillai,Female,40.0,Single,BR007,Salaried,312400.0,636.0,0,0.0,Home Loan,1126200.0,300,9.64,9949.39,0.38,1369800.0,2,2024-01-21,Approved,Yes,2024-07-22,172
LN002283,Ishaan Iyer,Male,21.0,Single,BR006,Self-Employed,320900.0,,1,1243.67,Auto Loan,220900.0,84,9.19,3575.41,0.18,0.0,0,2025-08-14,Approved,No,,0
LN004282,Ishaan Sharma,Male,39.0,Married,BR010,Salaried,730000.0,594.0,0,0.0,Personal Loan,260600.0,24,15.06,12643.05,0.21,0.0,1,2022-11-04,Approved,No,,0
LN001650,Manish Joshi,Male,39.0,Divorced,BR013,Business Owner,591400.0,,0,0.0,Home Loan,3319800.0,120,8.98,42017.9,0.85,3746500.0,0,2023-03-17,Approved,No,,0
LN005426,Swati Sharma,Female,21.0,Married,BR001,Salaried,410800.0,630.0,0,0.0,Personal Loan,60200.0,36,14.7,2078.02,0.06,0.0,2,2024-08-28,Approved,No,,0
LN001649,Anjali Singh,Female,40.0,Married,BR001,Salaried,316400.0,557.0,1,5136.3,Business Loan,769800.0,84,13.93,14396.31,0.74,993700.0,1,2023-03-23,Approved,No,,0
LN001296,Karthik Patel,Male,28.0,Married,BR012,Salaried,343700.0,666.0,1,2782.8,Personal Loan,205600.0,24,14.34,9904.5,0.44,0.0,0,2022-02-23,Approved,No,,0
LN002180,Aditya Naidu,Male,34.0,Single,BR008,Salaried,213000.0,616.0,2,1082.32,Auto Loan,161200.0,60,10.84,0.0,0.26,0.0,5,2024-08-19,Rejected,No,,0
LN005314,Aadhya Singh,Female,40.0,Married,BR010,Salaried,526300.0,806.0,0,0.0,Home Loan,2245100.0,240,7.94,18695.17,0.43,2664500.0,0,2023-04-06,Approved,No,,0
LN003286,Saanvi Malhotra,Female,37.0,Married,BR003,Salaried,437600.0,797.0,1,3028.66,Auto Loan,493700.0,36,9.03,15706.42,0.51,0.0,0,2022-06-04,Approved,No,,0
LN002189,Ishaan Nair,Male,22.0,Single,BR003,Salaried,369500.0,729.0,2,7390.96,Home Loan,1580800.0,300,8.71,12953.51,0.66,1583600.0,2,2025-12-13,Approved,Yes,,131
LN000236,Aditya Verma,Male,46.0,Married,BR005,Salaried,569700.0,854.0,1,2419.68,Auto Loan,6223500.0,48,8.46,10218.75,0.27,0.0,2,2024-11-05,Approved,Yes,2025-11-25,16
LN004035,Swati Iyer,Female,49.0,Divorced,BR006,Self-Employed,248000.0,710.0,0,0.0,Personal Loan,56500.0,12,13.9,0.0,0.25,0.0,0,2025-12-19,Rejected,No,,0
LN001717,Arjun Verma,Male,33.0,Married,BR009,Salaried,407700.0,798.0,1,7831.29,Gold Loan,118000.0,24,8.52,5364.85,0.39,150800.0,0,2022-08-22,Approved,No,,0
LN001408,Rohan Agarwal,Male,45.0,Single,BR001,Salaried,443500.0,729.0,2,1187.8,Education Loan,167500.0,84,10.71,2842.53,0.11,0.0,0,2024-05-11,Approved,No,,0
LN000309,Riya Reddy,Female,48.0,Married,BR009,Salaried,292700.0,781.0,1,1032.71,Business Loan,578600.0,24,11.69,0.0,1.16,675000.0,0,2023-12-25,Rejected,No,,0
LN003888,Ananya Patel,Female,52.0,Single,BR009,Salaried,407200.0,596.0,0,0.0,Education Loan,296400.0,36,12.04,0.0,0.29,0.0,2,2022-06-04,Rejected,No,,0
LN003593,Rahul Chauhan,Male,47.0,Married,BR003,Business Owner,734100.0,620.0,0,0.0,Personal Loan,327000.0,48,14.8,0.0,0.15,0.0,3,2024-02-14,Rejected,No,,0
LN001987,Aditya Pillai,Male,27.0,Married,BR015,Business Owner,3827900.0,900.0,0,0.0,Personal Loan,2227600.0,24,12.0,104860.87,0.33,0.0,0,2023-09-07,Approved,No,,0
LN001949,Vivaan Patel,Male,41.0,Single,BR004,Salaried,485000.0,644.0,0,0.0,Business Loan,1043300.0,84,13.06,19013.72,0.47,1191600.0,0,2025-01-10,Approved,No,,0
LN002544,Manish Sharma,Male,36.0,Single,BR007,Business Owner,835100.0,669.0,2,14666.85,Business Loan,420800.0,36,12.81,14139.94,0.41,463500.0,2,2024-04-22,Approved,No,,0
LN001073,Priya Naidu,Female,28.0,Single,BR005,Salaried,211000.0,629.0,1,1464.25,Auto Loan,108300.0,84,10.71,1837.89,0.19,0.0,0,2025-07-18,Approved,No,,0
LN002369,Sneha Reddy,Female,46.0,Single,BR012,Salaried,807500.0,581.0,1,3118.24,Auto Loan,842300.0,48,11.19,0.0,0.37,0.0,2,2024-03-02,Rejected,No,,0
LN002147,Ishaan Rao,Male,24.0,Married,BR014,Salaried,272700.0,714.0,2,2951.28,Home Loan,1175000.0,300,8.86,9748.16,0.56,1353100.0,0,2025-01-31,Approved,Yes,2025-12-28,154
LN001677,Arjun Chauhan,Male,55.0,Married,BR002,Self-Employed,744800.0,671.0,0,0.0,Home Loan,4150500.0,240,9.29,38120.72,0.61,4897600.0,0,2023-04-14,Approved,No,,0
LN002513,Amit Kapoor,Male,37.0,Married,BR008,Business Owner,539500.0,726.0,2,5985.6,Gold Loan,49500.0,24,9.24,2266.85,0.18,67100.0,0,2025-01-27,Approved,No,,0
LN001759,Kritika Agarwal,Female,21.0,Single,BR005,Salaried,370600.0,589.0,0,0.0,Auto Loan,238500.0,60,11.11,5198.66,0.17,0.0,1,2024-08-31,Approved,No,,0
LN004307,Suresh Mehta,Male,53.0,Single,BR014,Self-Employed,555400.0,773.0,1,5559.11,Education Loan,274900.0,84,10.27,4602.11,0.22,0.0,1,2024-03-13,Approved,No,,0
LN000542,Nikhil Iyer,Male,61.0,Single,BR007,Salaried,245900.0,716.0,1,2981.59,Auto Loan,201100.0,60,9.84,4256.97,0.35,0.0,1,2024-01-29,Approved,No,,0
LN001917,Kavya Verma,Female,35.0,Married,BR007,Salaried,864700.0,621.0,2,14243.63,Personal Loan,338600.0,24,14.79,16383.82,0.43,0.0,1,2025-07-12,Approved,No,,0
LN000221,Krishna Chauhan,Male,34.0,Single,BR008,Salaried,577300.0,674.0,0,0.0,Home Loan,1889900.0,180,9.26,19462.03,0.4,2378000.0,1,2025-10-04,Approved,No,,0
LN002113,Swati Reddy,Female,44.0,Married,BR007,Salaried,423900.0,591.0,1,4708.35,Auto Loan,391000.0,36,11.09,12817.51,0.5,0.0,1,2022-01-08,Approved,No,,0
LN000807,Krishna Reddy,Male,46.0,Divorced,BR008,Business Owner,810700.0,759.0,2,8584.59,Auto Loan,776700.0,36,9.41,0.0,0.49,0.0,0,2022-08-01,Rejected,No,,0
LN004767,Reyansh Gupta,Male,42.0,Married,BR010,Salaried,912600.0,677.0,0,0.0,Personal Loan,331800.0,36,14.23,0.0,0.15,0.0,4,2022-09-10,Rejected,No,,0
LN003785,Vivaan Rao,Male,30.0,Married,BR004,Salaried,271700.0,754.0,2,2822.58,Home Loan,1218300.0,180,8.46,0.0,0.65,1328000.0,2,2024-10-21,Rejected,No,,0
LN004364,Arjun Singh,Male,32.0,Married,BR012,Salaried,455800.0,589.0,2,7541.68,Home Loan,2234700.0,240,10.11,21728.46,0.77,2515500.0,1,2023-12-12,Approved,Yes,2024-10-15,19
LN002455,Riya Chauhan,Female,57.0,Single,BR007,Salaried,,741.0,1,3712.96,Business Loan,549600.0,60,12.09,12250.56,0.55,696300.0,2,2024-06-04,Approved,No,,0
LN003646,Diya Nair,Female,22.0,Single,BR009,Self-Employed,702100.0,599.0,1,8168.68,Education Loan,326700.0,36,12.01,10852.68,0.33,0.0,0,2025-01-11,Approved,No,,0
LN000307,Pooja Iyer,Female,46.0,Single,BR011,Salaried,541600.0,727.0,0,0.0,Home Loan,2680300.0,180,8.73,26756.57,0.59,3611900.0,0,2023-03-11,Approved,No,,0
LN000485,Ishita Sharma,Female,30.0,Married,BR011,Salaried,546700.0,663.0,1,10062.62,Personal Loan,173500.0,48,14.37,4773.41,0.33,0.0,1,2024-11-23,Approved,Yes,2025-07-08,35
LN000338,Manish Joshi,Male,52.0,Married,BR009,Business Owner,2797800.0,655.0,0,0.0,Personal Loan,898600.0,48,14.45,24758.9,0.11,0.0,2,2024-06-01,Approved,No,,0
LN005007,Pooja Sharma,Female,32.0,Married,BR004,Business Owner,1463800.0,687.0,3,25283.54,Education Loan,1381100.0,120,11.13,19126.43,0.36,0.0,0,2023-08-13,Approved,No,,0
LN001483,Reyansh Naidu,Male,40.0,Married,BR004,Salaried,315000.0,734.0,1,4088.96,Home Loan,1050300.0,300,8.66,8570.85,0.48,1384700.0,0,2024-03-21,Approved,Yes,2024-07-02,130
LN004046,Amit Agarwal,Male,40.0,Married,BR007,Self-Employed,608100.0,668.0,0,0.0,Personal Loan,113800.0,24,14.32,5481.09,0.11,0.0,0,2025-03-16,Approved,No,,0
LN000941,Amit Patel,Male,61.0,Married,BR013,Business Owner,510700.0,740.0,1,9991.51,Home Loan,3028200.0,240,8.6,26471.4,0.86,3998900.0,0,2024-09-19,Approved,No,,0
LN000701,Deepak Chauhan,Male,32.0,Married,BR003,Salaried,409800.0,707.0,2,6558.05,Education Loan,251700.0,120,10.93,0.0,0.29,0.0,1,2022-04-25,Rejected,No,,0
LN002995,Diya Gupta,Female,36.0,Single,BR010,Salaried,270100.0,690.0,2,544.23,Business Loan,352200.0,36,12.6,0.0,0.55,470300.0,1,2022-11-19,Rejected,No,,0
LN001597,Deepak Naidu,Male,21.0,Married,BR005,Self-Employed,255100.0,733.0,0,0.0,Education Loan,254200.0,36,10.67,0.0,0.39,0.0,0,2023-09-06,Rejected,No,,0
LN002546,Vihaan Kapoor,Male,21.0,Single,BR002,Business Owner,957300.0,642.0,1,17002.82,Business Loan,1139600.0,24,13.08,54221.49,0.89,1292500.0,2,2022-08-16,Approved,No,,0
LN005094,Nikhil Malhotra,Male,41.0,Married,BR011,Salaried,231800.0,719.0,1,3083.67,Education Loan,220900.0,84,10.81,3760.31,0.35,0.0,0,2024-10-27,Approved,No,,0
LN001324,Sneha Joshi,Female,39.0,Single,BR010,Salaried,421200.0,624.0,0,0.0,Personal Loan,241500.0,36,14.76,8343.32,0.24,0.0,0,2024-11-11,Approved,No,,0
LN004863,Aditya Rao,Male,32.0,Single,BR001,Self-Employed,505600.0,717.0,1,9095.79,Personal Loan,173800.0,36,13.83,0.0,0.36,0.0,2,2025-07-24,Rejected,No,,0
LN005344,Neha Verma,Female,32.0,Married,BR018,Salaried,711200.0,621.0,1,11731.55,Gold Loan,146900.0,12,10.29,12934.67,0.42,161800.0,1,2024-04-14,Approved,Yes,2024-07-14,21
LN004838,Vikram Verma,Male,40.0,Married,BR014,Salaried,479500.0,676.0,1,9471.41,Auto Loan,507700.0,36,10.24,16439.32,0.65,0.0,0,2025-09-05,Approved,No,,0
LN002030,Swati Gupta,Female,30.0,Single,BR009,Salaried,602500.0,615.0,1,11127.86,Personal Loan,279800.0,12,14.85,25234.48,0.72,0.0,0,2025-08-02,Approved,No,,0
LN001254,Meera Reddy,Female,53.0,Married,BR003,Salaried,440000.0,668.0,0,0.0,Home Loan,2428400.0,300,9.32,20913.8,0.57,3245800.0,1,2023-01-30,Approved,No,,0
LN004451,Anjali Mehta,Female,21.0,Married,BR007,Self-Employed,1081100.0,612.0,2,15071.04,Education Loan,426000.0,120,11.88,0.0,0.23,0.0,0,2025-12-09,Rejected,No,,0
LN004698,Vihaan Iyer,Male,44.0,Married,BR012,Salaried,629200.0,881.0,0,0.0,Auto Loan,542900.0,36,8.19,17060.14,0.33,0.0,0,2024-03-06,Approved,No,,0
LN003685,Vikram Das,Male,23.0,Married,BR012,Business Owner,216300.0,658.0,0,0.0,Education Loan,143300.0,120,11.42,0.0,0.11,0.0,1,2025-12-04,Rejected,No,,0
LN005309,Rahul Sharma,Male,55.0,Single,BR003,Self-Employed,615600.0,579.0,1,2630.14,Gold Loan,32600.0,24,10.71,1515.03,0.08,34200.0,1,2022-07-13,Approved,Yes,2024-03-17,16
LN000238,Vivaan Pillai,Male,41.0,Married,BR004,Salaried,,798.0,1,3024.29,Education Loan,140500.0,60,10.02,2986.59,0.2,0.0,0,2025-08-28,Approved,No,,0
LN000642,Karthik Naidu,Male,26.0,Married,BR016,Self-Employed,451500.0,569.0,1,2305.67,Home Loan,1456400.0,240,10.31,0.0,0.44,1795400.0,0,2025-05-11,Rejected,No,,0
LN000006,Diya Gupta,Female,27.0,Single,BR005,Salaried,1160300.0,840.0,0,0.0,Home Loan,6586800.0,120,7.6,78530.69,0.81,8644300.0,1,2022-03-17,Approved,No,,0
LN001854,Deepak Das,Male,35.0,Single,BR011,Business Owner,1152900.0,704.0,0,0.0,Education Loan,997200.0,60,10.96,21661.66,0.23,0.0,0,2023-03-06,Approved,No,,0
LN002586,Rahul Verma,Male,29.0,Married,BR001,Salaried,439900.0,688.0,1,1585.69,Auto Loan,444500.0,48,10.12,11299.3,0.35,0.0,0,2025-08-03,Approved,No,,0
LN000604,Geeta Das,Female,39.0,Single,BR001,Self-Employed,481800.0,592.0,1,6403.63,Personal Loan,177400.0,24,15.08,0.0,0.37,0.0,1,2022-01-23,Rejected,No,,0
LN003563,Reyansh Kapoor,Male,39.0,Single,BR014,Salaried,348800.0,548.0,0,0.0,Home Loan,1168000.0,240,10.52,11676.77,0.4,1181900.0,0,2023-04-09,Approved,No,,0
LN002507,Aarav Nair,Male,43.0,Single,BR007,Salaried,492100.0,627.0,1,3612.43,Business Loan,565200.0,84,13.23,10352.9,0.34,620600.0,1,2025-07-24,Approved,No,,0
LN003176,Kavya Joshi,Female,21.0,Married,BR001,Business Owner,113900.0,705.0,3,752.13,Auto Loan,64800.0,60,9.95,1375.21,0.22,0.0,0,2025-12-10,Approved,No,,0
LN001442,Sunita Sharma,Female,50.0,Single,BR009,Salaried,421400.0,705.0,0,0.0,Home Loan,2056800.0,180,8.95,20800.3,0.59,2686200.0,0,2025-03-22,Approved,No,,0
LN005106,Vihaan Pillai,Male,32.0,Married,BR005,Salaried,496000.0,768.0,0,0.0,Personal Loan,189100.0,36,13.32,0.0,0.15,0.0,0,2024-10-06,Rejected,No,,0
LN003790,Aditya Naidu,Male,50.0,Single,BR012,Salaried,491500.0,541.0,0,0.0,Education Loan,205700.0,36,12.59,6890.29,0.17,0.0,2,2023-01-13,Approved,No,,0
LN002518,Manish Chatterjee,Male,28.0,Married,BR004,Salaried,359100.0,757.0,1,4894.79,Personal Loan,173300.0,48,13.43,4686.28,0.32,0.0,1,2023-01-18,Approved,Yes,2023-02-20,148
LN002655,Riya Das,Female,33.0,Divorced,BR010,Business Owner,381600.0,532.0,0,0.0,Home Loan,2264300.0,180,10.68,25282.81,0.8,2997800.0,2,2025-03-17,Approved,No,,0
LN003520,Vivaan Verma,Male,29.0,Married,BR017,Business Owner,519100.0,537.0,2,5402.56,Education Loan,480300.0,84,12.63,0.0,0.32,0.0,4,2024-07-20,Rejected,No,,0
LN004391,Ishaan Agarwal,Male,27.0,Married,BR015,Self-Employed,214400.0,649.0,0,0.0,Home Loan,1063100.0,240,9.51,9916.43,0.56,1450800.0,0,2023-06-16,Approved,No,,0
LN000450,Sunita Patel,Female,32.0,Single,BR007,Salaried,323300.0,610.0,0,0.0,Personal Loan,66200.0,48,14.9,1839.04,0.07,0.0,2,2022-08-21,Approved,No,,0
LN003461,Rajesh Chatterjee,Male,47.0,Married,BR001,Salaried,343100.0,711.0,1,4501.8,Home Loan,1282600.0,180,8.89,12925.19,0.61,1699800.0,1,2024-10-22,Approved,Yes,2025-03-09,20
LN004788,Sneha Gupta,Female,32.0,Married,BR009,Salaried,481800.0,552.0,3,5196.93,Personal Loan,258100.0,12,15.48,23354.17,0.71,0.0,1,2022-12-25,Approved,No,,0
LN004978,Aditya Das,Male,44.0,Married,BR003,Business Owner,1709600.0,607.0,1,31223.64,Home Loan,7654400.0,300,9.93,0.0,0.7,8770000.0,1,2025-07-29,Rejected,No,,0
LN002044,Rajesh Joshi,Male,31.0,Single,BR003,Salaried,588100.0,630.0,0,0.0,Business Loan,947000.0,36,13.2,31999.48,0.65,1246500.0,0,2024-12-04,Approved,No,,0
LN004276,Deepak Gupta,Male,48.0,Married,BR009,Business Owner,1395500.0,638.0,1,12381.77,Home Loan,7022700.0,120,9.62,91334.05,0.89,9040800.0,0,2023-08-26,Approved,No,,0
LN000522,Suresh Kapoor,Male,33.0,Single,BR015,Salaried,305700.0,585.0,0,0.0,Auto Loan,336100.0,36,11.15,11027.37,0.43,0.0,1,2024-03-26,Approved,No,,0
LN000036,Ishita Pillai,Female,44.0,Single,BR010,Unemployed,120600.0,780.0,0,0.0,Business Loan,293800.0,84,11.7,5139.36,0.51,330400.0,0,2025-09-29,Approved,Yes,2025-11-11,285
LN000319,Rajesh Joshi,Male,44.0,Single,BR007,Business Owner,234700.0,571.0,0,0.0,Personal Loan,88700.0,48,15.29,2481.65,0.13,0.0,1,2023-01-17,Approved,No,,0
LN001422,Aarav Bhatt,Male,36.0,Married,BR005,Salaried,839600.0,772.0,1,16912.17,Personal Loan,428800.0,48,13.28,11563.31,0.41,0.0,1,2024-06-19,Approved,No,,0
LN004351,Nikhil Verma,Male,49.0,Married,BR002,Business Owner,216600.0,807.0,0,0.0,Business Loan,215100.0,60,11.43,4723.05,0.26,279900.0,0,2025-08-14,Approved,No,,0
LN000344,Sneha Malhotra,Female,31.0,Single,BR009,Salaried,402400.0,683.0,0,0.0,Home Loan,1223500.0,120,9.17,15611.57,0.47,1378200.0,0,2025-07-04,Approved,No,,0
LN001137,Rahul Naidu,Male,43.0,Married,BR002,Business Owner,390300.0,577.0,0,0.0,Business Loan,553000.0,84,13.73,10280.92,0.32,744300.0,1,2022-04-23,Approved,Yes,2024-10-02,2
LN005404,Suresh Chatterjee,Male,41.0,Married,BR003,Salaried,577100.0,813.0,0,0.0,Education Loan,332300.0,36,9.87,10702.12,0.22,0.0,0,2022-09-28,Approved,No,,0
LN002007,Vikram Mehta,Male,50.0,Single,BR001,Salaried,542000.0,662.0,2,5905.43,Education Loan,503400.0,120,11.38,7043.06,0.29,0.0,1,2024-07-06,Approved,Yes,2025-08-21,26
LN004398,Vikram Iyer,Male,36.0,Married,BR011,Business Owner,587700.0,666.0,1,1928.69,Home Loan,2273800.0,120,9.34,29223.6,0.64,2280400.0,0,2025-01-24,Approved,No,,0
LN000196,Sunita Reddy,Female,29.0,Married,BR004,Salaried,703700.0,757.0,1,10781.62,Personal Loan,360100.0,24,13.43,0.0,0.48,0.0,0,2025-01-17,Rejected,No,,0
LN001592,Ishaan Rao,Male,57.0,Single,BR013,Salaried,558800.0,575.0,0,0.0,Business Loan,630900.0,24,13.75,30216.87,0.65,750800.0,2,2024-08-19,Approved,Yes,2025-02-22,70
LN003616,Anil Chatterjee,Male,26.0,Divorced,BR004,Salaried,658300.0,679.0,0,0.0,Personal Loan,271200.0,48,14.21,7439.54,0.14,0.0,0,2022-09-24,Approved,Yes,2025-11-14,36
LN004594,Sneha Reddy,Female,34.0,Married,BR014,Salaried,363300.0,666.0,0,0.0,Personal Loan,147800.0,36,14.34,5075.89,0.17,0.0,0,2024-02-01,Approved,No,,0
LN003549,Neha Reddy,Female,39.0,Single,BR009,Business Owner,545900.0,614.0,0,0.0,Auto Loan,653900.0,48,10.86,0.0,0.37,0.0,2,2024-09-28,Rejected,No,,0
LN000982,Deepak Pillai,Male,,Divorced,BR007,Salaried,363100.0,526.0,0,0.0,Personal Loan,84900.0,48,15.74,0.0,0.08,0.0,2,2022-12-07,Rejected,No,,0
LN004477,Sunita Kapoor,Female,38.0,Married,BR003,Salaried,238200.0,711.0,1,4606.38,Home Loan,1180400.0,120,8.89,14882.63,0.98,1610600.0,0,2022-01-19,Approved,No,,0
LN001126,Aditya Verma,Male,21.0,Divorced,BR003,Salaried,318500.0,677.0,1,1035.11,Personal Loan,77900.0,48,14.23,2137.73,0.12,0.0,0,2025-04-04,Approved,No,,0
LN005036,Rahul Pillai,Male,38.0,Married,BR008,Self-Employed,1147400.0,661.0,0,0.0,Home Loan,4808600.0,180,9.39,0.0,0.52,5462400.0,1,2022-11-09,Rejected,No,,0
LN000367,Ishaan Rao,Male,47.0,Single,BR012,Salaried,480600.0,585.0,0,0.0,Auto Loan,560500.0,48,11.15,14527.28,0.36,0.0,3,2025-03-19,Approved,No,,0
LN003007,Saanvi Joshi,Female,28.0,Married,BR002,Salaried,404400.0,658.0,0,0.0,Home Loan,2018300.0,120,9.42,0.0,0.77,2690400.0,0,2023-11-11,Rejected,No,,0
LN001268,Nikhil Pillai,Male,38.0,Single,BR003,Salaried,266200.0,553.0,1,4351.79,Home Loan,924500.0,180,10.47,10202.23,0.66,967100.0,2,2023-03-07,Approved,No,,0
LN004481,Anil Chauhan,Male,48.0,Married,BR018,Self-Employed,514700.0,697.0,1,5870.02,Gold Loan,96800.0,6,9.53,0.0,0.52,105500.0,2,2024-08-03,Rejected,No,,0
LN004159,Vikram Mehta,Male,47.0,Single,BR003,Business Owner,1443600.0,764.0,1,4041.57,Personal Loan,686400.0,24,13.36,32748.89,0.31,0.0,0,2023-09-29,Approved,No,,0
LN004280,Riya Das,Female,28.0,Married,BR011,Self-Employed,558100.0,537.0,0,0.0,Auto Loan,396700.0,36,11.63,0.0,0.28,0.0,1,2024-03-26,Rejected,No,,0
LN002795,Suresh Joshi,Male,41.0,Married,BR008,Salaried,482100.0,514.0,0,0.0,Auto Loan,459100.0,36,11.86,15218.01,0.38,0.0,2,2025-06-15,Approved,Yes,2025-11-12,106
LN002310,Sunita Nair,Female,41.0,Married,BR008,Business Owner,495500.0,629.0,3,1419.36,Auto Loan,322600.0,60,10.71,6967.54,0.2,0.0,2,2025-05-29,Approved,No,,0
LN002834,Pooja Pillai,Female,51.0,Married,BR018,Salaried,342100.0,812.0,0,0.0,Business Loan,293000.0,60,11.38,6426.2,0.23,352300.0,0,2023-06-05,Approved,No,,0
LN003984,Krishna Chatterjee,Male,46.0,Single,BR018,Salaried,254100.0,627.0,1,1806.71,Gold Loan,25800.0,24,10.23,1193.28,0.14,28100.0,2,2022-09-13,Approved,Yes,2024-05-26,134
LN001077,Pooja Rao,Female,54.0,Married,BR016,Salaried,242900.0,781.0,0,0.0,Home Loan,1429700.0,300,8.19,0.0,0.55,1633400.0,0,2024-11-21,Rejected,No,,0
LN001093,Riya Iyer,Female,38.0,Married,BR016,Business Owner,561900.0,680.0,1,5867.13,Auto Loan,511500.0,48,10.2,13022.15,0.4,0.0,1,2023-04-06,Approved,Yes,2025-07-26,47
LN004756,Kritika Iyer,Female,39.0,Married,BR002,Salaried,407600.0,660.0,0,0.0,Personal Loan,218100.0,24,14.4,10512.87,0.31,0.0,1,2025-11-26,Approved,No,,0
LN004692,Karthik Naidu,Male,31.0,Divorced,BR005,Salaried,669400.0,546.0,0,0.0,Personal Loan,88900.0,24,15.54,0.0,0.08,0.0,0,2025-03-23,Rejected,No,,0
LN000391,Manish Patel,Male,40.0,Married,BR005,Self-Employed,206700.0,778.0,0,0.0,Auto Loan,180100.0,36,9.22,5745.59,0.33,0.0,0,2022-12-09,Approved,No,,0
LN001234,Rohan Iyer,Male,29.0,Married,BR015,Salaried,511400.0,574.0,1,8512.39,Auto Loan,215900.0,36,11.26,7094.9,0.37,0.0,0,2025-01-28,Approved,No,,0
LN000190,Anil Kapoor,Male,50.0,Married,BR004,Salaried,573900.0,489.0,1,8997.66,Auto Loan,328300.0,36,12.11,10921.51,0.42,0.0,2,2025-01-02,Approved,Yes,2025-12-03,11
LN002833,Manish Agarwal,Male,62.0,Married,BR009,Salaried,378100.0,675.0,0,0.0,Business Loan,740700.0,84,12.75,13374.32,0.42,764500.0,0,2022-01-12,Approved,No,,0
LN001571,Deepak Sharma,Male,41.0,Single,BR006,Unemployed,148500.0,705.0,1,1279.83,Personal Loan,73400.0,12,13.95,0.0,0.64,0.0,0,2023-10-23,Rejected,No,,0
LN003890,Krishna Mehta,Male,48.0,Married,BR002,Self-Employed,756500.0,643.0,1,10870.36,Auto Loan,628300.0,36,10.57,0.0,0.5,0.0,2,2022-03-09,Rejected,No,,0
LN000219,Anjali Chatterjee,Female,21.0,Married,BR005,Self-Employed,140400.0,829.0,2,2860.23,Home Loan,654500.0,240,7.71,5356.97,0.7,765100.0,0,2023-09-30,Approved,No,,0
LN002476,Suresh Reddy,Male,57.0,Single,BR010,Salaried,492900.0,735.0,0,0.0,Auto Loan,581400.0,36,9.65,18664.75,0.45,0.0,0,2025-05-11,Approved,No,,0
LN003223,Rahul Naidu,Male,26.0,Divorced,BR015,Salaried,383700.0,682.0,1,60.03,Home Loan,1636700.0,180,9.18,16776.21,0.53,2112900.0,0,2024-09-16,Approved,No,,0
LN000756,Diya Chauhan,Female,,Married,BR009,Business Owner,1645000.0,719.0,1,34057.24,Personal Loan,203500.0,48,13.81,0.0,0.29,0.0,1,2024-04-15,Rejected,No,,0
LN000244,Suresh Joshi,Male,29.0,Married,BR008,Self-Employed,357600.0,785.0,1,2140.91,Personal Loan,69300.0,48,13.15,1864.31,0.13,0.0,0,2024-08-18,Approved,No,,0
LN003384,Neha Joshi,Female,30.0,Single,BR008,Salaried,873800.0,711.0,3,268.52,Gold Loan,60900.0,18,9.39,3640.39,0.05,76800.0,0,2024-03-27,Approved,No,,0
LN001379,Vikram Chauhan,Male,47.0,Single,BR010,Business Owner,295700.0,630.0,1,3863.12,Personal Loan,140100.0,24,14.7,0.0,0.43,0.0,2,2022-08-18,Rejected,No,,0
LN002129,Vihaan Chatterjee,Male,37.0,Single,BR009,Salaried,217900.0,704.0,3,217.19,Personal Loan,87400.0,12,13.96,7845.75,0.44,0.0,0,2024-04-09,Approved,No,,0
LN004935,Aadhya Verma,Female,41.0,Married,BR009,Business Owner,1301400.0,572.0,1,9773.43,Auto Loan,673500.0,84,11.28,0.0,0.2,0.0,3,2023-04-17,Rejected,No,,0
LN003687,Vihaan Agarwal,Male,33.0,Divorced,BR013,Business Owner,192200.0,812.0,2,3233.67,Education Loan,71400.0,60,9.88,1512.83,0.3,0.0,1,2023-02-27,Approved,No,,0
LN004570,Vihaan Rao,Male,40.0,Single,BR017,Salaried,481700.0,633.0,1,2563.95,Personal Loan,227000.0,36,14.67,7832.4,0.26,0.0,2,2022-03-16,Approved,Yes,2024-04-20,50
LN001120,Arjun Gupta,Male,49.0,Married,BR009,Salaried,260900.0,672.0,0,0.0,Personal Loan,115700.0,36,14.28,3970.1,0.18,0.0,0,2023-07-26,Approved,No,,0
LN005243,Rahul Singh,Male,34.0,Single,BR008,Salaried,598600.0,641.0,0,0.0,Home Loan,2337200.0,240,9.59,0.0,0.44,2462200.0,1,2023-03-04,Rejected,No,,0
LN000761,Rahul Gupta,Male,40.0,Single,BR008,Business Owner,1292800.0,670.0,0,0.0,Home Loan,5078700.0,240,9.3,46678.83,0.43,5835800.0,0,2022-04-22,Approved,Yes,2024-08-15,146
LN004830,Rajesh Bhatt,Male,46.0,Single,BR013,Salaried,1032300.0,752.0,1,17939.98,Personal Loan,324800.0,12,13.48,0.0,0.55,0.0,0,2024-03-01,Rejected,No,,0
LN004126,Ananya Malhotra,Female,21.0,Married,BR009,Business Owner,426400.0,633.0,1,2922.67,Home Loan,2165200.0,300,9.67,19173.77,0.62,2756400.0,1,2025-04-17,Approved,No,,0
LN004031,Aditya Chauhan,Male,28.0,Married,BR001,Business Owner,637000.0,705.0,1,3991.56,Home Loan,2985800.0,180,8.95,30195.23,0.64,3101100.0,0,2023-11-14,Approved,No,,0
LN002874,Rohan Iyer,Male,46.0,Married,BR013,Business Owner,659900.0,727.0,3,2501.53,Education Loan,472900.0,60,10.73,10218.43,0.23,0.0,0,2025-01-14,Approved,No,,0
LN004823,Vikram Malhotra,Male,39.0,Married,BR001,Salaried,307400.0,768.0,1,5909.53,Auto Loan,311400.0,84,9.32,5060.86,0.43,0.0,1,2024-11-25,Approved,No,,0
LN005266,Amit Kapoor,Male,35.0,Single,BR006,Salaried,476700.0,742.0,0,0.0,Personal Loan,62000.0,24,13.58,0.0,0.07,0.0,2,2025-01-17,Rejected,No,,0
LN001827,Reyansh Joshi,Male,21.0,Single,BR017,Business Owner,393200.0,666.0,2,107.92,Personal Loan,88100.0,36,14.34,3025.62,0.1,0.0,0,2022-08-08,Approved,No,,0
LN004411,Diya Bhatt,Female,40.0,Married,BR011,Business Owner,305900.0,652.0,1,4561.99,Home Loan,1274300.0,300,9.48,11115.81,0.62,1594600.0,0,2023-04-19,Approved,No,,0
LN001658,Suresh Malhotra,Male,37.0,Single,BR005,Salaried,246100.0,744.0,1,3725.88,Home Loan,770600.0,120,8.56,9579.08,0.65,852200.0,1,2022-07-28,Approved,No,,0
LN001358,Pooja Agarwal,Female,32.0,Married,BR003,Salaried,265400.0,622.0,0,0.0,Home Loan,1371400.0,180,9.78,0.0,0.66,1548100.0,3,2025-08-28,Rejected,No,,0
LN002658,Karthik Verma,Male,39.0,Single,BR012,Business Owner,260800.0,569.0,0,0.0,Auto Loan,251600.0,84,11.31,0.0,0.2,0.0,3,2023-11-25,Rejected,No,,0
LN003995,Anil Joshi,Male,50.0,Married,BR005,Salaried,221900.0,640.0,0,0.0,Home Loan,1207300.0,120,9.6,15688.34,0.85,1231300.0,1,2024-02-29,Approved,No,,0
LN001933,Nikhil Chatterjee,Male,30.0,Married,BR001,Salaried,442500.0,581.0,0,0.0,Auto Loan,306000.0,84,11.19,5270.09,0.14,0.0,0,2025-04-06,Approved,No,,0
LN003531,Rohan Mehta,Male,37.0,Married,BR005,Salaried,485800.0,726.0,2,6944.85,Education Loan,309500.0,60,10.74,0.0,0.34,0.0,0,2022-09-10,Rejected,No,,0
LN000458,Sai Iyer,Male,48.0,Married,BR015,Salaried,,701.0,1,6692.26,Personal Loan,393400.0,12,13.99,0.0,0.61,0.0,0,2025-04-19,Rejected,No,,0
LN000738,Arjun Gupta,Male,26.0,Single,BR007,Business Owner,1430600.0,786.0,3,19735.95,Business Loan,2187500.0,84,11.64,38195.48,0.49,2615700.0,0,2024-04-08,Approved,No,,0
LN000264,Amit Iyer,Male,38.0,Single,BR001,Unemployed,142400.0,614.0,1,2941.54,Gold Loan,28400.0,12,10.36,0.0,0.46,31700.0,0,2022-02-26,Rejected,No,,0
LN003003,Aditya Iyer,Male,37.0,Single,BR018,Business Owner,558700.0,645.0,0,0.0,Education Loan,175400.0,84,11.55,3054.24,0.07,0.0,1,2022-11-09,Approved,No,,0
LN001206,Manish Sharma,Male,47.0,Married,BR018,Salaried,242700.0,669.0,0,0.0,Business Loan,389900.0,36,12.81,13101.62,0.65,427300.0,0,2025-11-04,Approved,No,,0
LN002737,Sneha Patel,Female,49.0,Married,BR012,Salaried,328200.0,520.0,1,484.09,Personal Loan,66600.0,24,15.8,0.0,0.14,0.0,2,2022-04-09,Rejected,No,,0
LN002095,Nikhil Joshi,Male,48.0,Married,BR013,Salaried,145700.0,813.0,0,0.0,Auto Loan,111900.0,48,8.87,0.0,0.23,0.0,1,2024-04-28,Rejected,No,,0
LN001243,Rohan Agarwal,Male,21.0,Married,BR007,Self-Employed,382500.0,803.0,2,7352.16,Personal Loan,67300.0,24,12.97,0.0,0.33,0.0,1,2025-02-25,Rejected,No,,0
LN003420,Sai Chauhan,Male,32.0,Single,BR015,Salaried,388600.0,674.0,2,6817.81,Auto Loan,195400.0,60,10.26,4176.71,0.34,0.0,0,2023-05-31,Approved,No,,0
LN003891,Vihaan Chatterjee,Male,31.0,Married,BR001,Salaried,208100.0,710.0,1,3807.67,Gold Loan,44000.0,18,9.4,2630.37,0.37,58900.0,0,2025-10-14,Approved,No,,0
LN002360,Nikhil Singh,Male,44.0,Married,BR001,Unemployed,90000.0,693.0,0,0.0,Gold Loan,25000.0,6,9.57,0.0,0.57,33300.0,0,2023-05-31,Rejected,No,,0
LN003344,Sunita Iyer,Female,23.0,Married,BR007,Salaried,206000.0,544.0,1,2322.04,Personal Loan,40800.0,12,15.56,3693.33,0.35,0.0,0,2023-01-27,Approved,Yes,2023-03-22,49
LN003505,Diya Joshi,Female,33.0,Married,BR017,Self-Employed,452800.0,708.0,0,0.0,Home Loan,1768200.0,120,8.92,0.0,0.59,1945500.0,1,2024-12-07,Rejected,No,,0
LN002098,Saanvi Das,Female,21.0,Single,BR003,Salaried,627800.0,563.0,1,8668.62,Home Loan,2013900.0,300,10.37,18828.2,0.53,2710500.0,1,2022-04-26,Approved,Yes,2024-10-22,123
LN003184,Amit Chatterjee,Male,29.0,Married,BR010,Salaried,705400.0,772.0,1,4569.4,Auto Loan,601700.0,84,9.28,0.0,0.24,0.0,0,2022-10-25,Rejected,No,,0
LN001479,Anil Reddy,Male,36.0,Married,BR005,Business Owner,625700.0,565.0,0,0.0,Home Loan,2585800.0,120,10.35,34674.67,0.67,2703000.0,2,2022-06-21,Approved,Yes,2025-01-11,134
LN002878,Rahul Malhotra,Male,28.0,Divorced,BR006,Business Owner,,618.0,0,0.0,Education Loan,379100.0,120,11.82,5399.61,0.14,0.0,2,2025-08-25,Approved,Yes,2025-11-21,53
LN000425,Vihaan Das,Male,35.0,Married,BR003,Salaried,1755300.0,719.0,1,23861.04,Auto Loan,1477000.0,36,9.81,0.0,0.49,0.0,0,2024-05-19,Rejected,No,,0
LN000373,Aadhya Chatterjee,Female,32.0,Married,BR008,Business Owner,342000.0,669.0,1,1259.41,Auto Loan,344000.0,84,10.31,5766.06,0.25,0.0,0,2024-09-29,Approved,No,,0
LN002752,Rekha Joshi,Female,40.0,Married,BR004,Salaried,646700.0,561.0,0,0.0,Education Loan,636000.0,84,12.39,11360.22,0.21,0.0,1,2023-08-31,Approved,No,,0
LN001259,Sai Iyer,Male,40.0,Married,BR006,Salaried,298500.0,793.0,2,5609.8,Personal Loan,168100.0,36,13.07,0.0,0.45,0.0,1,2024-10-27,Rejected,No,,0
LN002976,Anil Chatterjee,Male,37.0,Married,BR013,Salaried,696100.0,725.0,0,0.0,Gold Loan,156300.0,6,9.25,0.0,0.46,204500.0,1,2025-07-06,Rejected,No,,0
LN001659,Rahul Malhotra,Male,50.0,Married,BR006,Salaried,383700.0,887.0,0,0.0,Auto Loan,448100.0,60,8.13,9113.76,0.29,0.0,1,2022-04-18,Approved,No,,0
LN001568,Neha Kapoor,Female,40.0,Married,BR004,Salaried,567500.0,489.0,0,0.0,Home Loan,1787400.0,120,11.11,24732.86,0.52,2491900.0,3,2024-02-21,Approved,No,,0
LN000354,Rohan Patel,Male,34.0,Single,BR004,Self-Employed,378100.0,831.0,1,1610.82,Auto Loan,362600.0,36,8.69,0.0,0.42,0.0,0,2025-12-19,Rejected,No,,0
LN001883,Anjali Joshi,Female,43.0,Single,BR005,Salaried,465500.0,647.0,1,7037.71,Home Loan,2378400.0,300,9.53,20829.62,0.72,2792100.0,3,2022-11-08,Approved,No,,0
LN002788,Arjun Patel,Male,38.0,Married,BR007,Salaried,971800.0,640.0,3,1775.65,Personal Loan,480200.0,12,14.6,0.0,0.56,0.0,2,2022-04-06,Rejected,No,,0
LN002483,Vihaan Nair,Male,30.0,Single,BR017,Business Owner,267200.0,617.0,0,0.0,Auto Loan,240200.0,48,10.83,6188.28,0.28,0.0,1,2025-05-11,Approved,No,,0
LN004259,Divya Chauhan,Female,26.0,Married,BR002,Salaried,497500.0,703.0,1,9333.97,Auto Loan,301800.0,36,9.97,9733.99,0.46,0.0,0,2024-01-23,Approved,No,,0
LN004229,Suresh Joshi,Male,36.0,Married,BR007,Salaried,398500.0,777.0,1,2327.82,Gold Loan,51600.0,6,8.73,8820.3,0.34,56100.0,0,2025-11-23,Approved,No,,0
LN004086,Aditya Nair,Male,39.0,Married,BR010,Salaried,509900.0,723.0,0,0.0,Home Loan,2200900.0,120,8.77,27606.85,0.65,2603600.0,0,2022-03-08,Approved,No,,0
LN001601,Aditya Singh,Male,31.0,Married,BR003,Salaried,1089200.0,587.0,0,0.0,Home Loan,5268100.0,180,10.13,57030.98,0.63,7197400.0,2,2022-05-26,Approved,No,,0
LN000092,Rohan Kapoor,Male,40.0,Divorced,BR007,Salaried,432900.0,721.0,1,630.27,Personal Loan,62600.0,48,13.79,0.0,0.06,0.0,0,2025-06-12,Rejected,No,,0
LN001214,Riya Nair,Female,36.0,Divorced,BR009,Salaried,432700.0,693.0,0,0.0,Education Loan,255300.0,36,11.07,8366.66,0.23,0.0,1,2025-11-30,Approved,No,,0
LN003474,Rahul Pillai,Male,21.0,Married,BR016,Salaried,343500.0,569.0,2,689.28,Home Loan,1884100.0,120,10.31,25223.08,0.91,2348200.0,0,2024-10-07,Approved,No,,0
LN004511,Rajesh Iyer,Male,40.0,Married,BR017,Salaried,783400.0,858.0,1,3723.42,Personal Loan,395400.0,12,12.42,0.0,0.6,0.0,0,2024-02-10,Rejected,No,,0
LN004052,Kritika Mehta,Female,47.0,Single,BR016,Salaried,467900.0,612.0,0,0.0,Home Loan,2461400.0,180,9.88,26269.93,0.67,2537200.0,1,2022-07-26,Approved,Yes,2025-07-09,1
LN003097,Krishna Verma,Male,22.0,Married,BR006,Business Owner,390400.0,620.0,2,3497.06,Home Loan,1890900.0,300,9.8,0.0,0.63,2119900.0,4,2023-12-26,Rejected,No,,0
LN004182,Saanvi Patel,Female,35.0,Married,BR010,Salaried,303600.0,724.0,2,5410.88,Gold Loan,25000.0,12,9.26,2189.3,0.3,34500.0,0,2025-04-30,Approved,No,,0
LN002728,Swati Kapoor,Female,29.0,Single,BR008,Self-Employed,359600.0,778.0,0,0.0,Education Loan,176400.0,60,10.22,3767.1,0.13,0.0,0,2023-02-20,Approved,No,,0
LN004623,Karthik Patel,Male,38.0,Single,BR005,Unemployed,125600.0,488.0,0,0.0,Education Loan,59600.0,84,13.12,0.0,0.1,0.0,3,2024-06-05,Rejected,No,,0
LN005427,Vikram Gupta,Male,44.0,Single,BR018,Salaried,374100.0,449.0,0,0.0,Personal Loan,110600.0,12,16.51,10061.54,0.32,0.0,1,2022-09-22,Approved,No,,0
LN000749,Rajesh Kapoor,Male,43.0,Married,BR017,Salaried,561900.0,664.0,0,0.0,Home Loan,2380700.0,240,9.36,0.0,0.47,2859900.0,0,2022-10-06,Rejected,No,,0
LN003058,Neha Agarwal,Female,29.0,Single,BR016,Self-Employed,291300.0,736.0,0,0.0,Auto Loan,118900.0,48,9.64,0.0,0.12,0.0,0,2023-02-05,Rejected,No,,0
LN002106,Rohan Rao,Male,46.0,Married,BR007,Business Owner,1870100.0,553.0,0,0.0,Auto Loan,1830300.0,36,11.47,60329.87,0.39,0.0,1,2024-01-10,Approved,Yes,2024-05-21,178
LN000711,Anil Das,Male,29.0,Married,BR011,Salaried,363400.0,581.0,2,6257.79,Personal Loan,51700.0,24,15.19,2511.43,0.29,0.0,0,2022-03-03,Approved,No,,0
LN003626,Aditya Nair,Male,51.0,Single,BR003,Unemployed,103300.0,690.0,0,0.0,Personal Loan,59900.0,36,14.1,0.0,0.24,0.0,1,2022-07-10,Rejected,No,,0
LN000956,Aarav Singh,Male,44.0,Married,BR011,Salaried,657800.0,633.0,0,0.0,Personal Loan,123500.0,48,14.67,0.0,0.06,0.0,1,2025-02-02,Rejected,No,,0
LN000606,Riya Iyer,Female,35.0,Single,BR003,Self-Employed,637600.0,533.0,0,0.0,Business Loan,738400.0,60,14.17,17246.42,0.32,801800.0,0,2024-11-04,Approved,Yes,2025-10-28,29
LN000459,Kavya Chatterjee,Female,33.0,Single,BR001,Self-Employed,200400.0,862.0,1,2071.51,Home Loan,725200.0,240,7.38,5789.07,0.47,940400.0,0,2024-02-21,Approved,No,,0
LN002622,Ananya Mehta,Female,50.0,Divorced,BR004,Salaried,749400.0,763.0,1,3311.39,Education Loan,654000.0,84,10.37,10982.61,0.23,0.0,0,2025-04-04,Approved,No,,0
LN001161,Ananya Sharma,Female,41.0,Divorced,BR006,Salaried,720600.0,852.0,1,2967.39,Auto Loan,543400.0,36,8.48,17148.76,0.33,0.0,1,2022-03-12,Approved,No,,0
LN001427,Rohan Patel,Male,39.0,Married,BR003,Salaried,396000.0,664.0,1,5330.05,Personal Loan,90800.0,24,14.36,4375.03,0.29,0.0,1,2024-11-21,Approved,Yes,2025-02-28,1
LN001755,Sunita Pillai,Female,32.0,Single,BR004,Self-Employed,229600.0,824.0,0,0.0,Auto Loan,171700.0,36,8.76,0.0,0.28,0.0,0,2025-01-31,Rejected,No,,0
LN000580,Vihaan Agarwal,Male,24.0,Married,BR007,Salaried,203200.0,657.0,2,947.29,Personal Loan,82200.0,12,14.43,7397.14,0.49,0.0,1,2023-09-19,Approved,No,,0
LN001199,Rahul Chatterjee,Male,44.0,Divorced,BR012,Salaried,525300.0,601.0,2,7600.94,Home Loan,2831400.0,120,9.99,37401.48,1.03,3107700.0,2,2023-02-09,Approved,Yes,2023-09-30,187
LN004270,Krishna Mehta,Male,38.0,Married,BR017,Business Owner,455300.0,885.0,1,1339.59,Auto Loan,510500.0,36,8.15,0.0,0.46,0.0,1,2023-04-07,Rejected,No,,0
LN004873,Anjali Joshi,Female,47.0,Single,BR010,Business Owner,844900.0,559.0,1,16929.52,Gold Loan,111800.0,12,10.91,0.0,0.38,126700.0,0,2022-11-09,Rejected,No,,0
LN004438,Pooja Malhotra,Female,28.0,Single,BR007,Salaried,289300.0,740.0,1,2247.38,Home Loan,1301800.0,180,8.6,0.0,0.63,1472900.0,1,2023-12-18,Rejected,No,,0
LN004712,Reyansh Gupta,Male,45.0,Married,BR004,Self-Employed,137100.0,715.0,1,151.21,Business Loan,324800.0,24,12.35,0.0,1.36,414400.0,0,2023-02-14,Rejected,No,,0
LN002335,Rohan Sharma,Male,26.0,Married,BR017,Salaried,414800.0,742.0,1,7495.33,Home Loan,1811700.0,240,8.58,15814.21,0.67,2017800.0,0,2024-12-05,Approved,No,,0
LN003147,Meera Sharma,Female,31.0,Single,BR001,Unemployed,146300.0,771.0,1,130.5,Home Loan,522700.0,300,8.29,4135.21,0.35,673600.0,0,2024-06-15,Approved,No,,0
LN000215,Ananya Agarwal,Female,24.0,Single,BR017,Salaried,664800.0,717.0,0,0.0,Home Loan,2151100.0,180,8.83,21600.89,0.39,2659700.0,0,2025-10-11,Approved,No,,0
LN003033,Sai Pillai,Male,37.0,Divorced,BR007,Salaried,503300.0,634.0,2,6873.55,Gold Loan,112000.0,18,10.16,0.0,0.32,132000.0,0,2025-07-27,Rejected,No,,0
LN002111,Rajesh Agarwal,Male,43.0,Married,BR016,Business Owner,630500.0,651.0,2,4828.04,Auto Loan,498300.0,60,10.49,10707.94,0.3,0.0,0,2025-12-14,Approved,No,,0
LN003636,Rajesh Patel,Male,29.0,Married,BR011,Salaried,533400.0,669.0,0,0.0,Auto Loan,622100.0,84,10.31,10427.51,0.23,0.0,1,2023-12-30,Approved,No,,0
LN005002,Karthik Sharma,Male,33.0,Married,BR017,Business Owner,236900.0,652.0,1,79.77,Auto Loan,205800.0,48,10.48,5267.19,0.27,0.0,1,2024-04-13,Approved,No,,0
LN001235,Riya Chauhan,Female,30.0,Divorced,BR011,Salaried,418100.0,617.0,0,0.0,Business Loan,698200.0,36,13.33,0.0,0.68,735900.0,1,2023-11-06,Rejected,No,,0
LN004042,Kritika Malhotra,Female,36.0,Married,BR008,Business Owner,279400.0,714.0,2,5607.89,Personal Loan,145800.0,36,13.86,4973.19,0.45,0.0,0,2022-09-28,Approved,No,,0
LN001999,Ishita Iyer,Female,47.0,Married,BR006,Business Owner,609300.0,595.0,1,9099.18,Home Loan,2478300.0,300,10.05,22607.74,0.62,3256300.0,0,2024-07-18,Approved,Yes,2025-08-16,77
LN005017,Deepak Chatterjee,Male,35.0,Married,BR012,Self-Employed,488800.0,552.0,0,0.0,Business Loan,472600.0,24,13.98,0.0,0.56,578300.0,2,2024-05-30,Rejected,No,,0
LN002571,Neha Das,Female,31.0,Divorced,BR006,Salaried,292000.0,639.0,0,0.0,Home Loan,915900.0,240,9.61,0.0,0.35,1119900.0,2,2024-02-28,Rejected,No,,0
LN000064,Rahul Reddy,Male,23.0,Married,BR009,Self-Employed,311000.0,639.0,1,355.21,Business Loan,228600.0,60,13.11,5214.23,0.21,257000.0,2,2022-12-18,Approved,No,,0
LN003266,Reyansh Rao,Male,44.0,Single,BR006,Salaried,500100.0,702.0,1,6238.32,Auto Loan,434000.0,36,9.98,0.0,0.49,0.0,0,2024-04-22,Rejected,No,,0
LN004136,Divya Mehta,Female,33.0,Married,BR014,Salaried,537100.0,578.0,1,8460.55,Education Loan,305400.0,36,12.22,0.0,0.42,0.0,2,2022-07-15,Rejected,No,,0
LN003471,Pooja Bhatt,Female,,Married,BR011,Salaried,914100.0,618.0,0,0.0,Gold Loan,147800.0,6,10.32,25380.09,0.33,160400.0,1,2024-07-23,Approved,No,,0
LN001563,Vivaan Mehta,Male,28.0,Single,BR009,Salaried,261200.0,545.0,0,0.0,Personal Loan,126000.0,12,15.55,0.0,0.52,0.0,2,2024-08-31,Rejected,No,,0
LN001611,Suresh Chatterjee,Male,43.0,Married,BR009,Business Owner,615200.0,630.0,1,6110.18,Personal Loan,296800.0,36,14.7,0.0,0.32,0.0,3,2023-09-01,Rejected,No,,0
LN005160,Rohan Malhotra,Male,33.0,Married,BR009,Business Owner,642500.0,550.0,2,2146.69,Personal Loan,292700.0,12,15.5,0.0,0.53,0.0,0,2024-10-13,Rejected,No,,0
LN002469,Nikhil Agarwal,Male,29.0,Married,BR014,Business Owner,1681000.0,609.0,0,0.0,Auto Loan,1206100.0,84,10.91,20594.34,0.15,0.0,3,2024-02-24,Approved,Yes,2025-11-03,84
LN002203,Neha Chauhan,Female,35.0,Married,BR004,Salaried,286400.0,548.0,2,519.6,Personal Loan,45300.0,24,15.52,2207.65,0.11,0.0,3,2023-10-24,Approved,Yes,2024-01-05,53
LN005299,Arjun Iyer,Male,,Married,BR015,Salaried,302600.0,692.0,2,2886.17,Auto Loan,186300.0,36,10.08,6018.38,0.35,0.0,0,2024-03-23,Approved,No,,0
LN003418,Anil Chatterjee,Male,30.0,Married,BR010,Unemployed,94200.0,,0,0.0,Auto Loan,90900.0,48,11.13,0.0,0.3,0.0,2,2023-12-23,Rejected,No,,0
LN002653,Amit Singh,Male,21.0,Married,BR003,Salaried,631600.0,508.0,0,0.0,Education Loan,330700.0,60,12.92,0.0,0.14,0.0,1,2025-08-05,Rejected,No,,0
LN003830,Rekha Chatterjee,Female,37.0,Married,BR012,Salaried,515600.0,853.0,0,0.0,Personal Loan,109800.0,36,12.47,0.0,0.09,0.0,2,2023-10-16,Rejected,No,,0
LN002537,Geeta Chatterjee,Female,34.0,Married,BR008,Salaried,394800.0,756.0,2,729.79,Auto Loan,228700.0,36,9.44,7319.52,0.24,0.0,0,2023-12-09,Approved,No,,0
LN001277,Rajesh Agarwal,Male,57.0,Divorced,BR012,Business Owner,901100.0,613.0,0,0.0,Auto Loan,364100.0,48,10.87,9387.38,0.13,0.0,2,2024-07-18,Approved,No,,0
LN004253,Anjali Patel,Female,38.0,Single,BR008,Self-Employed,313100.0,664.0,0,0.0,Auto Loan,182700.0,48,10.36,0.0,0.18,0.0,1,2025-10-09,Rejected,No,,0
LN000856,Arjun Sharma,Male,43.0,Married,BR011,Salaried,558400.0,536.0,2,7724.92,Auto Loan,606600.0,60,11.64,13383.39,0.45,0.0,1,2023-03-02,Approved,Yes,2023-06-14,46
LN002777,Pooja Kapoor,Female,33.0,Married,BR010,Salaried,1082000.0,629.0,1,17447.84,Business Loan,1799900.0,24,13.21,0.0,1.14,1982300.0,2,2023-07-24,Rejected,No,,0
LN001008,Ananya Singh,Female,42.0,Married,BR010,Salaried,167300.0,567.0,2,3181.94,Personal Loan,53200.0,12,15.33,0.0,0.57,0.0,2,2022-10-06,Rejected,No,,0
LN001619,Nikhil Singh,Male,25.0,Single,BR007,Salaried,263000.0,623.0,1,5470.87,Auto Loan,285900.0,36,10.77,0.0,0.68,0.0,0,2025-02-05,Rejected,No,,0
LN005284,Aarav Mehta,Male,24.0,Married,BR008,Business Owner,303400.0,592.0,0,0.0,Gold Loan,89400.0,12,10.58,7883.82,0.31,120100.0,4,2023-03-16,Approved,Yes,2024-01-16,73
LN000173,Vivaan Reddy,Male,31.0,Married,BR006,Self-Employed,410600.0,779.0,2,5464.53,Personal Loan,238500.0,48,13.21,6423.24,0.35,0.0,0,2023-06-01,Approved,No,,0
LN003194,Sai Verma,Male,55.0,Married,BR009,Unemployed,128500.0,560.0,0,0.0,Auto Loan,136800.0,48,11.4,0.0,0.33,0.0,0,2022-05-12,Rejected,No,,0
LN001696,Aarav Iyer,Male,21.0,Single,BR017,Business Owner,682100.0,514.0,1,3425.54,Home Loan,3769300.0,120,10.86,0.0,0.97,3949500.0,4,2024-06-27,Rejected,No,,0
LN003728,Shreya Kapoor,Female,25.0,Divorced,BR012,Self-Employed,1500200.0,660.0,0,0.0,Auto Loan,1113700.0,36,10.4,0.0,0.29,0.0,0,2025-02-16,Rejected,No,,0
LN001495,Vivaan Reddy,Male,27.0,Married,BR015,Self-Employed,334900.0,640.0,4,5823.17,Gold Loan,84200.0,6,10.1,14449.62,0.73,103900.0,1,2024-05-11,Approved,Yes,2024-10-17,104
LN004402,Neha Bhatt,Female,54.0,Married,BR013,Salaried,423000.0,797.0,1,7320.9,Personal Loan,49800.0,48,13.03,1336.75,0.25,0.0,1,2024-08-30,Approved,No,,0
LN004961,Diya Das,Female,45.0,Married,BR012,Salaried,268700.0,585.0,1,3480.03,Gold Loan,38100.0,18,10.65,2299.59,0.26,51000.0,3,2025-12-25,Approved,No,,0
LN004837,Aadhya Kapoor,Female,37.0,Married,BR004,Business Owner,886200.0,713.0,1,4934.03,Auto Loan,484100.0,84,9.87,0.0,0.18,0.0,0,2024-01-18,Rejected,No,,0
LN004624,Sai Rao,Male,,Married,BR016,Salaried,425100.0,660.0,0,0.0,Personal Loan,172800.0,48,14.4,4756.76,0.13,0.0,0,2022-04-22,Approved,No,,0
LN001382,Rajesh Iyer,Male,30.0,Single,BR006,Salaried,381600.0,610.0,0,0.0,Education Loan,179600.0,120,11.9,2566.37,0.08,0.0,0,2024-10-27,Approved,No,,0
LN003726,Vihaan Mehta,Male,34.0,Married,BR001,Business Owner,191900.0,601.0,2,1034.6,Auto Loan,176700.0,36,10.99,5784.09,0.43,0.0,1,2023-02-09,Approved,No,,0
LN001817,Rajesh Nair,Male,46.0,Married,BR001,Business Owner,952100.0,618.0,0,0.0,Personal Loan,154200.0,48,14.82,4277.44,0.05,0.0,2,2022-02-06,Approved,No,,0
LN004150,Diya Patel,Female,,Single,BR005,Self-Employed,186100.0,597.0,0,0.0,Education Loan,71200.0,36,12.03,0.0,0.15,0.0,0,2025-12-17,Rejected,No,,0
LN000243,Sai Gupta,Male,30.0,Married,BR003,Unemployed,192800.0,565.0,0,0.0,Gold Loan,54500.0,18,10.85,3294.48,0.21,70200.0,5,2024-01-28,Approved,Yes,2025-03-10,1
LN001513,Neha Das,Female,58.0,Married,BR004,Salaried,335500.0,609.0,0,0.0,Personal Loan,156400.0,12,14.91,14109.76,0.5,0.0,1,2024-10-03,Approved,No,,0
LN002327,Neha Reddy,Female,27.0,Married,BR010,Self-Employed,220400.0,667.0,0,0.0,Auto Loan,171400.0,60,10.33,0.0,0.2,0.0,0,2022-05-12,Rejected,No,,0
LN004109,Sai Mehta,Male,44.0,Married,BR002,Salaried,539100.0,619.0,2,5767.01,Education Loan,486700.0,36,11.81,0.0,0.49,0.0,2,2022-12-10,Rejected,No,,0
LN000015,Anjali Nair,Female,29.0,Married,BR001,Unemployed,121000.0,883.0,1,2249.87,Auto Loan,56900.0,60,8.17,0.0,0.34,0.0,0,2022-02-17,Rejected,No,,0
LN004985,Kritika Chauhan,Female,40.0,Divorced,BR014,Salaried,432500.0,747.0,2,1080.53,Auto Loan,373100.0,84,9.53,6103.67,0.2,0.0,0,2023-10-28,Approved,No,,0
LN003598,Rekha Malhotra,Female,21.0,Married,BR015,Self-Employed,667400.0,579.0,1,8255.3,Auto Loan,791300.0,84,11.21,0.0,0.39,0.0,0,2022-07-13,Rejected,No,,0
LN002382,Aarav Rao,Male,40.0,Married,BR006,Salaried,266500.0,624.0,0,0.0,Home Loan,1264200.0,180,9.76,0.0,0.6,1377000.0,3,2024-05-16,Rejected,No,,0
LN003074,Rohan Chauhan,Male,42.0,Single,BR001,Salaried,446700.0,690.0,2,8218.34,Auto Loan,187600.0,48,10.1,0.0,0.35,0.0,0,2025-11-05,Rejected,No,,0
LN001451,Rahul Verma,Male,41.0,Married,BR015,Self-Employed,727800.0,610.0,0,0.0,Gold Loan,132400.0,24,10.4,0.0,0.1,145600.0,1,2023-12-07,Rejected,No,,0
LN002595,Riya Kapoor,Female,27.0,Married,BR015,Salaried,208900.0,484.0,1,34.39,Home Loan,653100.0,240,11.16,0.0,0.39,724500.0,2,2023-06-14,Rejected,No,,0
LN000016,Sneha Rao,Female,26.0,Married,BR001,Self-Employed,481000.0,626.0,0,0.0,Personal Loan,254600.0,36,14.74,8793.41,0.22,0.0,0,2023-12-30,Approved,No,,0
LN000790,Deepak Naidu,Male,45.0,Married,BR009,Salaried,299400.0,828.0,0,0.0,Personal Loan,177300.0,12,12.72,15812.67,0.63,0.0,1,2024-03-29,Approved,No,,0
LN000033,Vikram Patel,Male,25.0,Single,BR005,Business Owner,311500.0,533.0,1,6166.19,Business Loan,669600.0,60,14.17,0.0,0.84,773800.0,2,2024-08-15,Rejected,No,,0
LN001018,Krishna Sharma,Male,31.0,Married,BR010,Salaried,308300.0,710.0,0,0.0,Personal Loan,78200.0,24,13.9,0.0,0.15,0.0,0,2022-05-23,Rejected,No,,0
LN002003,Anil Chauhan,Male,27.0,Married,BR003,Business Owner,217500.0,626.0,1,163.39,Auto Loan,249200.0,84,10.74,0.0,0.24,0.0,0,2025-02-19,Rejected,No,,0
LN001491,Pooja Malhotra,Female,28.0,Single,BR001,Self-Employed,138500.0,483.0,2,2137.11,Home Loan,665000.0,300,11.17,0.0,0.76,724300.0,2,2022-06-07,Rejected,No,,0
LN000054,Aditya Chauhan,Male,25.0,Married,BR006,Business Owner,466400.0,734.0,0,0.0,Personal Loan,84800.0,12,13.66,7600.39,0.2,0.0,0,2024-08-13,Approved,No,,0
LN005436,Ishita Singh,Female,35.0,Married,BR009,Salaried,363900.0,712.0,1,7094.28,Home Loan,1774500.0,180,8.88,17871.71,0.82,2274000.0,0,2023-06-28,Approved,No,,0
LN003849,Pooja Patel,Female,28.0,Single,BR014,Self-Employed,1584100.0,799.0,0,0.0,Auto Loan,858600.0,60,9.01,17827.29,0.14,0.0,0,2024-03-26,Approved,No,,0
LN004084,Reyansh Singh,Male,38.0,Married,BR009,Salaried,348100.0,732.0,0,0.0,Gold Loan,76200.0,24,9.18,3487.47,0.12,85300.0,0,2024-12-18,Approved,No,,0
LN004305,Nikhil Sharma,Male,37.0,Single,BR013,Salaried,555700.0,621.0,0,0.0,Gold Loan,166000.0,18,10.29,9991.66,0.22,167600.0,0,2025-08-30,Approved,No,,0
LN000200,Aditya Chauhan,Male,36.0,Married,BR002,Salaried,264400.0,703.0,2,566.61,Auto Loan,247900.0,48,9.97,6283.81,0.31,0.0,0,2024-04-11,Approved,No,,0
LN000269,Rahul Iyer,Male,58.0,Married,BR008,Unemployed,408700.0,612.0,2,2595.36,Gold Loan,101800.0,24,10.38,0.0,0.21,135900.0,1,2024-12-26,Rejected,No,,0
LN000044,Shreya Naidu,Female,38.0,Married,BR005,Business Owner,571300.0,715.0,0,0.0,Business Loan,712500.0,84,12.35,12711.32,0.27,980800.0,0,2022-03-04,Approved,No,,0
LN002077,Anil Joshi,Male,29.0,Single,BR009,Self-Employed,343400.0,646.0,0,0.0,Business Loan,181000.0,36,13.04,6102.09,0.21,245000.0,2,2025-12-27,Approved,Yes,,56
LN000078,Pooja Chauhan,Female,21.0,Single,BR005,Self-Employed,221000.0,733.0,1,2511.18,Business Loan,360200.0,84,12.17,6391.31,0.48,383100.0,1,2024-07-16,Approved,No,,0
LN000961,Rahul Bhatt,Male,35.0,Married,BR009,Self-Employed,366900.0,801.0,1,2661.96,Home Loan,1901600.0,240,7.99,0.0,0.61,2223700.0,0,2022-08-20,Rejected,No,,0
LN003143,Priya Bhatt,Female,27.0,Single,BR013,Business Owner,402600.0,728.0,0,0.0,Auto Loan,284000.0,84,9.72,4673.75,0.14,0.0,0,2025-09-08,Approved,No,,0
LN005063,Swati Pillai,Female,43.0,Married,BR006,Self-Employed,542200.0,756.0,0,0.0,Home Loan,2454900.0,300,8.44,0.0,0.44,2627800.0,0,2024-06-30,Rejected,No,,0
LN002326,Karthik Pillai,Male,44.0,Married,BR011,Self-Employed,515900.0,569.0,0,0.0,Personal Loan,281900.0,12,15.31,0.0,0.59,0.0,3,2025-06-26,Rejected,No,,0
LN000449,Ananya Sharma,Female,27.0,Married,BR005,Self-Employed,675500.0,616.0,3,6885.76,Personal Loan,90800.0,48,14.84,2519.67,0.17,0.0,0,2025-02-26,Approved,No,,0
LN002473,Nikhil Agarwal,Male,38.0,Single,BR014,Salaried,172700.0,595.0,1,1274.17,Business Loan,173000.0,24,13.55,8269.5,0.66,173700.0,2,2025-05-17,Approved,Yes,2025-11-13,54
LN002758,Ishaan Gupta,Male,31.0,Married,BR010,Salaried,1121800.0,541.0,2,1643.39,Home Loan,3630500.0,180,10.59,40334.31,0.45,3994100.0,0,2022-07-15,Approved,No,,0
LN004555,Ananya Singh,Female,31.0,Married,BR009,Salaried,205600.0,678.0,1,2373.21,Personal Loan,82900.0,36,14.22,2842.19,0.3,0.0,0,2022-05-24,Approved,Yes,2025-04-20,35
LN003859,Karthik Bhatt,Male,34.0,Married,BR012,Unemployed,102600.0,760.0,1,1123.69,Education Loan,52900.0,84,10.4,889.17,0.24,0.0,1,2025-10-14,Approved,No,,0
LN004744,Pooja Gupta,Female,40.0,Married,BR013,Salaried,538500.0,445.0,1,4833.91,Personal Loan,72600.0,24,16.55,3573.83,0.19,0.0,0,2023-12-09,Approved,No,,0
LN001066,Aarav Singh,Male,41.0,Single,BR008,Salaried,849700.0,793.0,1,14779.47,Auto Loan,695100.0,36,9.07,22126.65,0.52,0.0,0,2022-09-09,Approved,No,,0
LN003547,Vikram Pillai,Male,33.0,Single,BR002,Salaried,266300.0,661.0,1,2687.29,Home Loan,999300.0,240,9.39,9243.12,0.54,1293800.0,0,2025-04-16,Approved,Yes,2025-08-10,33
LN001279,Sai Bhatt,Male,42.0,Married,BR011,Business Owner,481900.0,791.0,1,6007.11,Personal Loan,198500.0,48,13.09,0.0,0.28,0.0,1,2024-10-07,Rejected,No,,0
LN000598,Vivaan Chatterjee,Male,57.0,Married,BR007,Salaried,276100.0,701.0,0,0.0,Auto Loan,169400.0,84,9.99,2811.37,0.12,0.0,1,2024-07-12,Approved,Yes,2025-11-06,3
LN000472,Kavya Chauhan,Female,46.0,Single,BR003,Unemployed,277200.0,611.0,0,0.0,Personal Loan,43500.0,48,14.89,0.0,0.05,0.0,1,2023-01-06,Rejected,No,,0
LN002552,Arjun Das,Male,26.0,Married,BR003,Salaried,623900.0,590.0,1,9068.2,Home Loan,3311500.0,300,10.1,0.0,0.76,3347300.0,2,2024-02-28,Rejected,No,,0
LN003254,Priya Mehta,Female,33.0,Married,BR012,Salaried,223200.0,727.0,0,0.0,Education Loan,134900.0,84,10.73,2290.71,0.12,0.0,1,2022-05-18,Approved,No,,0
LN002378,Reyansh Chatterjee,Male,52.0,Married,BR010,Salaried,446500.0,674.0,2,1729.11,Home Loan,2120300.0,180,9.26,21834.67,0.63,2255900.0,0,2024-06-10,Approved,No,,0
LN005400,Vikram Sharma,Male,25.0,Single,BR008,Self-Employed,640200.0,662.0,1,3202.56,Auto Loan,528500.0,60,10.38,11328.13,0.27,0.0,0,2022-01-13,Approved,No,,0
LN004601,Priya Mehta,Female,36.0,Married,BR004,Salaried,616800.0,765.0,1,10614.5,Education Loan,426400.0,84,10.35,0.0,0.35,0.0,1,2022-05-15,Rejected,No,,0
LN005103,Sneha Verma,Female,34.0,Single,BR002,Salaried,475300.0,696.0,0,0.0,Personal Loan,111200.0,24,14.04,5341.13,0.13,0.0,1,2025-03-11,Approved,No,,0
LN001241,Karthik Sharma,Male,50.0,Single,BR008,Salaried,262400.0,673.0,2,980.45,Business Loan,580700.0,36,12.77,19501.81,0.94,741000.0,0,2025-12-08,Approved,No,,0
LN001459,Deepak Das,Male,,Single,BR007,Business Owner,411700.0,702.0,1,736.45,Education Loan,354600.0,60,10.98,7706.33,0.25,0.0,0,2023-09-15,Approved,No,,0
LN002223,Swati Nair,Female,49.0,Married,BR014,Self-Employed,862100.0,830.0,2,4210.56,Education Loan,304700.0,36,9.7,9788.95,0.19,0.0,0,2022-07-06,Approved,No,,0
LN000099,Aadhya Reddy,Female,49.0,Single,BR013,Salaried,198800.0,684.0,1,1944.13,Gold Loan,56800.0,6,9.66,9735.17,0.7,64400.0,0,2022-06-07,Approved,No,,0
LN004565,Anjali Agarwal,Female,21.0,Single,BR005,Salaried,519700.0,735.0,0,0.0,Gold Loan,60300.0,6,9.15,0.0,0.24,68400.0,1,2024-06-18,Rejected,No,,0
LN004344,Kritika Patel,Female,31.0,Married,BR007,Business Owner,213100.0,508.0,1,1821.04,Personal Loan,116800.0,24,15.92,5714.43,0.42,0.0,0,2023-02-14,Approved,No,,0
LN000792,Sneha Naidu,Female,25.0,Single,BR001,Salaried,625400.0,614.0,0,0.0,Education Loan,517500.0,84,11.86,9096.59,0.17,0.0,0,2022-10-30,Approved,No,,0
LN002149,Sneha Reddy,Female,45.0,Married,BR002,Business Owner,137600.0,637.0,1,1890.91,Auto Loan,75200.0,36,10.63,0.0,0.38,0.0,0,2025-03-04,Rejected,No,,0
LN004110,Diya Mehta,Female,34.0,Married,BR001,Business Owner,344400.0,664.0,3,6343.58,Education Loan,221500.0,120,11.36,3096.47,0.33,0.0,1,2023-11-01,Approved,No,,0
LN002114,Vikram Rao,Male,42.0,Married,BR012,Salaried,604200.0,547.0,0,0.0,Gold Loan,133000.0,12,11.03,11756.62,0.23,150800.0,3,2025-02-09,Approved,No,,0
LN003828,Kritika Chatterjee,Female,51.0,Married,BR014,Salaried,665300.0,,0,0.0,Auto Loan,792400.0,36,10.44,25732.52,0.46,0.0,1,2025-05-30,Approved,No,,0
LN000484,Diya Nair,Female,40.0,Married,BR011,Self-Employed,376400.0,791.0,0,0.0,Auto Loan,161300.0,48,9.09,0.0,0.13,0.0,1,2022-05-05,Rejected,No,,0
LN003686,Meera Reddy,Female,47.0,Married,BR005,Salaried,411400.0,616.0,0,0.0,Gold Loan,45400.0,6,10.34,0.0,0.23,46200.0,1,2024-07-18,Rejected,No,,0
LN002792,Rohan Reddy,Male,21.0,Single,BR015,Salaried,428000.0,674.0,0,0.0,Personal Loan,78100.0,48,14.26,2144.4,0.06,0.0,1,2023-08-06,Approved,No,,0
LN004512,Karthik Bhatt,Male,52.0,Single,BR006,Salaried,393500.0,699.0,4,1836.84,Home Loan,1616500.0,240,9.01,14554.47,0.5,1706700.0,0,2025-08-10,Approved,Yes,2025-10-15,1
LN005263,Rohan Chatterjee,Male,47.0,Single,BR003,Business Owner,852500.0,730.0,0,0.0,Personal Loan,490100.0,36,13.7,16679.13,0.23,0.0,0,2023-05-23,Approved,Yes,2025-11-30,95
LN001809,Karthik Nair,Male,37.0,Married,BR007,Business Owner,422400.0,,1,6307.88,Personal Loan,103800.0,48,13.06,2787.79,0.26,0.0,2,2023-10-29,Approved,No,,0
LN003497,Aditya Bhatt,Male,27.0,Single,BR012,Salaried,334600.0,801.0,1,1404.68,Gold Loan,80600.0,24,8.49,3663.36,0.18,83500.0,1,2025-10-15,Approved,No,,0
LN004983,Krishna Nair,Male,33.0,Married,BR003,Self-Employed,521500.0,554.0,0,0.0,Education Loan,388100.0,120,12.46,0.0,0.13,0.0,0,2022-09-21,Rejected,No,,0
LN001407,Rahul Das,Male,48.0,Single,BR009,Salaried,277300.0,589.0,0,0.0,Personal Loan,113300.0,12,15.11,10232.15,0.44,0.0,2,2022-12-27,Approved,No,,0
LN002179,Shreya Singh,Female,41.0,Married,BR008,Self-Employed,156500.0,583.0,2,1259.67,Home Loan,714800.0,180,10.17,7755.79,0.69,733800.0,0,2025-08-19,Approved,No,,0
LN004283,Aarav Verma,Male,32.0,Married,BR002,Self-Employed,686200.0,629.0,2,10699.46,Business Loan,494700.0,84,13.21,0.0,0.35,519300.0,1,2024-08-23,Rejected,No,,0
LN002441,Anjali Verma,Female,45.0,Single,BR002,Self-Employed,525400.0,725.0,1,5130.5,Education Loan,354000.0,120,10.75,4826.39,0.23,0.0,1,2025-07-17,Approved,Yes,2025-11-18,77
LN003568,Deepak Kapoor,Male,28.0,Married,BR003,Salaried,548200.0,490.0,1,8791.69,Business Loan,909700.0,36,14.6,31357.15,0.88,928100.0,1,2024-08-11,Approved,No,,0
LN002562,Rohan Kapoor,Male,23.0,Single,BR003,Self-Employed,318400.0,828.0,0,0.0,Personal Loan,175500.0,24,12.72,0.0,0.31,0.0,1,2022-07-05,Rejected,No,,0
LN004721,Anil Rao,Male,41.0,Single,BR001,Salaried,356700.0,675.0,0,0.0,Personal Loan,144000.0,36,14.25,0.0,0.17,0.0,0,2022-05-09,Rejected,No,,0
LN004912,Anil Chatterjee,Male,51.0,Divorced,BR001,Self-Employed,719100.0,729.0,1,12891.96,Business Loan,952400.0,36,12.21,31728.92,0.74,1150600.0,0,2022-04-30,Approved,No,,0
LN002190,Vivaan Agarwal,Male,21.0,Married,BR007,Salaried,257900.0,572.0,1,1240.47,Personal Loan,104600.0,48,15.28,2925.96,0.19,0.0,2,2025-05-16,Approved,No,,0
LN003536,Neha Reddy,Female,53.0,Single,BR007,Business Owner,142800.0,789.0,0,0.0,Personal Loan,57700.0,24,13.11,2746.15,0.23,0.0,0,2024-04-10,Approved,No,,0
LN004810,Krishna Sharma,Male,33.0,Single,BR018,Business Owner,607700.0,900.0,0,0.0,Business Loan,782900.0,24,10.5,36307.8,0.72,960400.0,0,2023-08-24,Approved,No,,0
LN000523,Ishaan Malhotra,Male,54.0,Married,BR013,Business Owner,306000.0,609.0,0,0.0,Personal Loan,158900.0,12,14.91,14335.3,0.56,0.0,0,2023-06-16,Approved,Yes,2023-09-08,61
LN003219,Krishna Malhotra,Male,30.0,Single,BR004,Salaried,344500.0,732.0,0,0.0,Home Loan,1382600.0,300,8.68,11301.28,0.39,1619500.0,0,2023-07-22,Approved,No,,0
LN001303,Diya Gupta,Female,39.0,Single,BR004,Salaried,1158000.0,776.0,0,0.0,Home Loan,6281800.0,120,8.24,0.0,0.8,6698500.0,0,2023-01-25,Rejected,No,,0
LN000675,Priya Bhatt,Female,24.0,Single,BR004,Salaried,716800.0,809.0,1,13409.24,Gold Loan,142100.0,12,8.41,12388.01,0.43,150500.0,1,2023-06-28,Approved,No,,0
LN003809,Riya Nair,Female,40.0,Married,BR010,Salaried,195200.0,697.0,1,456.99,Business Loan,446300.0,36,12.53,14936.78,0.95,596600.0,0,2023-10-07,Approved,No,,0
LN004447,Diya Mehta,Female,31.0,Married,BR005,Business Owner,923900.0,724.0,1,17658.67,Home Loan,3495500.0,180,8.76,0.0,0.68,3911000.0,0,2023-04-23,Rejected,No,,0
LN003718,Amit Malhotra,Male,23.0,Married,BR013,Self-Employed,277900.0,697.0,3,2000.9,Gold Loan,42100.0,18,9.53,0.0,0.2,45300.0,0,2024-05-10,Rejected,No,,0
LN003612,Reyansh Malhotra,Male,33.0,Single,BR013,Salaried,361700.0,728.0,0,0.0,Personal Loan,199400.0,24,13.72,9547.41,0.32,0.0,1,2024-10-13,Approved,No,,0
LN003199,Diya Mehta,Female,45.0,Single,BR018,Salaried,351200.0,809.0,2,5506.55,Personal Loan,210600.0,12,12.91,0.0,0.83,0.0,0,2022-12-01,Rejected,No,,0
LN002829,Rajesh Mehta,Male,36.0,Married,BR002,Unemployed,180400.0,495.0,1,3225.54,Business Loan,266300.0,84,14.55,5071.72,0.55,361600.0,0,2022-04-05,Approved,No,,0
LN001530,Aadhya Bhatt,Female,,Married,BR003,Salaried,578900.0,697.0,0,0.0,Auto Loan,482000.0,60,10.03,10248.19,0.21,0.0,0,2022-10-05,Approved,No,,0
LN002150,Manish Sharma,Male,51.0,Married,BR008,Salaried,432800.0,620.0,0,0.0,Auto Loan,329400.0,36,10.8,10752.96,0.3,0.0,1,2023-02-12,Approved,No,,0
LN000802,Aditya Chatterjee,Male,36.0,Married,BR001,Salaried,602800.0,863.0,1,6430.27,Auto Loan,524700.0,84,8.37,8275.14,0.29,0.0,0,2023-06-29,Approved,No,,0
LN004703,Neha Agarwal,Female,29.0,Married,BR011,Business Owner,484800.0,733.0,1,2800.9,Personal Loan,255100.0,36,13.67,8677.88,0.28,0.0,1,2023-08-04,Approved,No,,0
LN004233,Pooja Pillai,Female,36.0,Married,BR010,Business Owner,229700.0,678.0,1,2691.79,Personal Loan,99200.0,48,14.22,2721.75,0.28,0.0,0,2024-02-09,Approved,No,,0
LN002294,Sunita Naidu,Female,30.0,Married,BR009,Salaried,396000.0,693.0,1,4333.24,Business Loan,317000.0,24,12.57,15006.81,0.59,394100.0,1,2025-07-03,Approved,No,,0
LN000643,Rohan Naidu,Male,65.0,Married,BR006,Self-Employed,584400.0,772.0,1,1325.45,Personal Loan,338700.0,12,13.28,0.0,0.65,0.0,0,2025-08-19,Rejected,No,,0
LN000358,Nikhil Gupta,Male,30.0,Married,BR016,Salaried,,739.0,1,1299.92,Education Loan,146500.0,120,10.61,0.0,0.21,0.0,0,2022-03-11,Rejected,No,,0
LN001101,Karthik Singh,Male,44.0,Single,BR006,Salaried,371600.0,564.0,0,0.0,Gold Loan,32300.0,6,10.86,5555.13,0.18,35900.0,3,2025-01-01,Approved,No,,0
LN003141,Nikhil Bhatt,Male,39.0,Single,BR002,Business Owner,1585100.0,703.0,2,8890.75,Home Loan,8039700.0,180,8.97,81400.57,0.68,10541700.0,0,2025-07-28,Approved,No,,0
LN005037,Rajesh Bhatt,Male,55.0,Married,BR011,Self-Employed,1227300.0,691.0,0,0.0,Home Loan,3984300.0,300,9.09,33682.0,0.33,5105000.0,0,2025-09-17,Approved,No,,0
LN001414,Rahul Patel,Male,39.0,Single,BR008,Salaried,234200.0,451.0,0,0.0,Business Loan,411800.0,36,14.99,14273.17,0.73,452200.0,1,2025-08-21,Approved,No,,0
LN001472,Ishaan Kapoor,Male,50.0,Divorced,BR008,Salaried,313500.0,645.0,0,0.0,Home Loan,1700700.0,240,9.55,15908.33,0.61,2112600.0,1,2023-01-19,Approved,No,,0
LN002854,Anjali Iyer,Female,26.0,Divorced,BR010,Salaried,262700.0,748.0,1,4234.58,Personal Loan,49700.0,12,13.52,4451.2,0.4,0.0,2,2022-03-17,Approved,Yes,2023-02-23,16
LN003486,Shreya Joshi,Female,42.0,Married,BR004,Business Owner,503200.0,698.0,2,4653.11,Auto Loan,219100.0,84,10.02,3639.58,0.2,0.0,0,2024-04-25,Approved,No,,0
LN004309,Manish Malhotra,Male,30.0,Single,BR008,Business Owner,791600.0,602.0,0,0.0,Home Loan,2454200.0,300,9.98,0.0,0.34,2737800.0,0,2023-06-07,Rejected,No,,0
LN003098,Swati Verma,Female,24.0,Married,BR001,Business Owner,407300.0,658.0,0,0.0,Business Loan,888700.0,24,12.92,42217.03,1.24,1032100.0,0,2023-01-01,Approved,No,,0
LN004554,Nikhil Rao,Male,28.0,Married,BR013,Business Owner,1706000.0,743.0,0,0.0,Home Loan,9985300.0,240,8.57,87097.65,0.61,13731900.0,0,2023-10-17,Approved,No,,0
LN003233,Ishaan Gupta,Male,,Single,BR014,Business Owner,502000.0,732.0,0,0.0,Gold Loan,61900.0,12,9.18,5418.41,0.13,69700.0,0,2023-05-10,Approved,No,,0
LN002418,Divya Chauhan,Female,24.0,Single,BR004,Business Owner,487700.0,649.0,1,8707.42,Business Loan,1040100.0,60,13.01,23670.8,0.8,1422600.0,1,2022-03-10,Approved,No,,0
LN000853,Anil Gupta,Male,23.0,Single,BR002,Business Owner,378100.0,494.0,0,0.0,Gold Loan,100100.0,24,11.56,0.0,0.15,119100.0,0,2025-02-01,Rejected,No,,0
LN005440,Rajesh Naidu,Male,31.0,Divorced,BR001,Salaried,342600.0,757.0,1,6156.06,Auto Loan,220800.0,84,9.43,3600.84,0.34,0.0,0,2024-10-15,Approved,No,,0
LN003174,Vihaan Verma,Male,34.0,Married,BR011,Unemployed,162400.0,625.0,0,0.0,Auto Loan,73400.0,48,10.75,1888.16,0.14,0.0,1,2024-03-27,Approved,Yes,2025-08-23,43
LN002877,Manish Chauhan,Male,28.0,Single,BR008,Business Owner,630200.0,802.0,0,0.0,Home Loan,2293100.0,240,7.98,19151.87,0.36,2316300.0,0,2025-09-27,Approved,No,,0
LN001050,Divya Malhotra,Female,45.0,Single,BR012,Self-Employed,501100.0,711.0,0,0.0,Business Loan,1013600.0,24,12.39,0.0,1.15,1188400.0,2,2024-08-14,Rejected,No,,0
LN005495,Rohan Reddy,Male,34.0,Single,BR017,Business Owner,431500.0,558.0,1,4499.26,Home Loan,2216800.0,120,10.42,0.0,0.95,2487300.0,1,2024-08-16,Rejected,No,,0
LN001366,Pooja Mehta,Female,25.0,Married,BR014,Business Owner,272900.0,581.0,2,2220.26,Home Loan,1628400.0,180,10.19,17688.63,0.88,2062100.0,1,2022-05-10,Approved,Yes,2025-07-11,20
LN005034,Sneha Agarwal,Female,37.0,Divorced,BR011,Salaried,192900.0,828.0,0,0.0,Personal Loan,96700.0,36,12.72,3245.18,0.2,0.0,0,2022-06-28,Approved,No,,0
LN002687,Rohan Sharma,Male,36.0,Married,BR003,Salaried,239500.0,830.0,1,2896.34,Education Loan,188600.0,120,9.7,2461.14,0.27,0.0,0,2022-04-10,Approved,No,,0
LN004649,Aarav Kapoor,Male,39.0,Single,BR007,Salaried,186100.0,590.0,0,0.0,Auto Loan,165000.0,36,11.1,5409.71,0.35,0.0,2,2023-12-23,Approved,No,,0
LN005116,Amit Bhatt,Male,21.0,Divorced,BR003,Salaried,251600.0,783.0,0,0.0,Personal Loan,63200.0,12,13.17,0.0,0.27,0.0,0,2025-08-28,Rejected,No,,0
LN000698,Rahul Sharma,Male,35.0,Married,BR005,Salaried,196500.0,607.0,2,409.91,Education Loan,75000.0,36,11.93,2488.57,0.18,0.0,2,2022-09-25,Approved,Yes,2022-12-17,177
LN004569,Rohan Patel,Male,65.0,Married,BR012,Business Owner,733600.0,653.0,0,0.0,Home Loan,2845200.0,180,9.47,29658.8,0.49,3411800.0,1,2023-06-05,Approved,No,,0
LN001966,Anil Kapoor,Male,32.0,Single,BR017,Self-Employed,312300.0,665.0,0,0.0,Business Loan,297500.0,84,12.85,5387.88,0.21,405200.0,0,2022-08-04,Approved,No,,0
LN003645,Sunita Kapoor,Female,,Married,BR004,Self-Employed,813300.0,820.0,0,0.0,Personal Loan,184000.0,12,12.8,16417.12,0.24,0.0,0,2022-12-07,Approved,No,,0
LN005198,Shreya Kapoor,Female,44.0,Single,BR006,Salaried,254600.0,595.0,2,2236.69,Home Loan,1325100.0,300,10.05,12087.93,0.68,1570500.0,0,2024-05-02,Approved,Yes,2025-06-22,120
LN003677,Rohan Sharma,Male,21.0,Married,BR002,Salaried,609300.0,729.0,2,7315.9,Personal Loan,193400.0,24,13.71,9259.22,0.33,0.0,1,2024-05-12,Approved,No,,0
LN003210,Swati Rao,Female,48.0,Married,BR008,Business Owner,837500.0,486.0,2,14167.14,Business Loan,817500.0,36,14.64,0.0,0.61,1130300.0,2,2023-12-06,Rejected,No,,0
LN002351,Anjali Chatterjee,Female,30.0,Married,BR003,Business Owner,806100.0,661.0,0,0.0,Education Loan,606000.0,84,11.39,10500.88,0.16,0.0,1,2025-06-02,Approved,No,,0
LN002600,Suresh Pillai,Male,40.0,Married,BR007,Salaried,230100.0,720.0,2,2834.01,Personal Loan,91300.0,12,13.8,8188.97,0.57,0.0,0,2025-10-29,Approved,No,,0
LN003469,Manish Naidu,Male,,Married,BR012,Salaried,404800.0,836.0,4,6582.88,Personal Loan,139700.0,48,12.64,3722.89,0.31,0.0,1,2025-02-16,Approved,No,,0
LN003325,Krishna Nair,Male,37.0,Married,BR006,Business Owner,117200.0,652.0,1,2055.9,Gold Loan,25000.0,18,9.98,1501.2,0.36,32800.0,0,2023-01-01,Approved,No,,0
LN005475,Riya Bhatt,Female,44.0,Married,BR008,Self-Employed,530100.0,659.0,0,0.0,Home Loan,1950500.0,240,9.41,18066.74,0.41,1968200.0,1,2025-11-18,Approved,No,,0
LN002649,Kritika Mehta,Female,48.0,Married,BR011,Salaried,524400.0,670.0,0,0.0,Education Loan,175400.0,36,11.3,5767.32,0.13,0.0,0,2024-01-29,Approved,No,,0
LN001207,Rohan Naidu,Male,25.0,Married,BR008,Self-Employed,947700.0,544.0,1,11972.59,Business Loan,1743000.0,24,14.06,0.0,1.21,2269100.0,1,2024-05-22,Rejected,No,,0
LN000638,Neha Joshi,Female,46.0,Married,BR006,Salaried,306400.0,893.0,2,2033.58,Auto Loan,275400.0,60,8.07,5593.35,0.3,0.0,1,2024-04-20,Approved,No,,0
LN003664,Ishita Joshi,Female,21.0,Married,BR005,Salaried,342100.0,644.0,0,0.0,Auto Loan,222600.0,84,10.56,3760.15,0.13,0.0,1,2025-11-25,Approved,No,,0
LN002216,Amit Kapoor,Male,52.0,Single,BR016,Salaried,287100.0,690.0,2,5385.59,Home Loan,999100.0,300,9.1,8452.93,0.58,1016400.0,1,2024-12-23,Approved,Yes,2025-03-26,284
LN000557,Saanvi Joshi,Female,48.0,Divorced,BR012,Salaried,216400.0,858.0,1,588.96,Auto Loan,187000.0,36,8.42,5896.2,0.36,0.0,1,2022-08-12,Approved,No,,0
LN004043,Rekha Chauhan,Female,38.0,Married,BR007,Self-Employed,320400.0,693.0,1,5515.03,Home Loan,1113900.0,300,9.07,0.0,0.56,1214300.0,0,2025-07-31,Rejected,No,,0
LN002281,Ananya Agarwal,Female,46.0,Married,BR001,Salaried,395400.0,,0,0.0,Home Loan,2097900.0,180,8.97,21240.87,0.64,2345800.0,0,2023-04-02,Approved,No,,0
LN002048,Nikhil Sharma,Male,50.0,Married,BR001,Salaried,616900.0,544.0,2,3740.72,Auto Loan,371600.0,48,11.56,0.0,0.26,0.0,1,2023-10-08,Rejected,No,,0
LN004164,Arjun Gupta,Male,50.0,Single,BR017,Unemployed,159300.0,687.0,3,397.84,Personal Loan,94600.0,48,14.13,2591.26,0.23,0.0,0,2025-01-14,Approved,No,,0
LN004864,Deepak Patel,Male,34.0,Married,BR015,Unemployed,90000.0,737.0,1,1420.98,Personal Loan,41200.0,48,13.63,1118.22,0.34,0.0,1,2024-11-13,Approved,Yes,2025-07-28,40
LN000577,Ishaan Sharma,Male,37.0,Married,BR002,Salaried,350300.0,802.0,0,0.0,Personal Loan,108000.0,48,12.98,0.0,0.1,0.0,0,2023-04-26,Rejected,No,,0
LN002213,Manish Das,Male,21.0,Married,BR007,Salaried,395100.0,454.0,0,0.0,Auto Loan,393200.0,36,12.46,0.0,0.4,0.0,1,2022-05-23,Rejected,No,,0
LN001578,Rohan Chauhan,Male,38.0,Single,BR011,Business Owner,842900.0,600.0,1,3462.39,Auto Loan,798300.0,48,11.0,20632.48,0.34,0.0,1,2024-11-04,Approved,Yes,2025-01-24,144
LN004277,Ishaan Sharma,Male,40.0,Married,BR003,Salaried,388400.0,708.0,2,4100.49,Home Loan,1888000.0,300,8.92,15740.73,0.61,2398600.0,0,2025-07-12,Approved,No,,0
LN000482,Saanvi Kapoor,Female,37.0,Married,BR010,Self-Employed,739500.0,621.0,0,0.0,Auto Loan,522500.0,60,10.79,0.0,0.18,0.0,1,2023-08-10,Rejected,No,,0
LN003158,Aditya Verma,Male,24.0,Single,BR014,Salaried,486400.0,635.0,2,2112.27,Home Loan,2417700.0,120,9.65,0.0,0.83,3352300.0,2,2023-01-29,Rejected,No,,0
LN003837,Saanvi Verma,Female,25.0,Married,BR010,Salaried,406000.0,750.0,1,2875.06,Personal Loan,164100.0,12,13.5,0.0,0.52,0.0,1,2025-03-20,Rejected,No,,0
LN001238,Ananya Rao,Female,40.0,Married,BR011,Salaried,438400.0,680.0,1,2717.76,Education Loan,383900.0,84,11.2,6613.74,0.26,0.0,0,2023-01-23,Approved,No,,0
LN004135,Pooja Sharma,Female,41.0,Single,BR005,Salaried,231800.0,427.0,0,0.0,Home Loan,961500.0,300,11.73,9935.45,0.51,1015500.0,1,2025-05-22,Approved,No,,0
LN000305,Suresh Patel,Male,32.0,Married,BR012,Salaried,653200.0,686.0,0,0.0,Personal Loan,268200.0,36,14.14,0.0,0.17,0.0,0,2023-12-22,Rejected,No,,0
LN004890,Saanvi Chauhan,Female,30.0,Single,BR006,Self-Employed,422400.0,629.0,1,8764.53,Business Loan,627200.0,24,13.21,0.0,1.1,639100.0,0,2023-01-16,Rejected,No,,0
LN000126,Riya Pillai,Female,30.0,Married,BR004,Self-Employed,1256500.0,594.0,1,8984.5,Education Loan,1202000.0,84,12.06,0.0,0.29,0.0,0,2025-07-25,Rejected,No,,0
LN002352,Karthik Bhatt,Male,33.0,Single,BR011,Salaried,228600.0,805.0,1,258.76,Business Loan,218100.0,24,11.45,10210.8,0.55,268600.0,0,2022-05-02,Approved,No,,0
LN004795,Pooja Mehta,Female,27.0,Married,BR013,Business Owner,197400.0,803.0,0,0.0,Auto Loan,179000.0,84,8.97,2877.22,0.17,0.0,1,2025-08-25,Approved,No,,0
LN000028,Geeta Sharma,Female,21.0,Married,BR006,Salaried,1335400.0,695.0,1,11376.24,Home Loan,6423300.0,180,9.05,0.0,0.69,7946000.0,0,2025-09-08,Rejected,No,,0
LN000396,Saanvi Agarwal,Female,40.0,Married,BR001,Salaried,360700.0,882.0,0,0.0,Gold Loan,48600.0,24,7.68,2190.96,0.07,52500.0,0,2024-07-23,Approved,No,,0
LN001707,Amit Nair,Male,36.0,Married,BR002,Self-Employed,268000.0,666.0,1,2348.57,Personal Loan,96600.0,36,14.34,0.0,0.25,0.0,1,2024-05-01,Rejected,No,,0
LN002461,Anil Verma,Male,49.0,Married,BR005,Self-Employed,131000.0,762.0,0,0.0,Gold Loan,25000.0,12,8.88,0.0,0.2,29800.0,0,2023-04-04,Rejected,No,,0
LN002076,Suresh Chatterjee,Male,43.0,Single,BR010,Business Owner,239900.0,887.0,2,1370.87,Personal Loan,70600.0,12,12.13,6277.02,0.38,0.0,0,2022-11-08,Approved,No,,0
LN001715,Vivaan Gupta,Male,,Single,BR015,Salaried,441900.0,730.0,0,0.0,Business Loan,790800.0,84,12.2,0.0,0.38,865400.0,1,2025-02-14,Rejected,No,,0
LN003609,Sai Joshi,Male,33.0,Married,BR004,Salaried,525500.0,726.0,3,5366.46,Auto Loan,213300.0,48,9.74,5383.24,0.25,0.0,0,2025-01-18,Approved,No,,0
LN000921,Pooja Naidu,Female,40.0,Single,BR003,Self-Employed,618400.0,597.0,1,8623.87,Home Loan,3149300.0,180,10.03,33900.36,0.83,3540400.0,0,2025-06-07,Approved,Yes,2025-09-03,43
LN000739,Aditya Bhatt,Male,43.0,Married,BR015,Salaried,399800.0,655.0,4,581.2,Personal Loan,42100.0,24,14.45,2030.3,0.08,0.0,0,2024-07-12,Approved,No,,0
LN001852,Rahul Mehta,Male,40.0,Married,BR014,Business Owner,534500.0,586.0,0,0.0,Personal Loan,316400.0,48,15.14,8828.12,0.2,0.0,1,2023-12-24,Approved,No,,0
LN003956,Nikhil Patel,Male,27.0,Single,BR010,Salaried,401900.0,873.0,1,4115.57,Business Loan,228900.0,60,10.77,4950.63,0.27,282500.0,0,2024-05-11,Approved,No,,0
LN004919,Neha Malhotra,Female,54.0,Married,BR012,Business Owner,555100.0,776.0,1,9460.01,Personal Loan,198400.0,24,13.24,9454.68,0.41,0.0,0,2022-02-22,Approved,No,,0
LN000678,Diya Gupta,Female,28.0,Single,BR007,Salaried,266000.0,817.0,0,0.0,Auto Loan,308500.0,36,8.83,9785.83,0.44,0.0,1,2023-02-15,Approved,No,,0
LN001665,Ananya Pillai,Female,42.0,Single,BR007,Business Owner,544800.0,459.0,1,6263.11,Business Loan,935400.0,36,14.91,0.0,0.85,1153500.0,2,2022-10-28,Rejected,No,,0
LN002911,Anil Gupta,Male,39.0,Single,BR006,Salaried,424400.0,,0,0.0,Business Loan,342200.0,60,12.72,7737.14,0.22,435100.0,0,2024-11-20,Approved,Yes,2025-10-23,54
LN004448,Priya Chatterjee,Female,34.0,Single,BR018,Unemployed,160100.0,848.0,1,270.44,Personal Loan,65700.0,48,12.52,1746.95,0.15,0.0,0,2023-10-14,Approved,Yes,2025-12-04,68
LN003767,Anjali Das,Female,24.0,Single,BR002,Salaried,250100.0,647.0,4,1894.12,Personal Loan,39000.0,36,14.53,1342.99,0.16,0.0,0,2025-03-10,Approved,No,,0
LN000321,Aarav Rao,Male,33.0,Married,BR007,Salaried,319300.0,604.0,1,2418.17,Personal Loan,34500.0,48,14.96,0.0,0.13,0.0,3,2023-05-27,Rejected,No,,0
LN004314,Nikhil Verma,Male,41.0,Married,BR010,Salaried,493500.0,597.0,1,5101.69,Personal Loan,209500.0,48,15.03,0.0,0.27,0.0,2,2022-05-04,Rejected,No,,0
LN001000,Sai Mehta,Male,46.0,Married,BR009,Salaried,384100.0,660.0,1,5810.9,Home Loan,1328900.0,180,9.4,13796.63,0.61,1481000.0,0,2022-12-10,Approved,No,,0
LN000159,Neha Das,Female,27.0,Single,BR002,Salaried,265400.0,563.0,1,79.18,Personal Loan,31200.0,48,15.37,0.0,0.04,0.0,3,2022-07-15,Rejected,No,,0
LN003671,Riya Chatterjee,Female,45.0,Single,BR010,Salaried,524600.0,646.0,2,7621.53,Auto Loan,434400.0,48,10.54,0.0,0.43,0.0,2,2025-04-24,Rejected,No,,0
LN000337,Vivaan Kapoor,Male,23.0,Single,BR010,Salaried,652000.0,405.0,0,0.0,Personal Loan,126700.0,36,16.95,0.0,0.08,0.0,2,2024-09-21,Rejected,No,,0
LN000169,Ishaan Pillai,Male,36.0,Single,BR004,Salaried,829500.0,674.0,0,0.0,Business Loan,1029700.0,36,12.76,0.0,0.5,1246600.0,0,2024-09-20,Rejected,No,,0
LN004065,Vivaan Chatterjee,Male,42.0,Married,BR001,Salaried,361700.0,787.0,0,0.0,Business Loan,429300.0,24,11.63,20134.54,0.67,551700.0,0,2024-01-21,Approved,No,,0
LN002218,Swati Chatterjee,Female,22.0,Married,BR012,Salaried,392300.0,560.0,2,5205.28,Education Loan,367200.0,120,12.4,0.0,0.32,0.0,0,2023-06-10,Rejected,No,,0
LN003116,Sunita Mehta,Female,49.0,Married,BR016,Self-Employed,457300.0,569.0,1,4251.83,Gold Loan,90300.0,6,10.81,15528.06,0.52,124600.0,4,2023-09-22,Approved,Yes,2023-10-27,117
LN004514,Aditya Gupta,Male,32.0,Married,BR011,Salaried,312600.0,661.0,1,5000.03,Business Loan,723500.0,36,12.89,0.0,1.13,960200.0,0,2022-03-16,Rejected,No,,0
LN000752,Aarav Kapoor,Male,28.0,Divorced,BR007,Salaried,318000.0,645.0,1,6415.83,Auto Loan,285100.0,60,10.55,0.0,0.47,0.0,1,2022-12-27,Rejected,No,,0
LN002432,Krishna Pillai,Male,36.0,Single,BR007,Salaried,247900.0,613.0,0,0.0,Home Loan,770000.0,240,9.87,7364.47,0.36,1004600.0,0,2023-09-10,Approved,No,,0
LN004927,Rohan Reddy,Male,35.0,Married,BR016,Self-Employed,572600.0,705.0,1,5792.25,Personal Loan,59100.0,36,13.95,0.0,0.16,0.0,0,2024-06-10,Rejected,No,,0
LN002454,Vivaan Malhotra,Male,51.0,Married,BR004,Salaried,273000.0,673.0,2,4664.32,Personal Loan,88000.0,24,14.27,0.0,0.39,0.0,1,2023-10-28,Rejected,No,,0
LN004987,Reyansh Mehta,Male,46.0,Divorced,BR002,Salaried,316500.0,695.0,1,6370.44,Education Loan,183500.0,84,11.05,3146.79,0.36,0.0,0,2023-06-01,Approved,No,,0
LN000512,Anil Pillai,Male,24.0,Married,BR005,Salaried,766900.0,634.0,1,10259.47,Personal Loan,164000.0,36,14.66,0.0,0.25,0.0,1,2023-04-12,Rejected,No,,0
LN002289,Deepak Rao,Male,43.0,Single,BR013,Salaried,339100.0,785.0,1,5149.71,Personal Loan,76200.0,12,13.15,6811.34,0.42,0.0,0,2024-10-11,Approved,No,,0
LN003129,Anil Chauhan,Male,31.0,Married,BR012,Self-Employed,178200.0,830.0,4,3415.58,Business Loan,321500.0,36,11.2,10555.97,0.94,386500.0,0,2025-12-29,Approved,No,,0
LN001927,Aditya Malhotra,Male,37.0,Single,BR016,Salaried,476400.0,705.0,2,176.19,Personal Loan,211700.0,12,13.95,19002.95,0.48,0.0,0,2025-08-04,Approved,No,,0
LN001541,Suresh Rao,Male,27.0,Married,BR001,Salaried,709600.0,811.0,2,10368.09,Home Loan,3063400.0,240,7.89,25414.19,0.61,3093300.0,0,2025-01-06,Approved,No,,0
LN001531,Divya Reddy,Female,48.0,Married,BR005,Self-Employed,699600.0,807.0,0,0.0,Home Loan,2297100.0,300,7.93,17623.0,0.3,2667600.0,0,2023-05-14,Approved,No,,0
LN001779,Amit Malhotra,Male,35.0,Married,BR005,Salaried,609300.0,614.0,2,7807.88,Business Loan,587800.0,36,13.36,19907.38,0.55,613500.0,0,2024-05-18,Approved,No,,0
LN001283,Riya Kapoor,Female,35.0,Single,BR006,Salaried,569000.0,765.0,0,0.0,Education Loan,515600.0,84,10.35,8653.1,0.18,0.0,0,2024-07-21,Approved,No,,0
LN000139,Rahul Gupta,Male,30.0,Married,BR007,Business Owner,834000.0,636.0,0,0.0,Home Loan,3238500.0,120,9.64,42154.03,0.61,3955100.0,1,2025-01-31,Approved,No,,0
LN002305,Sai Naidu,Male,21.0,Single,BR010,Self-Employed,315200.0,772.0,0,0.0,Home Loan,974300.0,180,8.28,9469.09,0.36,1044100.0,1,2024-08-25,Approved,No,,0
LN004359,Kritika Gupta,Female,29.0,Married,BR001,Salaried,270500.0,793.0,1,3976.66,Gold Loan,25000.0,12,8.57,2181.3,0.27,31600.0,1,2025-11-09,Approved,No,,0
LN000220,Karthik Chatterjee,Male,46.0,Single,BR002,Salaried,432500.0,900.0,1,5468.42,Auto Loan,217900.0,36,8.0,6828.19,0.34,0.0,0,2024-11-24,Approved,No,,0
LN001342,Kavya Patel,Female,21.0,Single,BR006,Salaried,264200.0,500.0,0,0.0,Home Loan,1405600.0,300,11.0,13776.47,0.63,1799300.0,0,2023-09-14,Approved,No,,0
LN002501,Arjun Singh,Male,44.0,Married,BR001,Business Owner,164600.0,,1,549.69,Education Loan,115700.0,84,12.07,2046.75,0.19,0.0,1,2022-03-03,Approved,No,,0
LN003545,Anil Pillai,Male,30.0,Married,BR008,Business Owner,506900.0,700.0,1,4731.76,Auto Loan,349400.0,48,10.0,0.0,0.32,0.0,0,2025-06-03,Rejected,No,,0
LN000504,Arjun Nair,Male,57.0,Married,BR006,Business Owner,343100.0,670.0,0,0.0,Personal Loan,94300.0,48,14.3,2591.1,0.09,0.0,0,2025-08-25,Approved,No,,0
LN002093,Rohan Chatterjee,Male,22.0,Married,BR017,Self-Employed,295000.0,498.0,0,0.0,Gold Loan,29200.0,12,11.52,0.0,0.11,30800.0,3,2025-11-24,Rejected,No,,0
LN003735,Kavya Chauhan,Female,43.0,Married,BR015,Salaried,392200.0,574.0,2,8073.76,Business Loan,736700.0,60,13.76,0.0,0.77,962900.0,0,2023-03-23,Rejected,No,,0
LN003264,Rahul Sharma,Male,38.0,Single,BR008,Salaried,694300.0,768.0,0,0.0,Home Loan,2163200.0,300,8.32,17157.06,0.3,2165100.0,0,2025-10-24,Approved,No,,0
LN004106,Sneha Nair,Female,35.0,Married,BR006,Salaried,573100.0,519.0,1,7954.5,Home Loan,3223800.0,180,10.81,0.0,0.93,4384200.0,1,2023-03-13,Rejected,No,,0
LN000714,Meera Rao,Female,50.0,Single,BR016,Salaried,562400.0,793.0,0,0.0,Personal Loan,237700.0,24,13.07,11308.51,0.24,0.0,3,2024-08-23,Approved,No,,0
LN000172,Riya Kapoor,Female,21.0,Single,BR009,Salaried,247500.0,691.0,2,641.7,Education Loan,203800.0,120,11.09,2817.74,0.17,0.0,0,2022-12-01,Approved,No,,0
LN003701,Priya Rao,Female,52.0,Married,BR005,Self-Employed,238800.0,727.0,2,3909.61,Home Loan,1198300.0,240,8.73,10574.22,0.73,1342900.0,0,2024-06-19,Approved,No,,0
LN003938,Priya Malhotra,Female,43.0,Married,BR009,Self-Employed,211600.0,719.0,0,0.0,Home Loan,892900.0,240,8.81,7924.87,0.45,1085600.0,1,2022-05-19,Approved,No,,0
LN004255,Aadhya Mehta,Female,28.0,Married,BR010,Self-Employed,675800.0,616.0,0,0.0,Personal Loan,332700.0,12,14.84,0.0,0.53,0.0,2,2025-09-06,Rejected,No,,0
LN002717,Nikhil Singh,Male,38.0,Married,BR002,Business Owner,885500.0,604.0,1,17924.24,Home Loan,5219200.0,180,9.96,55958.14,1.0,7063000.0,0,2023-04-04,Approved,No,,0
LN000098,Ananya Gupta,Female,35.0,Married,BR001,Salaried,1009700.0,805.0,4,20616.06,Education Loan,459700.0,120,9.95,6062.25,0.32,0.0,1,2023-02-05,Approved,Yes,2024-01-30,58
LN004967,Manish Patel,Male,32.0,Married,BR005,Salaried,354700.0,693.0,1,3904.86,Business Loan,629000.0,84,12.57,0.0,0.51,755700.0,0,2024-07-14,Rejected,No,,0
LN005345,Kritika Verma,Female,21.0,Single,BR007,Self-Employed,517900.0,775.0,0,0.0,Auto Loan,379400.0,48,9.25,0.0,0.22,0.0,0,2023-07-29,Rejected,No,,0
LN005269,Divya Verma,Female,38.0,Single,BR014,Salaried,321400.0,683.0,3,5175.1,Personal Loan,137800.0,48,14.17,0.0,0.33,0.0,0,2023-06-25,Rejected,No,,0
LN001049,Ishita Nair,Female,30.0,Single,BR006,Salaried,1397000.0,900.0,0,0.0,Personal Loan,356100.0,36,12.0,11827.62,0.1,0.0,1,2025-11-14,Approved,No,,0
LN002574,Aadhya Rao,Female,43.0,Married,BR014,Business Owner,315300.0,865.0,0,0.0,Personal Loan,119000.0,12,12.35,10592.5,0.4,0.0,1,2024-03-02,Approved,No,,0
LN002061,Rohan Iyer,Male,53.0,Married,BR006,Salaried,337900.0,699.0,1,675.64,Home Loan,1827600.0,180,9.01,18547.61,0.68,2125900.0,1,2023-10-22,Approved,No,,0
LN000118,Priya Das,Female,36.0,Married,BR005,Salaried,571900.0,611.0,0,0.0,Education Loan,478000.0,36,11.89,0.0,0.33,0.0,0,2023-03-22,Rejected,No,,0
LN000347,Rahul Nair,Male,45.0,Single,BR012,Self-Employed,549000.0,647.0,0,0.0,Gold Loan,30800.0,6,10.03,5284.55,0.12,41500.0,3,2024-09-25,Approved,Yes,2025-01-16,144
LN002527,Arjun Reddy,Male,37.0,Single,BR007,Salaried,,687.0,1,2124.9,Personal Loan,50200.0,24,14.13,2413.33,0.43,0.0,1,2024-03-22,Approved,Yes,2024-05-12,21
LN001295,Rahul Reddy,Male,40.0,Married,BR014,Salaried,906100.0,663.0,0,0.0,Home Loan,2761800.0,120,9.37,35540.74,0.47,3672600.0,2,2022-05-02,Approved,No,,0
LN003557,Meera Sharma,Female,21.0,Divorced,BR009,Business Owner,262000.0,745.0,1,1500.96,Personal Loan,155600.0,24,13.55,0.0,0.41,0.0,1,2025-08-26,Rejected,No,,0
LN001856,Ishita Nair,Female,37.0,Single,BR005,Business Owner,311700.0,535.0,2,5457.23,Home Loan,1524300.0,120,10.65,0.0,1.01,1613300.0,2,2023-07-24,Rejected,No,,0
LN002916,Aarav Rao,Male,41.0,Married,BR012,Salaried,169800.0,807.0,2,2864.82,Auto Loan,132800.0,84,8.93,2131.91,0.35,0.0,0,2024-04-13,Approved,No,,0
LN003073,Divya Chatterjee,Female,25.0,Married,BR004,Self-Employed,508300.0,805.0,1,6148.41,Business Loan,423100.0,84,11.45,7345.0,0.32,435500.0,2,2024-11-10,Approved,No,,0
LN000260,Ishita Reddy,Female,21.0,Single,BR003,Self-Employed,590200.0,884.0,0,0.0,Business Loan,512200.0,84,10.66,8678.81,0.18,581800.0,2,2024-01-26,Approved,No,,0
LN001337,Rajesh Kapoor,Male,,Divorced,BR001,Business Owner,518900.0,628.0,1,1733.91,Business Loan,560300.0,84,13.22,10260.09,0.28,754600.0,0,2023-03-01,Approved,No,,0
LN001244,Vihaan Mehta,Male,42.0,Married,BR011,Salaried,188000.0,665.0,0,0.0,Personal Loan,33700.0,24,14.35,1623.61,0.1,0.0,0,2022-04-11,Approved,No,,0
LN004803,Ananya Pillai,Female,50.0,Married,BR002,Business Owner,414300.0,676.0,1,3950.09,Education Loan,214600.0,84,11.24,3701.61,0.22,0.0,0,2024-12-28,Approved,No,,0
LN001082,Vikram Iyer,Male,37.0,Divorced,BR017,Business Owner,178700.0,702.0,2,2884.49,Gold Loan,25000.0,6,9.48,0.0,0.48,29800.0,1,2025-07-15,Rejected,No,,0
LN000327,Vivaan Mehta,Male,29.0,Married,BR009,Self-Employed,328700.0,541.0,1,5612.67,Business Loan,519100.0,60,14.09,12102.78,0.65,554300.0,0,2025-04-08,Approved,Yes,2025-12-06,74
LN004801,Rohan Agarwal,Male,35.0,Divorced,BR003,Self-Employed,1257000.0,672.0,0,0.0,Auto Loan,1398800.0,48,10.28,35665.57,0.34,0.0,1,2023-09-18,Approved,No,,0
LN000066,Aarav Bhatt,Male,30.0,Married,BR006,Salaried,1215600.0,767.0,0,0.0,Education Loan,679000.0,120,10.33,9097.57,0.09,0.0,0,2025-09-04,Approved,Yes,2025-10-27,32
LN004260,Aarav Pillai,Male,33.0,Married,BR001,Salaried,284400.0,729.0,3,1550.31,Business Loan,441200.0,84,12.21,7838.02,0.4,579600.0,0,2025-11-11,Approved,No,,0
LN000633,Swati Bhatt,Female,45.0,Single,BR014,Salaried,385300.0,732.0,0,0.0,Home Loan,1570600.0,120,8.68,19624.72,0.61,1971000.0,1,2024-11-08,Approved,No,,0
LN002132,Sai Verma,Male,27.0,Single,BR001,Self-Employed,316500.0,466.0,2,2300.68,Auto Loan,197600.0,48,12.34,0.0,0.29,0.0,1,2025-09-29,Rejected,No,,0
LN004057,Ananya Chauhan,Female,53.0,Single,BR002,Salaried,1123900.0,672.0,1,19613.08,Business Loan,1839200.0,84,12.78,33239.07,0.56,2548600.0,0,2023-12-13,Approved,No,,0
LN002703,Rekha Pillai,Female,29.0,Single,BR013,Salaried,197900.0,631.0,1,3283.56,Business Loan,343700.0,24,13.19,16370.81,1.19,358800.0,0,2022-11-18,Approved,No,,0
LN004102,Reyansh Naidu,Male,31.0,Married,BR006,Self-Employed,582400.0,819.0,1,3554.21,Business Loan,727800.0,36,11.31,23934.22,0.57,840800.0,1,2022-03-12,Approved,No,,0
LN005389,Pooja Naidu,Female,34.0,Married,BR010,Unemployed,,881.0,0,0.0,Business Loan,215800.0,84,10.69,3659.94,0.49,218100.0,0,2022-02-09,Approved,No,,0
LN005219,Priya Singh,Female,61.0,Married,BR003,Self-Employed,329500.0,514.0,0,0.0,Personal Loan,160900.0,12,15.86,0.0,0.53,0.0,1,2024-09-15,Rejected,No,,0
LN004345,Ananya Sharma,Female,29.0,Married,BR002,Self-Employed,363800.0,726.0,2,4119.29,Business Loan,342600.0,84,12.24,6091.89,0.34,353400.0,0,2023-12-30,Approved,No,,0
LN002117,Swati Kapoor,Female,,Married,BR013,Self-Employed,430200.0,752.0,1,3578.69,Gold Loan,35400.0,18,8.98,2109.43,0.16,44400.0,1,2022-03-07,Approved,No,,0
LN002032,Kritika Singh,Female,,Single,BR012,Self-Employed,314400.0,583.0,1,739.65,Auto Loan,238300.0,60,11.17,0.0,0.23,0.0,1,2023-07-01,Rejected,No,,0
LN002417,Aarav Nair,Male,36.0,Married,BR006,Salaried,585100.0,645.0,0,0.0,Home Loan,1992200.0,180,9.55,20863.19,0.43,2286600.0,0,2025-02-24,Approved,No,,0
LN003277,Aarav Pillai,Male,45.0,Single,BR011,Unemployed,318900.0,744.0,1,4776.66,Home Loan,1694200.0,240,8.56,14767.06,0.74,2044900.0,0,2024-08-24,Approved,No,,0
LN000083,Meera Bhatt,Female,21.0,Single,BR008,Salaried,235300.0,432.0,1,3333.89,Education Loan,85600.0,60,13.68,1977.59,0.27,0.0,1,2022-03-22,Approved,No,,0
LN000702,Priya Iyer,Female,44.0,Married,BR001,Salaried,446100.0,687.0,1,2015.29,Gold Loan,57100.0,18,9.63,0.0,0.15,73400.0,0,2022-08-14,Rejected,No,,0
LN000894,Geeta Pillai,Female,51.0,Single,BR006,Business Owner,580900.0,642.0,0,0.0,Personal Loan,99200.0,12,14.58,0.0,0.18,0.0,0,2023-03-26,Rejected,No,,0
LN004625,Karthik Kapoor,Male,28.0,Single,BR018,Salaried,337800.0,751.0,2,1568.57,Personal Loan,92200.0,24,13.49,4404.61,0.21,0.0,0,2025-04-16,Approved,No,,0
LN004578,Krishna Bhatt,Male,31.0,Married,BR008,Salaried,635500.0,870.0,0,0.0,Business Loan,547400.0,60,10.8,11847.28,0.22,716500.0,0,2022-12-10,Approved,No,,0
LN004609,Kavya Reddy,Female,46.0,Single,BR004,Business Owner,151300.0,759.0,0,0.0,Auto Loan,61400.0,60,9.41,1286.82,0.1,0.0,0,2023-12-23,Approved,No,,0
LN002286,Arjun Iyer,Male,27.0,Single,BR014,Self-Employed,552000.0,742.0,1,6906.11,Education Loan,540900.0,60,10.58,0.0,0.4,0.0,0,2025-11-12,Rejected,No,,0
LN004567,Amit Reddy,Male,25.0,Single,BR008,Salaried,646800.0,773.0,2,5296.36,Education Loan,258000.0,60,10.27,5516.08,0.2,0.0,0,2025-04-17,Approved,No,,0
LN003148,Vikram Iyer,Male,43.0,Married,BR002,Salaried,717300.0,641.0,2,7013.03,Education Loan,315900.0,120,11.59,4457.69,0.19,0.0,0,2023-07-15,Approved,No,,0
LN000692,Riya Singh,Female,29.0,Single,BR006,Salaried,372300.0,662.0,0,0.0,Home Loan,1950100.0,180,9.38,20222.46,0.65,1984800.0,0,2024-07-21,Approved,No,,0
LN000343,Amit Agarwal,Male,27.0,Divorced,BR006,Salaried,417200.0,721.0,0,0.0,Gold Loan,125000.0,24,9.29,5727.24,0.16,162400.0,1,2023-02-11,Approved,No,,0
LN000253,Sunita Pillai,Female,21.0,Single,BR017,Salaried,183600.0,623.0,0,0.0,Gold Loan,40300.0,18,10.27,2425.31,0.16,47500.0,0,2022-10-02,Approved,No,,0
LN002618,Karthik Reddy,Male,29.0,Married,BR005,Salaried,655700.0,757.0,1,12228.0,Auto Loan,414200.0,48,9.43,10392.16,0.41,0.0,0,2022-12-17,Approved,No,,0
LN005222,Anil Bhatt,Male,51.0,Single,BR012,Salaried,297100.0,613.0,1,1277.13,Gold Loan,79700.0,18,10.37,4800.14,0.25,84100.0,1,2024-04-25,Approved,No,,0
LN005430,Deepak Das,Male,50.0,Single,BR008,Self-Employed,949300.0,665.0,0,0.0,Personal Loan,202500.0,36,14.35,0.0,0.09,0.0,0,2022-11-29,Rejected,No,,0
LN001953,Rekha Singh,Female,21.0,Single,BR009,Salaried,578200.0,746.0,0,0.0,Education Loan,558000.0,84,10.54,9419.89,0.2,0.0,1,2022-10-03,Approved,Yes,2023-04-11,17
LN000857,Deepak Naidu,Male,31.0,Married,BR005,Self-Employed,589300.0,784.0,1,11919.1,Education Loan,336700.0,36,10.16,10889.67,0.46,0.0,0,2023-11-19,Approved,No,,0
LN004817,Ishita Iyer,Female,21.0,Married,BR006,Self-Employed,530700.0,624.0,1,7949.81,Auto Loan,496400.0,60,10.76,0.0,0.42,0.0,0,2022-04-20,Rejected,No,,0
LN001832,Sai Pillai,Male,39.0,Married,BR001,Self-Employed,663000.0,691.0,0,0.0,Personal Loan,225200.0,24,14.09,10822.08,0.2,0.0,1,2022-08-21,Approved,No,,0
LN003447,Vikram Nair,Male,47.0,Single,BR007,Salaried,186300.0,544.0,0,0.0,Business Loan,146200.0,84,14.06,2744.64,0.18,201600.0,2,2022-01-29,Approved,Yes,2022-04-23,58
LN002859,Saanvi Singh,Female,,Married,BR005,Self-Employed,453500.0,626.0,0,0.0,Auto Loan,410500.0,48,10.74,0.0,0.28,0.0,1,2023-07-25,Rejected,No,,0
LN002964,Manish Naidu,Male,33.0,Single,BR006,Self-Employed,148500.0,668.0,0,0.0,Home Loan,698600.0,300,9.32,0.0,0.49,762900.0,0,2022-07-18,Rejected,No,,0
LN004189,Krishna Iyer,Male,32.0,Married,BR006,Salaried,257900.0,775.0,1,3479.0,Gold Loan,47700.0,6,8.75,8154.12,0.54,53900.0,0,2024-05-29,Approved,No,,0
LN001092,Rahul Chatterjee,Male,39.0,Married,BR005,Business Owner,440000.0,754.0,0,0.0,Personal Loan,68900.0,24,13.46,0.0,0.09,0.0,1,2023-11-07,Rejected,No,,0
LN001525,Sai Gupta,Male,21.0,Single,BR008,Unemployed,283200.0,532.0,2,4961.05,Home Loan,1181600.0,180,10.68,0.0,0.77,1546900.0,2,2024-11-04,Rejected,No,,0
LN003197,Rajesh Pillai,Male,55.0,Married,BR005,Salaried,1391400.0,617.0,0,0.0,Personal Loan,628500.0,24,14.83,0.0,0.26,0.0,0,2024-04-21,Rejected,No,,0
LN000177,Kavya Naidu,Female,33.0,Married,BR008,Self-Employed,423000.0,753.0,2,5900.67,Personal Loan,194900.0,12,13.47,0.0,0.66,0.0,0,2024-01-11,Rejected,No,,0
LN003310,Sai Iyer,Male,42.0,Married,BR015,Salaried,230600.0,860.0,1,2509.77,Home Loan,981400.0,240,7.4,7846.19,0.54,1023200.0,0,2022-10-05,Approved,No,,0
LN003741,Karthik Rao,Male,41.0,Married,BR003,Business Owner,741100.0,776.0,3,8413.56,Auto Loan,316200.0,60,9.24,6600.68,0.24,0.0,0,2023-05-21,Approved,No,,0
LN005211,Pooja Agarwal,Female,27.0,Married,BR010,Salaried,506400.0,742.0,0,0.0,Education Loan,430500.0,60,10.58,9270.19,0.22,0.0,1,2023-10-28,Approved,No,,0
LN005030,Shreya Gupta,Female,40.0,Divorced,BR012,Salaried,364400.0,619.0,1,231.0,Gold Loan,107800.0,18,10.31,6489.55,0.22,110900.0,0,2025-04-17,Approved,No,,0
LN000194,Pooja Kapoor,Female,38.0,Divorced,BR003,Self-Employed,497600.0,596.0,3,7947.44,Personal Loan,126500.0,24,15.04,0.0,0.34,0.0,2,2023-11-10,Rejected,No,,0
LN001644,Pooja Singh,Female,21.0,Single,BR011,Business Owner,1266200.0,,2,26369.05,Home Loan,5591000.0,300,10.0,50805.46,0.73,6333500.0,2,2022-11-03,Approved,Yes,2024-07-11,100
LN003783,Aarav Verma,Male,44.0,Married,BR010,Salaried,256900.0,801.0,0,0.0,Personal Loan,34200.0,36,12.99,0.0,0.05,0.0,0,2025-01-16,Rejected,No,,0
LN000971,Rahul Naidu,Male,41.0,Married,BR018,Salaried,274200.0,900.0,0,0.0,Auto Loan,195500.0,84,8.0,3047.1,0.13,0.0,1,2025-01-06,Approved,No,,0
LN001227,Rekha Iyer,Female,33.0,Single,BR010,Self-Employed,311600.0,,2,6166.22,Home Loan,1676800.0,300,9.27,14382.96,0.79,2189400.0,0,2024-11-19,Approved,No,,0
LN002420,Swati Gupta,Female,41.0,Married,BR001,Self-Employed,1042100.0,735.0,0,0.0,Auto Loan,894400.0,60,9.65,18849.7,0.22,0.0,1,2024-11-14,Approved,No,,0
LN000176,Sai Chatterjee,Male,21.0,Married,BR017,Salaried,324800.0,660.0,0,0.0,Business Loan,406600.0,60,12.9,0.0,0.34,566500.0,0,2024-02-06,Rejected,No,,0
LN003488,Reyansh Chatterjee,Male,40.0,Divorced,BR005,Self-Employed,823100.0,705.0,1,11019.41,Business Loan,416100.0,84,12.45,0.0,0.27,489200.0,0,2025-04-07,Rejected,No,,0
LN005062,Neha Das,Female,22.0,Divorced,BR004,Salaried,997900.0,735.0,0,0.0,Home Loan,5217700.0,300,8.65,42543.06,0.51,5258400.0,1,2024-12-25,Approved,No,,0
LN004502,Pooja Iyer,Female,38.0,Married,BR011,Unemployed,175900.0,683.0,2,1922.46,Education Loan,120600.0,120,11.17,1672.89,0.25,0.0,0,2025-08-20,Approved,No,,0
LN004814,Geeta Mehta,Female,41.0,Married,BR008,Business Owner,341900.0,756.0,0,0.0,Personal Loan,182900.0,36,13.44,6201.46,0.22,0.0,0,2022-06-09,Approved,Yes,2023-04-29,26
LN003770,Neha Pillai,Female,28.0,Married,BR005,Business Owner,520500.0,657.0,0,0.0,Personal Loan,119300.0,48,14.43,3285.84,0.08,0.0,0,2024-06-20,Approved,No,,0
LN003028,Divya Das,Female,24.0,Married,BR017,Self-Employed,567800.0,886.0,2,6022.92,Home Loan,3072000.0,300,7.14,21987.39,0.59,3567400.0,0,2024-05-10,Approved,No,,0
LN003413,Diya Naidu,Female,36.0,Single,BR005,Salaried,537400.0,706.0,1,5380.37,Home Loan,3119900.0,120,8.94,39420.34,1.0,3979800.0,0,2025-04-24,Approved,No,,0
LN003300,Ananya Singh,Female,47.0,Married,BR012,Self-Employed,446700.0,509.0,2,5830.29,Personal Loan,129600.0,36,15.91,4550.6,0.28,0.0,0,2024-03-29,Approved,Yes,2025-08-05,31
LN003596,Manish Kapoor,Male,37.0,Married,BR009,Business Owner,325600.0,637.0,0,0.0,Gold Loan,91900.0,12,10.13,8085.03,0.3,116700.0,2,2023-02-05,Approved,No,,0
LN002603,Nikhil Nair,Male,22.0,Divorced,BR001,Salaried,299000.0,727.0,1,2760.0,Gold Loan,25000.0,24,9.23,1144.76,0.16,31700.0,1,2025-03-29,Approved,No,,0
LN004160,Aditya Verma,Male,47.0,Married,BR005,Salaried,256800.0,738.0,3,3607.38,Business Loan,202400.0,24,12.12,9539.02,0.61,279900.0,0,2024-10-06,Approved,No,,0
LN001439,Anil Verma,Male,39.0,Married,BR007,Salaried,232700.0,691.0,1,3042.4,Personal Loan,63500.0,12,14.09,5704.17,0.45,0.0,0,2024-07-06,Approved,No,,0
LN004258,Sneha Gupta,Female,55.0,Single,BR018,Salaried,606500.0,723.0,1,6619.16,Home Loan,2141200.0,120,8.77,26858.01,0.66,2843300.0,1,2024-03-21,Approved,Yes,2025-05-30,93
LN003915,Karthik Iyer,Male,32.0,Married,BR003,Business Owner,661200.0,692.0,2,9159.44,Gold Loan,85600.0,12,9.58,7508.89,0.3,88400.0,1,2023-11-05,Approved,No,,0
LN004672,Vikram Agarwal,Male,33.0,Single,BR006,Salaried,402000.0,634.0,0,0.0,Personal Loan,205200.0,24,14.66,9916.34,0.3,0.0,0,2025-07-06,Approved,No,,0
LN004922,Anil Bhatt,Male,45.0,Single,BR001,Business Owner,1014200.0,677.0,1,19039.3,Auto Loan,500800.0,36,10.23,16213.54,0.42,0.0,0,2022-04-01,Approved,No,,0
LN000410,Vihaan Gupta,Male,25.0,Single,BR005,Unemployed,110300.0,620.0,0,0.0,Home Loan,544600.0,180,9.8,0.0,0.63,709200.0,1,2022-05-21,Rejected,No,,0
LN002785,Vihaan Bhatt,Male,35.0,Single,BR001,Salaried,171200.0,688.0,0,0.0,Personal Loan,32400.0,48,14.12,887.33,0.06,0.0,0,2025-09-02,Approved,Yes,2025-11-04,157
LN002888,Rajesh Das,Male,32.0,Married,BR001,Unemployed,137100.0,676.0,0,0.0,Personal Loan,65400.0,36,14.24,0.0,0.2,0.0,2,2022-10-10,Rejected,No,,0
LN000757,Priya Malhotra,Female,22.0,Divorced,BR002,Salaried,352700.0,680.0,2,4261.32,Home Loan,1294700.0,300,9.2,11042.94,0.52,1719700.0,0,2024-12-29,Approved,No,,0
LN002229,Vihaan Joshi,Male,21.0,Single,BR007,Business Owner,748000.0,563.0,0,0.0,Education Loan,415100.0,36,12.37,13860.73,0.22,0.0,3,2024-04-20,Approved,No,,0
LN002796,Suresh Bhatt,Male,52.0,Single,BR009,Salaried,578500.0,724.0,1,1241.21,Auto Loan,666500.0,84,9.76,10982.21,0.25,0.0,1,2024-01-26,Approved,No,,0
LN005111,Deepak Chauhan,Male,39.0,Single,BR003,Unemployed,90300.0,762.0,2,991.34,Personal Loan,31900.0,12,13.38,2854.91,0.51,0.0,1,2024-01-19,Approved,No,,0
LN000905,Amit Rao,Male,39.0,Married,BR015,Self-Employed,1600500.0,684.0,0,0.0,Education Loan,1116700.0,84,11.16,19214.7,0.14,0.0,1,2024-06-22,Approved,No,,0
LN000691,Sai Joshi,Male,36.0,Married,BR010,Salaried,495500.0,637.0,1,5138.21,Business Loan,941700.0,60,13.13,21489.29,0.64,992600.0,0,2025-01-26,Approved,No,,0
LN001023,Shreya Iyer,Female,42.0,Divorced,BR001,Salaried,275500.0,743.0,2,3685.19,Personal Loan,45100.0,48,13.57,1222.72,0.21,0.0,0,2022-04-28,Approved,No,,0
LN001264,Sai Agarwal,Male,40.0,Single,BR016,Salaried,305100.0,742.0,0,0.0,Auto Loan,246500.0,84,9.58,4038.9,0.16,0.0,0,2025-05-28,Approved,Yes,2025-09-07,9
LN004375,Riya Agarwal,Female,48.0,Divorced,BR018,Salaried,447300.0,713.0,1,2641.54,Personal Loan,179200.0,24,13.87,8592.91,0.3,0.0,0,2025-10-25,Approved,No,,0
LN004636,Rajesh Das,Male,39.0,Married,BR007,Salaried,295800.0,638.0,0,0.0,Auto Loan,155300.0,60,10.62,0.0,0.14,0.0,2,2023-02-18,Rejected,No,,0
LN001420,Vihaan Malhotra,Male,50.0,Single,BR005,Salaried,271100.0,730.0,0,0.0,Home Loan,1061900.0,120,8.7,13279.9,0.59,1178800.0,1,2025-06-08,Approved,No,,0
LN004317,Shreya Naidu,Female,39.0,Married,BR007,Unemployed,201600.0,679.0,0,0.0,Auto Loan,106200.0,60,10.21,0.0,0.13,0.0,1,2025-04-17,Rejected,No,,0
LN004396,Amit Gupta,Male,45.0,Married,BR011,Self-Employed,192700.0,640.0,0,0.0,Auto Loan,79600.0,60,10.6,1714.86,0.11,0.0,2,2022-01-01,Approved,No,,0
LN005265,Vivaan Iyer,Male,21.0,Single,BR010,Salaried,656600.0,702.0,1,3739.69,Personal Loan,389200.0,24,13.98,18682.94,0.41,0.0,1,2025-07-04,Approved,Yes,2025-11-16,1
LN000951,Nikhil Joshi,Male,22.0,Single,BR008,Salaried,231500.0,555.0,1,3264.63,Personal Loan,88600.0,48,15.45,0.0,0.3,0.0,2,2022-01-02,Rejected,No,,0
LN004124,Nikhil Verma,Male,21.0,Single,BR006,Business Owner,1013400.0,599.0,0,0.0,Auto Loan,1015600.0,60,11.01,0.0,0.26,0.0,0,2025-12-15,Rejected,No,,0
LN002072,Manish Bhatt,Male,27.0,Married,BR003,Business Owner,438400.0,830.0,0,0.0,Auto Loan,193500.0,84,8.7,3083.86,0.08,0.0,2,2023-08-01,Approved,No,,0
LN004465,Vikram Rao,Male,41.0,Single,BR005,Self-Employed,572200.0,634.0,1,2507.86,Personal Loan,292800.0,48,14.66,0.0,0.22,0.0,1,2025-07-20,Rejected,No,,0
LN004029,Krishna Gupta,Male,28.0,Single,BR006,Salaried,638200.0,819.0,2,219.5,Gold Loan,93300.0,24,8.31,4232.91,0.08,119300.0,2,2024-04-05,Approved,No,,0
LN004300,Aadhya Sharma,Female,31.0,Married,BR002,Self-Employed,242700.0,820.0,1,1058.29,Personal Loan,140800.0,36,12.8,0.0,0.29,0.0,1,2022-09-17,Rejected,No,,0
LN003121,Manish Chauhan,Male,51.0,Married,BR011,Salaried,281000.0,623.0,2,5288.02,Auto Loan,319700.0,60,10.77,6914.44,0.52,0.0,3,2023-01-26,Approved,Yes,2024-11-23,48
LN003149,Aadhya Patel,Female,45.0,Married,BR007,Business Owner,454200.0,621.0,0,0.0,Auto Loan,426100.0,84,10.79,7248.91,0.19,0.0,1,2025-06-29,Approved,No,,0
LN004323,Sai Kapoor,Male,45.0,Married,BR009,Self-Employed,850200.0,810.0,0,0.0,Personal Loan,493200.0,12,12.9,44028.14,0.62,0.0,1,2024-10-10,Approved,No,,0
LN001775,Vihaan Rao,Male,22.0,Married,BR011,Salaried,316200.0,620.0,0,0.0,Business Loan,716100.0,60,13.3,0.0,0.62,759400.0,2,2022-03-16,Rejected,No,,0
LN004990,Arjun Bhatt,Male,34.0,Single,BR006,Self-Employed,264900.0,900.0,0,0.0,Education Loan,193100.0,60,9.0,0.0,0.18,0.0,0,2025-08-30,Rejected,No,,0
LN005039,Amit Joshi,Male,50.0,Married,BR014,Salaried,829800.0,384.0,0,0.0,Personal Loan,492700.0,24,17.16,0.0,0.35,0.0,0,2022-12-27,Rejected,No,,0
LN004981,Rajesh Iyer,Male,36.0,Married,BR001,Salaried,371700.0,829.0,1,5650.7,Gold Loan,64400.0,6,8.21,10991.81,0.54,66000.0,0,2022-12-10,Approved,Yes,2023-05-21,62
LN001447,Krishna Joshi,Male,33.0,Single,BR002,Salaried,650700.0,763.0,1,8278.95,Home Loan,3039200.0,240,8.37,26125.36,0.63,3740300.0,0,2022-01-29,Approved,No,,0
LN003942,Aadhya Iyer,Female,22.0,Married,BR015,Salaried,640400.0,798.0,0,0.0,Home Loan,2739700.0,240,8.02,22950.06,0.43,3447000.0,0,2022-07-06,Approved,No,,0
LN002018,Rohan Reddy,Male,42.0,Married,BR004,Self-Employed,115700.0,841.0,0,0.0,Home Loan,636200.0,240,7.59,5160.25,0.54,783300.0,0,2025-09-13,Approved,No,,0
LN004203,Anjali Das,Female,31.0,Married,BR012,Business Owner,140400.0,884.0,1,752.06,Education Loan,72200.0,84,9.16,1167.5,0.16,0.0,0,2023-01-14,Approved,No,,0
LN001397,Sunita Verma,Female,42.0,Married,BR016,Salaried,774200.0,664.0,2,512.96,Home Loan,3831200.0,300,9.36,33100.98,0.52,3888500.0,0,2025-06-18,Approved,No,,0
LN004538,Krishna Reddy,Male,42.0,Single,BR008,Business Owner,709900.0,566.0,1,9502.65,Home Loan,4058100.0,120,10.34,0.0,1.08,4401100.0,1,2023-11-18,Rejected,No,,0
LN003884,Neha Malhotra,Female,38.0,Married,BR005,Self-Employed,587500.0,728.0,2,7662.96,Personal Loan,268000.0,24,13.72,0.0,0.42,0.0,0,2022-10-23,Rejected,No,,0
LN003166,Divya Iyer,Female,46.0,Married,BR003,Salaried,673400.0,536.0,0,0.0,Personal Loan,113000.0,48,15.64,0.0,0.06,0.0,0,2023-12-28,Rejected,No,,0
LN005296,Manish Das,Male,35.0,Divorced,BR009,Business Owner,519300.0,741.0,1,9996.88,Home Loan,2713900.0,240,8.59,23706.67,0.78,2957400.0,1,2025-12-22,Approved,Yes,,33
LN003630,Ananya Das,Female,38.0,Single,BR009,Salaried,359400.0,589.0,1,192.58,Auto Loan,417000.0,36,11.11,13673.78,0.46,0.0,0,2022-12-12,Approved,Yes,2025-10-31,41
LN003450,Aarav Reddy,Male,25.0,Married,BR006,Salaried,,716.0,1,3453.97,Business Loan,613700.0,84,12.34,0.0,0.38,704700.0,0,2023-02-15,Rejected,No,,0
LN001807,Vihaan Bhatt,Male,48.0,Married,BR001,Self-Employed,326600.0,615.0,2,5625.83,Personal Loan,69700.0,24,14.85,0.0,0.33,0.0,0,2025-08-13,Rejected,No,,0
LN003661,Anjali Pillai,Female,29.0,Single,BR005,Business Owner,654200.0,528.0,1,10010.78,Auto Loan,330000.0,48,11.72,8644.87,0.34,0.0,1,2025-11-02,Approved,No,,0
LN005077,Vikram Chauhan,Male,36.0,Single,BR009,Salaried,2065400.0,761.0,0,0.0,Education Loan,716500.0,84,10.39,12039.63,0.07,0.0,0,2022-06-19,Approved,No,,0
LN002616,Aditya Iyer,Male,32.0,Married,BR013,Business Owner,795900.0,792.0,2,10142.54,Personal Loan,90300.0,36,13.08,3046.04,0.2,0.0,0,2025-02-11,Approved,No,,0
LN004001,Swati Bhatt,Female,,Single,BR010,Self-Employed,480700.0,632.0,1,9541.02,Gold Loan,69200.0,6,10.18,0.0,0.53,72800.0,5,2024-01-02,Rejected,No,,0
LN002581,Anil Malhotra,Male,44.0,Married,BR006,Business Owner,580200.0,680.0,1,11977.54,Education Loan,460600.0,84,11.2,7935.11,0.41,0.0,0,2022-11-12,Approved,No,,0
LN000331,Sai Das,Male,21.0,Single,BR002,Salaried,453100.0,614.0,3,1163.33,Home Loan,2418300.0,180,9.86,0.0,0.71,2756800.0,1,2024-03-01,Rejected,No,,0
LN003168,Ananya Bhatt,Female,37.0,Married,BR008,Salaried,220400.0,689.0,0,0.0,Personal Loan,56100.0,24,14.11,0.0,0.15,0.0,0,2024-07-22,Rejected,No,,0
LN003113,Sneha Joshi,Female,25.0,Married,BR005,Self-Employed,778800.0,637.0,0,0.0,Personal Loan,80700.0,36,14.63,0.0,0.04,0.0,0,2025-08-02,Rejected,No,,0
LN004667,Saanvi Rao,Female,21.0,Divorced,BR006,Business Owner,781600.0,643.0,0,0.0,Gold Loan,95700.0,12,10.07,8416.67,0.13,99700.0,1,2025-03-16,Approved,Yes,2025-07-07,82
LN000755,Aadhya Reddy,Female,42.0,Married,BR015,Salaried,441000.0,629.0,1,6408.92,Personal Loan,73900.0,48,14.71,2045.85,0.23,0.0,2,2023-06-06,Approved,No,,0
LN003272,Arjun Chatterjee,Male,41.0,Single,BR018,Salaried,538300.0,665.0,1,10246.8,Home Loan,2340900.0,180,9.35,24232.82,0.77,2896700.0,0,2024-05-07,Approved,No,,0
LN002744,Suresh Chatterjee,Male,21.0,Married,BR007,Salaried,526400.0,653.0,1,7595.67,Auto Loan,570000.0,84,10.47,9601.67,0.39,0.0,0,2025-03-26,Approved,No,,0
LN005490,Aarav Agarwal,Male,37.0,Single,BR008,Self-Employed,117800.0,690.0,2,1333.38,Auto Loan,53900.0,48,10.1,0.0,0.28,0.0,0,2023-03-17,Rejected,No,,0
LN001691,Ananya Naidu,Female,36.0,Married,BR018,Self-Employed,194800.0,885.0,3,2675.41,Personal Loan,104200.0,48,12.15,2751.67,0.33,0.0,0,2022-12-12,Approved,No,,0
LN003527,Vivaan Patel,Male,43.0,Single,BR015,Unemployed,118400.0,751.0,0,0.0,Auto Loan,102900.0,60,9.49,0.0,0.22,0.0,0,2022-04-15,Rejected,No,,0
LN002014,Sai Chatterjee,Male,44.0,Single,BR018,Self-Employed,528100.0,816.0,0,0.0,Personal Loan,155700.0,48,12.84,4164.69,0.09,0.0,0,2025-06-13,Approved,No,,0
LN005069,Kritika Iyer,Female,31.0,Single,BR002,Salaried,233100.0,725.0,0,0.0,Home Loan,1065600.0,180,8.75,10650.12,0.55,1222600.0,1,2024-09-05,Approved,No,,0
LN001378,Suresh Chatterjee,Male,22.0,Single,BR016,Salaried,450100.0,688.0,2,8332.61,Home Loan,2380800.0,300,9.12,20175.59,0.76,2900900.0,2,2022-08-10,Approved,No,,0
LN000667,Saanvi Pillai,Female,22.0,Single,BR008,Business Owner,1153000.0,467.0,1,7391.28,Auto Loan,864700.0,48,12.33,0.0,0.32,0.0,2,2023-11-21,Rejected,No,,0
LN000355,Krishna Iyer,Male,24.0,Married,BR015,Salaried,517800.0,551.0,1,7505.74,Business Loan,282200.0,84,13.99,5286.87,0.3,335900.0,2,2023-06-11,Approved,Yes,2024-09-02,49
LN000730,Anjali Pillai,Female,33.0,Single,BR009,Salaried,425700.0,760.0,1,7288.85,Business Loan,773300.0,60,11.9,17162.58,0.69,933900.0,0,2022-06-17,Approved,No,,0
LN001866,Diya Naidu,Female,39.0,Married,BR007,Salaried,400500.0,611.0,3,7811.02,Education Loan,298500.0,84,11.89,5251.8,0.39,0.0,1,2024-05-13,Approved,Yes,2025-06-02,88
LN003409,Meera Malhotra,Female,40.0,Single,BR011,Business Owner,570400.0,647.0,3,5649.27,Personal Loan,312700.0,36,14.53,0.0,0.35,0.0,1,2022-06-28,Rejected,No,,0
LN003244,Rohan Patel,Male,34.0,Married,BR003,Salaried,732800.0,772.0,2,13830.27,Personal Loan,380600.0,12,13.28,34044.17,0.78,0.0,0,2023-05-23,Approved,No,,0
LN000864,Karthik Verma,Male,,Single,BR006,Salaried,,568.0,0,0.0,Gold Loan,96700.0,18,10.82,5844.1,0.1,102700.0,1,2024-06-29,Approved,No,,0
LN001873,Suresh Malhotra,Male,31.0,Married,BR008,Business Owner,569300.0,624.0,0,0.0,Gold Loan,115900.0,6,10.26,0.0,0.42,129800.0,0,2024-08-17,Rejected,No,,0
LN005422,Ishaan Sharma,Male,42.0,Married,BR007,Salaried,651800.0,615.0,0,0.0,Education Loan,292800.0,36,11.85,9704.19,0.18,0.0,1,2022-02-21,Approved,No,,0
LN003268,Amit Rao,Male,41.0,Single,BR006,Salaried,593800.0,580.0,3,71.47,Home Loan,1970600.0,180,10.2,21417.93,0.43,2448700.0,1,2022-05-27,Approved,No,,0
LN001393,Saanvi Gupta,Female,21.0,Single,BR011,Self-Employed,383700.0,785.0,2,976.86,Home Loan,2196200.0,180,8.15,21178.65,0.69,2649500.0,0,2024-05-27,Approved,No,,0
LN001651,Karthik Chatterjee,Male,30.0,Single,BR003,Salaried,455100.0,732.0,2,7098.69,Home Loan,1797500.0,180,8.68,17890.86,0.66,2005400.0,0,2023-09-13,Approved,No,,0
LN000922,Sunita Verma,Female,64.0,Single,BR013,Salaried,390300.0,677.0,1,4749.16,Personal Loan,159800.0,24,14.23,7689.83,0.38,0.0,0,2024-05-29,Approved,No,,0
LN005497,Riya Kapoor,Female,22.0,Married,BR011,Salaried,389900.0,,0,0.0,Personal Loan,195600.0,36,16.29,6904.75,0.21,0.0,1,2022-05-12,Approved,Yes,2022-10-02,1
LN000047,Diya Agarwal,Female,25.0,Divorced,BR008,Self-Employed,319200.0,680.0,0,0.0,Auto Loan,141300.0,84,10.2,2360.37,0.09,0.0,1,2024-03-15,Approved,Yes,2024-07-10,30
LN000193,Rajesh Agarwal,Male,26.0,Married,BR007,Unemployed,180600.0,692.0,1,407.94,Home Loan,579000.0,300,9.08,4890.71,0.35,616600.0,0,2023-06-30,Approved,No,,0
LN004272,Deepak Das,Male,34.0,Married,BR011,Self-Employed,529900.0,528.0,0,0.0,Personal Loan,157300.0,36,15.72,5508.48,0.12,0.0,0,2022-03-01,Approved,Yes,2022-05-18,41
LN000058,Vivaan Nair,Male,46.0,Married,BR005,Salaried,356300.0,602.0,3,1907.6,Business Loan,567100.0,24,13.48,27089.0,0.98,733400.0,1,2025-03-21,Approved,No,,0
LN004809,Suresh Malhotra,Male,44.0,Married,BR009,Business Owner,1595500.0,660.0,2,30128.41,Auto Loan,802100.0,60,10.4,17200.55,0.36,0.0,0,2024-09-14,Approved,No,,0
LN004393,Reyansh Sharma,Male,38.0,Divorced,BR017,Salaried,457600.0,,1,1735.02,Personal Loan,128600.0,36,13.66,4374.04,0.16,0.0,1,2025-01-07,Approved,Yes,2025-03-26,34
LN004376,Suresh Reddy,Male,36.0,Single,BR001,Salaried,385400.0,561.0,0,0.0,Auto Loan,186600.0,36,11.39,6143.57,0.19,0.0,1,2023-10-07,Approved,Yes,2025-03-03,168
LN001997,Rekha Joshi,Female,35.0,Married,BR018,Business Owner,884500.0,665.0,1,15564.87,Education Loan,369200.0,60,11.35,0.0,0.32,0.0,0,2023-04-28,Rejected,No,,0
LN000589,Divya Bhatt,Female,47.0,Single,BR005,Business Owner,121200.0,704.0,4,1827.42,Auto Loan,95800.0,60,9.96,2033.58,0.38,0.0,0,2023-10-27,Approved,No,,0
LN004482,Geeta Nair,Female,39.0,Married,BR004,Self-Employed,342700.0,676.0,0,0.0,Personal Loan,122200.0,48,14.24,3354.03,0.12,0.0,1,2023-02-24,Approved,No,,0
LN002064,Geeta Chatterjee,Female,37.0,Married,BR011,Business Owner,128400.0,,1,68.47,Education Loan,92300.0,60,10.54,0.0,0.19,0.0,1,2025-02-12,Rejected,No,,0
LN001115,Rohan Iyer,Male,21.0,Single,BR004,Salaried,401900.0,763.0,0,0.0,Auto Loan,466400.0,36,9.37,14911.84,0.45,0.0,0,2023-11-18,Approved,No,,0
LN003329,Krishna Naidu,Male,41.0,Single,BR006,Self-Employed,268800.0,636.0,0,0.0,Home Loan,1157800.0,240,9.64,0.0,0.49,1223700.0,3,2023-10-11,Rejected,No,,0
LN000211,Reyansh Naidu,Male,35.0,Divorced,BR001,Salaried,565600.0,613.0,2,4334.2,Education Loan,525200.0,84,11.87,9234.74,0.29,0.0,1,2022-05-04,Approved,No,,0
LN004054,Amit Chatterjee,Male,46.0,Single,BR005,Unemployed,131900.0,598.0,0,0.0,Home Loan,514300.0,300,10.02,0.0,0.43,672100.0,2,2025-03-11,Rejected,No,,0
LN003031,Amit Kapoor,Male,32.0,Married,BR003,Business Owner,972700.0,615.0,1,1426.13,Gold Loan,85400.0,24,10.35,3954.59,0.07,89100.0,0,2025-05-26,Approved,No,,0
LN005197,Krishna Bhatt,Male,26.0,Married,BR007,Salaried,1101100.0,564.0,0,0.0,Business Loan,1445600.0,24,13.86,69311.85,0.76,1510000.0,0,2025-06-22,Approved,No,,0
LN001394,Ananya Patel,Female,23.0,Single,BR003,Salaried,159500.0,847.0,2,87.55,Personal Loan,52400.0,48,12.53,1393.57,0.11,0.0,0,2024-05-26,Approved,No,,0
LN004752,Anjali Reddy,Female,50.0,Married,BR018,Self-Employed,893000.0,654.0,0,0.0,Auto Loan,1031000.0,60,10.46,22139.79,0.3,0.0,1,2024-04-28,Approved,No,,0
LN004743,Deepak Mehta,Male,45.0,Single,BR003,Business Owner,369000.0,649.0,0,0.0,Personal Loan,110300.0,36,14.51,3797.17,0.12,0.0,1,2023-06-07,Approved,Yes,2025-04-14,17
LN003091,Sai Chauhan,Male,27.0,Single,BR011,Salaried,203500.0,873.0,1,818.44,Home Loan,700800.0,180,7.27,6405.25,0.43,792100.0,0,2024-10-29,Approved,No,,0
LN002188,Vikram Naidu,Male,48.0,Divorced,BR005,Business Owner,1557900.0,584.0,0,0.0,Home Loan,7642000.0,240,10.16,0.0,0.57,8120100.0,0,2023-03-17,Rejected,No,,0
LN002174,Shreya Chatterjee,Female,48.0,Married,BR005,Self-Employed,715600.0,701.0,0,0.0,Home Loan,3608200.0,120,8.99,45687.63,0.77,4481400.0,0,2023-11-07,Approved,No,,0
LN000294,Divya Kapoor,Female,39.0,Single,BR007,Business Owner,119700.0,667.0,1,1951.87,Auto Loan,93700.0,36,10.33,3037.97,0.5,0.0,3,2025-04-10,Approved,No,,0
LN003178,Anil Bhatt,Male,40.0,Married,BR011,Salaried,339600.0,770.0,0,0.0,Home Loan,1526100.0,120,8.3,18758.61,0.66,2122000.0,3,2025-10-08,Approved,No,,0
LN004753,Suresh Singh,Male,26.0,Married,BR013,Business Owner,1441500.0,612.0,1,4562.44,Education Loan,1335300.0,120,11.88,19065.16,0.2,0.0,1,2025-04-13,Approved,No,,0
LN004520,Vihaan Gupta,Male,33.0,Married,BR005,Salaried,752200.0,784.0,1,7614.37,Business Loan,777400.0,36,11.66,25694.74,0.53,1054200.0,0,2024-02-22,Approved,No,,0
LN002219,Reyansh Gupta,Male,48.0,Single,BR009,Salaried,516700.0,706.0,0,0.0,Auto Loan,578500.0,84,9.94,0.0,0.22,0.0,0,2022-09-21,Rejected,No,,0
LN001723,Rahul Agarwal,Male,37.0,Single,BR013,Salaried,374900.0,553.0,0,0.0,Personal Loan,111000.0,24,15.47,0.0,0.17,0.0,2,2023-09-12,Rejected,No,,0
LN003390,Ananya Rao,Female,41.0,Divorced,BR017,Self-Employed,315300.0,787.0,3,1614.75,Business Loan,434000.0,60,11.63,0.0,0.43,570200.0,0,2024-03-12,Rejected,No,,0
LN001643,Geeta Reddy,Female,28.0,Married,BR012,Salaried,303800.0,755.0,2,5125.96,Personal Loan,114600.0,24,13.45,0.0,0.42,0.0,0,2025-12-03,Rejected,No,,0
LN001632,Vivaan Nair,Male,32.0,Single,BR004,Salaried,291000.0,842.0,1,2266.19,Auto Loan,179500.0,36,8.58,5673.03,0.33,0.0,0,2023-10-18,Approved,No,,0
LN002436,Krishna Mehta,Male,43.0,Married,BR010,Salaried,314500.0,808.0,0,0.0,Auto Loan,236100.0,36,8.92,7499.13,0.29,0.0,4,2023-06-20,Approved,No,,0
LN002862,Kavya Iyer,Female,59.0,Married,BR003,Salaried,208500.0,675.0,0,0.0,Auto Loan,185800.0,60,10.25,3970.6,0.23,0.0,1,2023-07-05,Approved,No,,0
LN000075,Amit Singh,Male,21.0,Single,BR015,Salaried,320400.0,616.0,2,2933.62,Personal Loan,156200.0,12,14.84,14086.56,0.64,0.0,1,2023-09-12,Approved,No,,0
LN004596,Riya Agarwal,Female,39.0,Married,BR011,Salaried,379900.0,651.0,1,1894.88,Auto Loan,188000.0,84,10.49,3168.83,0.16,0.0,0,2022-10-05,Approved,No,,0
LN004340,Kavya Nair,Female,40.0,Married,BR007,Salaried,689400.0,647.0,0,0.0,Auto Loan,784300.0,36,10.53,0.0,0.44,0.0,2,2023-10-13,Rejected,No,,0
LN001335,Saanvi Pillai,Female,38.0,Married,BR012,Business Owner,677200.0,,1,10237.86,Gold Loan,94600.0,18,9.8,5672.69,0.28,114400.0,1,2023-06-16,Approved,Yes,2023-11-25,9
LN000776,Shreya Nair,Female,28.0,Married,BR015,Unemployed,90000.0,636.0,1,776.85,Business Loan,140500.0,24,13.14,6688.87,1.0,158900.0,3,2025-02-05,Approved,No,,0
LN004524,Rahul Iyer,Male,39.0,Single,BR006,Self-Employed,1190300.0,581.0,1,2634.58,Home Loan,3657800.0,300,10.19,0.0,0.37,4845300.0,3,2022-05-26,Rejected,No,,0
LN001365,Vihaan Malhotra,Male,40.0,Married,BR001,Salaried,547000.0,533.0,0,0.0,Auto Loan,397700.0,36,11.67,13146.74,0.29,0.0,0,2023-07-04,Approved,No,,0
LN000748,Deepak Bhatt,Male,47.0,Married,BR014,Salaried,944900.0,752.0,1,17577.74,Gold Loan,253400.0,6,8.98,43346.37,0.77,264500.0,2,2025-08-06,Approved,No,,0
LN002690,Karthik Sharma,Male,46.0,Married,BR004,Salaried,322500.0,767.0,0,0.0,Home Loan,1558200.0,240,8.33,13355.24,0.5,2170100.0,0,2024-01-24,Approved,Yes,2025-12-19,95
LN000770,Aarav Patel,Male,44.0,Married,BR007,Salaried,174800.0,793.0,1,2946.17,Personal Loan,43600.0,12,13.07,3895.67,0.47,0.0,0,2022-03-01,Approved,No,,0
LN003897,Divya Agarwal,Female,33.0,Married,BR006,Salaried,518100.0,765.0,0,0.0,Personal Loan,250900.0,36,13.35,0.0,0.2,0.0,1,2024-03-26,Rejected,No,,0
LN004053,Vivaan Nair,Male,38.0,Single,BR001,Self-Employed,214300.0,698.0,2,3903.24,Home Loan,801400.0,240,9.02,7220.72,0.62,1092100.0,0,2022-09-11,Approved,No,,0
LN005455,Anjali Chauhan,Female,29.0,Married,BR007,Unemployed,136000.0,630.0,2,234.98,Education Loan,60700.0,84,11.7,1061.81,0.11,0.0,3,2025-10-04,Approved,No,,0
LN000104,Ishita Naidu,Female,31.0,Single,BR015,Salaried,793300.0,722.0,1,10116.5,Gold Loan,188500.0,12,9.28,0.0,0.4,191300.0,0,2022-10-16,Rejected,No,,0
LN003900,Reyansh Verma,Male,,Single,BR005,Business Owner,1038700.0,567.0,2,15503.88,Personal Loan,330400.0,24,15.33,0.0,0.36,0.0,3,2024-04-05,Rejected,No,,0
LN003376,Ishita Rao,Female,28.0,Married,BR003,Salaried,309300.0,623.0,2,1516.54,Gold Loan,30900.0,24,10.27,1429.73,0.11,42200.0,1,2025-02-20,Approved,No,,0
LN002339,Neha Bhatt,Female,43.0,Divorced,BR003,Unemployed,126700.0,607.0,0,0.0,Personal Loan,25000.0,12,14.93,2255.63,0.21,0.0,2,2024-05-28,Approved,Yes,2024-09-08,145
LN000085,Priya Gupta,Female,30.0,Married,BR006,Business Owner,1039200.0,696.0,0,0.0,Education Loan,854000.0,120,11.04,11783.2,0.14,0.0,1,2023-05-22,Approved,No,,0
LN001196,Ishita Mehta,Female,33.0,Single,BR003,Salaried,333600.0,651.0,1,6236.63,Auto Loan,300600.0,48,10.49,7694.92,0.5,0.0,1,2024-08-02,Approved,Yes,2025-05-07,38
LN000763,Vivaan Malhotra,Male,46.0,Single,BR011,Business Owner,769300.0,565.0,1,2360.29,Auto Loan,407500.0,36,11.35,0.0,0.25,0.0,2,2024-04-24,Rejected,No,,0
LN005191,Rekha Patel,Female,42.0,Married,BR001,Salaried,356000.0,567.0,2,4069.96,Personal Loan,55700.0,12,15.33,5036.07,0.31,0.0,2,2023-03-11,Approved,No,,0
LN002827,Rohan Naidu,Male,33.0,Married,BR011,Salaried,514500.0,667.0,0,0.0,Auto Loan,499900.0,84,10.33,8384.42,0.2,0.0,0,2023-01-14,Approved,No,,0
LN004910,Suresh Agarwal,Male,48.0,Married,BR008,Salaried,192700.0,591.0,0,0.0,Personal Loan,35900.0,36,15.09,1246.07,0.08,0.0,1,2023-06-08,Approved,No,,0
LN004098,Suresh Verma,Male,58.0,Single,BR007,Salaried,325000.0,646.0,0,0.0,Home Loan,1662200.0,180,9.54,17397.24,0.64,1995700.0,1,2025-12-01,Approved,No,,0
LN005186,Suresh Kapoor,Male,,Married,BR004,Business Owner,633200.0,704.0,1,3926.24,Education Loan,473900.0,120,10.96,6517.25,0.2,0.0,0,2024-09-14,Approved,No,,0
LN005375,Manish Joshi,Male,40.0,Married,BR001,Business Owner,388800.0,624.0,0,0.0,Personal Loan,230500.0,48,14.76,6386.98,0.2,0.0,2,2025-02-24,Approved,No,,0
LN005102,Deepak Verma,Male,53.0,Single,BR003,Self-Employed,125200.0,731.0,0,0.0,Education Loan,67400.0,84,10.69,0.0,0.11,0.0,0,2024-02-13,Rejected,No,,0
LN005091,Neha Rao,Female,21.0,Divorced,BR001,Self-Employed,387300.0,736.0,1,4488.7,Gold Loan,69300.0,24,9.14,3170.41,0.24,72000.0,0,2023-02-13,Approved,No,,0
LN001376,Ishita Gupta,Female,45.0,Married,BR006,Salaried,378500.0,792.0,0,0.0,Personal Loan,105500.0,24,13.08,5019.63,0.16,0.0,0,2025-05-30,Approved,No,,0
LN002328,Amit Joshi,Male,41.0,Married,BR014,Unemployed,90000.0,490.0,0,0.0,Personal Loan,25400.0,24,16.1,0.0,0.17,0.0,0,2023-07-10,Rejected,No,,0
LN000777,Rekha Chatterjee,Female,32.0,Married,BR006,Self-Employed,1071200.0,,0,0.0,Home Loan,4667600.0,240,8.27,39829.63,0.45,5323800.0,1,2024-02-16,Approved,No,,0
LN003012,Aditya Verma,Male,34.0,Married,BR008,Salaried,463900.0,889.0,0,0.0,Education Loan,208800.0,120,9.11,0.0,0.07,0.0,0,2025-09-19,Rejected,No,,0
LN002315,Geeta Singh,Female,53.0,Married,BR003,Business Owner,275900.0,517.0,0,0.0,Auto Loan,280400.0,60,11.83,0.0,0.27,0.0,1,2025-09-10,Rejected,No,,0
LN000463,Nikhil Kapoor,Male,38.0,Single,BR001,Salaried,482600.0,645.0,2,6624.26,Education Loan,423600.0,60,11.55,0.0,0.4,0.0,2,2024-11-02,Rejected,No,,0
LN001676,Riya Sharma,Female,44.0,Married,BR005,Self-Employed,440400.0,720.0,1,1286.41,Home Loan,1806300.0,300,8.8,0.0,0.44,1976700.0,1,2022-04-23,Rejected,No,,0
LN004973,Suresh Singh,Male,31.0,Single,BR010,Salaried,332600.0,,2,6904.89,Business Loan,388300.0,84,11.85,6823.45,0.5,459700.0,0,2024-11-13,Approved,No,,0
LN000571,Diya Kapoor,Female,28.0,Married,BR001,Salaried,515800.0,626.0,1,9990.99,Education Loan,334700.0,60,11.74,7401.32,0.4,0.0,0,2022-06-27,Approved,No,,0
LN004848,Aadhya Singh,Female,21.0,Married,BR005,Self-Employed,1229100.0,524.0,1,3285.91,Personal Loan,418900.0,12,15.76,0.0,0.4,0.0,1,2022-03-03,Rejected,No,,0
LN001140,Sneha Sharma,Female,21.0,Single,BR005,Unemployed,156900.0,,0,0.0,Gold Loan,25000.0,12,11.85,2219.47,0.17,31200.0,1,2025-06-23,Approved,Yes,2025-09-02,64
LN005342,Vivaan Mehta,Male,35.0,Married,BR004,Salaried,516800.0,622.0,1,8540.59,Personal Loan,134300.0,48,14.78,3722.71,0.28,0.0,0,2023-04-26,Approved,No,,0
LN002017,Sai Rao,Male,24.0,Divorced,BR002,Business Owner,904500.0,723.0,0,0.0,Auto Loan,663500.0,60,9.77,14022.44,0.19,0.0,0,2024-01-08,Approved,No,,0
LN003482,Amit Das,Male,27.0,Single,BR007,Self-Employed,1597200.0,609.0,1,31432.29,Education Loan,816500.0,36,11.91,0.0,0.44,0.0,1,2022-04-06,Rejected,No,,0
LN004615,Nikhil Gupta,Male,55.0,Married,BR003,Salaried,564300.0,662.0,1,9361.35,Personal Loan,308000.0,24,14.38,0.0,0.51,0.0,1,2025-07-13,Rejected,No,,0
LN003051,Sneha Kapoor,Female,32.0,Married,BR006,Business Owner,894900.0,720.0,0,0.0,Home Loan,3348000.0,120,8.8,42049.51,0.56,3725000.0,1,2023-02-22,Approved,No,,0
LN000401,Neha Nair,Female,38.0,Single,BR007,Salaried,354700.0,679.0,1,3789.81,Personal Loan,190100.0,36,14.21,6516.57,0.35,0.0,0,2025-07-04,Approved,No,,0
LN003939,Anjali Das,Female,21.0,Single,BR007,Salaried,333900.0,670.0,0,0.0,Personal Loan,96000.0,24,14.3,4622.85,0.17,0.0,1,2025-05-28,Approved,No,,0
LN000910,Ishaan Sharma,Male,21.0,Married,BR006,Salaried,256100.0,777.0,1,3195.92,Personal Loan,47200.0,36,13.23,1595.59,0.22,0.0,0,2025-12-01,Approved,No,,0
LN003993,Reyansh Gupta,Male,43.0,Single,BR008,Salaried,554300.0,594.0,0,0.0,Home Loan,3308500.0,120,10.06,43832.07,0.95,4032200.0,1,2025-10-24,Approved,No,,0
LN002479,Manish Das,Male,23.0,Married,BR014,Business Owner,706500.0,726.0,0,0.0,Home Loan,2591400.0,180,8.74,25884.41,0.44,3585900.0,0,2024-02-26,Approved,No,,0
LN003095,Rajesh Nair,Male,27.0,Married,BR012,Business Owner,232800.0,567.0,0,0.0,Education Loan,80200.0,120,12.33,1165.99,0.06,0.0,1,2022-04-24,Approved,No,,0
LN004468,Aditya Das,Male,46.0,Married,BR001,Salaried,336900.0,562.0,0,0.0,Home Loan,1503700.0,300,10.38,14068.98,0.5,1917400.0,3,2025-06-24,Approved,No,,0
LN002708,Krishna Das,Male,34.0,Married,BR011,Salaried,670200.0,596.0,3,1677.2,Auto Loan,373400.0,84,11.04,0.0,0.14,0.0,1,2025-02-09,Rejected,No,,0
LN003142,Ishita Naidu,Female,50.0,Single,BR010,Business Owner,478500.0,592.0,0,0.0,Auto Loan,234300.0,84,11.08,0.0,0.1,0.0,0,2023-05-07,Rejected,No,,0
LN002736,Sneha Mehta,Female,26.0,Married,BR017,Business Owner,576000.0,897.0,0,0.0,Auto Loan,326400.0,84,8.03,5092.22,0.11,0.0,0,2024-03-21,Approved,No,,0
LN004629,Diya Bhatt,Female,21.0,Divorced,BR014,Self-Employed,360600.0,760.0,1,4565.8,Auto Loan,417800.0,84,9.4,6807.14,0.38,0.0,1,2022-11-11,Approved,No,,0
LN004184,Vikram Kapoor,Male,28.0,Married,BR014,Business Owner,910000.0,703.0,3,845.93,Home Loan,3260800.0,240,8.97,0.0,0.4,3397300.0,0,2022-11-24,Rejected,No,,0
LN004730,Deepak Patel,Male,36.0,Married,BR001,Salaried,448600.0,559.0,0,0.0,Personal Loan,135100.0,36,15.41,4710.46,0.13,0.0,0,2022-01-23,Approved,No,,0
LN003502,Amit Singh,Male,41.0,Single,BR007,Unemployed,162500.0,742.0,1,1355.76,Business Loan,287500.0,60,12.08,6406.91,0.57,304500.0,1,2022-06-28,Approved,No,,0
LN003221,Anjali Nair,Female,29.0,Married,BR012,Salaried,747100.0,,1,10655.44,Personal Loan,83200.0,48,14.38,2289.45,0.21,0.0,0,2024-04-03,Approved,No,,0
LN000995,Shreya Rao,Female,27.0,Married,BR012,Salaried,951800.0,842.0,2,15917.8,Home Loan,4008200.0,240,7.58,0.0,0.61,5317000.0,1,2025-08-11,Rejected,No,,0
LN000657,Nikhil Joshi,Male,40.0,Single,BR015,Self-Employed,460700.0,584.0,1,3190.64,Education Loan,380800.0,120,12.16,5498.65,0.23,0.0,0,2022-10-03,Approved,No,,0
LN003183,Aarav Chauhan,Male,24.0,Married,BR007,Salaried,265300.0,588.0,0,0.0,Personal Loan,142900.0,12,15.12,12906.01,0.58,0.0,0,2024-09-28,Approved,No,,0
LN005290,Sai Joshi,Male,22.0,Married,BR003,Self-Employed,452000.0,661.0,0,0.0,Personal Loan,139900.0,36,14.39,0.0,0.13,0.0,1,2024-08-26,Rejected,No,,0
LN004352,Krishna Malhotra,Male,47.0,Married,BR011,Salaried,226700.0,599.0,2,904.43,Auto Loan,267700.0,48,11.01,6920.15,0.41,0.0,0,2025-07-06,Approved,No,,0
LN000996,Meera Malhotra,Female,35.0,Divorced,BR003,Salaried,333700.0,859.0,1,2965.65,Auto Loan,246500.0,48,8.41,6065.34,0.32,0.0,0,2024-04-10,Approved,Yes,2024-10-13,57
LN003842,Pooja Chauhan,Female,22.0,Married,BR008,Salaried,703400.0,777.0,2,1239.75,Business Loan,1309700.0,24,11.73,61487.12,1.07,1501500.0,0,2025-07-19,Approved,No,,0
LN000179,Neha Reddy,Female,42.0,Single,BR001,Salaried,494200.0,541.0,0,0.0,Business Loan,569200.0,84,14.09,10695.13,0.26,749600.0,2,2025-11-19,Approved,No,,0
LN002449,Priya Pillai,Female,33.0,Married,BR006,Salaried,495700.0,801.0,1,3429.16,Personal Loan,147400.0,24,12.99,7006.97,0.25,0.0,0,2025-05-23,Approved,No,,0
LN004436,Sneha Sharma,Female,41.0,Single,BR002,Unemployed,214600.0,580.0,1,555.67,Home Loan,1152100.0,180,10.2,12521.87,0.73,1609100.0,0,2023-12-02,Approved,No,,0
LN002069,Ananya Gupta,Female,34.0,Single,BR009,Self-Employed,,553.0,2,2455.81,Home Loan,2900900.0,120,10.47,0.0,0.96,3095200.0,1,2022-09-28,Rejected,No,,0
LN000629,Sneha Chatterjee,Female,44.0,Single,BR007,Salaried,322500.0,719.0,1,1061.16,Auto Loan,194500.0,48,9.81,0.0,0.22,0.0,0,2023-10-16,Rejected,No,,0
LN003930,Ishita Bhatt,Female,,Single,BR004,Salaried,974500.0,642.0,0,0.0,Personal Loan,545800.0,36,14.58,18808.27,0.23,0.0,0,2022-08-27,Approved,No,,0
LN001903,Karthik Chatterjee,Male,36.0,Married,BR001,Self-Employed,580000.0,636.0,1,8638.15,Auto Loan,267400.0,48,10.64,0.0,0.32,0.0,0,2024-10-17,Rejected,No,,0
LN003969,Diya Mehta,Female,43.0,Single,BR003,Salaried,505600.0,654.0,0,0.0,Business Loan,793800.0,84,12.96,14423.52,0.34,1001000.0,0,2024-09-25,Approved,No,,0
LN004593,Ananya Naidu,Female,39.0,Married,BR001,Salaried,398300.0,805.0,0,0.0,Personal Loan,190900.0,48,12.95,5116.63,0.15,0.0,1,2023-09-17,Approved,No,,0
LN004163,Sunita Sharma,Female,49.0,Married,BR014,Salaried,405400.0,596.0,0,0.0,Auto Loan,365700.0,48,11.04,0.0,0.28,0.0,3,2025-10-09,Rejected,No,,0
LN001727,Nikhil Sharma,Male,32.0,Single,BR004,Self-Employed,312500.0,617.0,0,0.0,Home Loan,1760000.0,180,9.83,18730.43,0.72,2147800.0,0,2024-08-11,Approved,No,,0
LN000277,Manish Verma,Male,49.0,Married,BR014,Salaried,449000.0,824.0,1,5541.81,Personal Loan,112000.0,24,12.76,5312.07,0.29,0.0,0,2025-11-10,Approved,No,,0
LN002582,Manish Chauhan,Male,46.0,Married,BR018,Salaried,695000.0,651.0,1,601.22,Auto Loan,662200.0,48,10.49,16951.36,0.3,0.0,0,2024-11-18,Approved,No,,0
LN003771,Rahul Chatterjee,Male,59.0,Single,BR003,Business Owner,186700.0,653.0,1,3005.28,Business Loan,280200.0,36,12.97,9437.0,0.8,332700.0,0,2023-03-03,Approved,No,,0
LN005006,Vihaan Singh,Male,47.0,Single,BR002,Unemployed,94800.0,659.0,2,1413.55,Business Loan,115000.0,24,12.91,0.0,0.87,139200.0,0,2022-09-10,Rejected,No,,0
LN000312,Vivaan Chatterjee,Male,47.0,Single,BR012,Salaried,756200.0,495.0,0,0.0,Gold Loan,215600.0,18,11.55,13102.71,0.21,218100.0,0,2024-02-05,Approved,No,,0
LN004213,Diya Gupta,Female,40.0,Married,BR014,Business Owner,378200.0,736.0,1,6239.27,Education Loan,191100.0,84,10.64,3236.04,0.3,0.0,0,2024-06-12,Approved,No,,0
LN004483,Vikram Iyer,Male,39.0,Married,BR003,Salaried,300600.0,388.0,0,0.0,Home Loan,1645500.0,300,12.12,17476.89,0.7,2145600.0,0,2025-01-27,Approved,Yes,2025-10-23,6
LN005022,Divya Kapoor,Female,41.0,Single,BR011,Unemployed,,765.0,1,814.82,Home Loan,749600.0,240,8.35,0.0,0.64,886500.0,1,2025-03-25,Rejected,No,,0
LN000651,Reyansh Kapoor,Male,31.0,Married,BR008,Salaried,499800.0,673.0,0,0.0,Gold Loan,36300.0,24,9.77,1671.21,0.04,44900.0,1,2024-07-02,Approved,No,,0
LN001419,Saanvi Rao,Female,25.0,Single,BR011,Salaried,471500.0,640.0,0,0.0,Personal Loan,53200.0,48,14.6,1469.83,0.04,0.0,1,2023-03-11,Approved,No,,0
LN001989,Divya Mehta,Female,29.0,Single,BR011,Salaried,536200.0,731.0,0,0.0,Auto Loan,576900.0,84,9.69,9485.07,0.21,0.0,1,2025-03-28,Approved,No,,0
LN001694,Anjali Singh,Female,45.0,Married,BR001,Business Owner,415800.0,857.0,0,0.0,Auto Loan,250900.0,36,8.43,7912.16,0.23,0.0,0,2022-07-18,Approved,No,,0
LN002130,Neha Kapoor,Female,32.0,Single,BR006,Self-Employed,208600.0,886.0,0,0.0,Business Loan,301500.0,36,10.64,0.0,0.56,344300.0,2,2023-06-25,Rejected,No,,0
LN000201,Rajesh Joshi,Male,56.0,Single,BR003,Self-Employed,408300.0,594.0,0,0.0,Personal Loan,189600.0,12,15.06,0.0,0.5,0.0,2,2022-10-04,Rejected,No,,0
LN004568,Riya Naidu,Female,45.0,Single,BR013,Business Owner,648200.0,764.0,1,2528.93,Home Loan,2682900.0,120,8.36,33063.57,0.66,3687900.0,0,2024-05-04,Approved,Yes,2024-12-05,55
LN001520,Ishita Chauhan,Female,34.0,Single,BR011,Business Owner,393700.0,553.0,2,2263.05,Education Loan,198000.0,36,12.47,0.0,0.27,0.0,1,2025-03-13,Rejected,No,,0
LN003248,Vihaan Chatterjee,Male,25.0,Married,BR005,Salaried,293000.0,853.0,0,0.0,Home Loan,1653200.0,180,7.47,15297.2,0.63,1776000.0,2,2025-01-12,Approved,No,,0
LN003678,Sai Chauhan,Male,34.0,Married,BR002,Salaried,552500.0,652.0,0,0.0,Personal Loan,235600.0,12,14.48,0.0,0.46,0.0,1,2024-04-26,Rejected,No,,0
LN001148,Divya Patel,Female,40.0,Married,BR002,Self-Employed,408700.0,595.0,0,0.0,Home Loan,2191900.0,240,10.05,0.0,0.62,2795600.0,2,2022-09-27,Rejected,No,,0
LN001998,Diya Chauhan,Female,37.0,Married,BR008,Salaried,278800.0,669.0,0,0.0,Auto Loan,171600.0,48,10.31,4377.81,0.19,0.0,1,2024-06-07,Approved,No,,0
LN000963,Geeta Iyer,Female,44.0,Single,BR012,Self-Employed,217900.0,814.0,0,0.0,Gold Loan,25000.0,18,8.36,1482.62,0.08,25100.0,2,2025-05-15,Approved,No,,0
LN004262,Vivaan Malhotra,Male,21.0,Married,BR002,Self-Employed,393600.0,721.0,0,0.0,Home Loan,1675500.0,120,8.79,0.0,0.64,2321800.0,2,2022-09-17,Rejected,No,,0
LN003213,Meera Gupta,Female,48.0,Married,BR011,Salaried,432500.0,552.0,0,0.0,Home Loan,2382200.0,180,10.48,26303.28,0.73,2628900.0,1,2022-06-07,Approved,No,,0
LN001586,Vivaan Kapoor,Male,43.0,Married,BR002,Salaried,354000.0,734.0,0,0.0,Auto Loan,202600.0,84,9.66,3327.92,0.11,0.0,1,2024-04-05,Approved,Yes,2025-06-28,12
LN001628,Rajesh Chauhan,Male,36.0,Married,BR015,Salaried,493500.0,680.0,1,7141.15,Personal Loan,259500.0,48,14.2,7117.28,0.35,0.0,0,2022-06-10,Approved,No,,0
LN002926,Vikram Verma,Male,43.0,Married,BR014,Self-Employed,426100.0,713.0,1,2846.54,Home Loan,2459400.0,240,8.87,0.0,0.7,3107200.0,0,2024-10-24,Rejected,No,,0
LN004419,Rahul Mehta,Male,35.0,Married,BR002,Self-Employed,112400.0,568.0,1,1100.16,Home Loan,437100.0,180,10.32,0.0,0.63,553200.0,3,2022-06-07,Rejected,No,,0
LN000780,Swati Gupta,Female,37.0,Married,BR017,Salaried,483700.0,773.0,0,0.0,Gold Loan,31800.0,24,8.77,1449.42,0.04,32800.0,0,2023-01-04,Approved,No,,0
LN004195,Reyansh Mehta,Male,33.0,Single,BR012,Salaried,747500.0,595.0,0,0.0,Business Loan,519800.0,36,13.55,17652.14,0.28,722700.0,0,2023-04-21,Approved,No,,0
LN003518,Reyansh Verma,Male,,Single,BR013,Salaried,301800.0,689.0,1,1782.93,Business Loan,228500.0,84,12.61,4108.57,0.23,292600.0,0,2025-04-16,Approved,No,,0
LN003087,Kavya Agarwal,Female,31.0,Single,BR007,Salaried,420500.0,680.0,2,5835.02,Home Loan,1772300.0,240,9.2,0.0,0.63,2264000.0,0,2024-02-03,Rejected,No,,0
LN004128,Rajesh Naidu,Male,42.0,Married,BR007,Business Owner,123300.0,900.0,1,1090.49,Auto Loan,73000.0,84,8.0,1137.79,0.22,0.0,0,2024-02-22,Approved,No,,0
LN001440,Suresh Rao,Male,56.0,Single,BR003,Salaried,133600.0,684.0,1,291.69,Business Loan,118400.0,36,12.66,3970.0,0.38,133600.0,1,2025-06-07,Approved,No,,0
LN001356,Amit Mehta,Male,47.0,Married,BR004,Salaried,411000.0,771.0,0,0.0,Personal Loan,150300.0,12,13.29,0.0,0.39,0.0,0,2024-03-21,Rejected,No,,0
LN002481,Swati Mehta,Female,43.0,Single,BR003,Salaried,468500.0,629.0,0,0.0,Education Loan,440900.0,36,11.71,14583.2,0.37,0.0,1,2022-11-13,Approved,No,,0
LN001519,Manish Verma,Male,33.0,Married,BR009,Self-Employed,659900.0,733.0,1,3504.15,Auto Loan,409300.0,60,9.67,8630.11,0.22,0.0,1,2023-07-20,Approved,No,,0
LN002973,Vihaan Reddy,Male,39.0,Single,BR008,Self-Employed,863900.0,692.0,2,144.05,Business Loan,1156000.0,60,12.58,26054.68,0.36,1318200.0,1,2022-05-07,Approved,No,,0
LN002474,Nikhil Reddy,Male,25.0,Married,BR009,Business Owner,821300.0,,0,0.0,Home Loan,4110300.0,300,10.77,0.0,0.58,5346300.0,2,2025-07-28,Rejected,No,,0
LN001318,Shreya Sharma,Female,33.0,Married,BR012,Salaried,260100.0,628.0,1,3837.5,Education Loan,89900.0,60,11.72,1987.08,0.27,0.0,1,2024-06-17,Approved,No,,0
LN001716,Pooja Das,Female,41.0,Married,BR014,Salaried,195400.0,642.0,3,2015.1,Home Loan,792700.0,120,9.58,0.0,0.76,797300.0,3,2024-03-06,Rejected,No,,0
LN003574,Ishaan Chauhan,Male,27.0,Married,BR003,Self-Employed,529500.0,654.0,0,0.0,Auto Loan,489100.0,48,10.46,0.0,0.28,0.0,1,2023-07-29,Rejected,No,,0
LN004924,Rahul Iyer,Male,34.0,Married,BR009,Business Owner,624600.0,785.0,0,0.0,Gold Loan,155900.0,6,8.65,0.0,0.51,199900.0,1,2024-11-05,Rejected,No,,0
LN002517,Divya Agarwal,Female,31.0,Married,BR008,Business Owner,223000.0,801.0,0,0.0,Education Loan,196700.0,60,9.99,4178.33,0.22,0.0,1,2024-07-19,Approved,No,,0
LN000595,Anjali Singh,Female,42.0,Single,BR009,Salaried,389800.0,644.0,0,0.0,Education Loan,343100.0,36,11.56,11323.86,0.35,0.0,0,2023-06-26,Approved,No,,0
LN001990,Priya Mehta,Female,43.0,Married,BR008,Self-Employed,,608.0,1,4357.69,Auto Loan,247800.0,84,10.92,0.0,0.31,0.0,0,2022-04-20,Rejected,No,,0
LN000554,Arjun Das,Male,36.0,Married,BR003,Salaried,1118200.0,518.0,1,15723.13,Home Loan,5129500.0,300,10.82,0.0,0.7,5485700.0,2,2022-06-29,Rejected,No,,0
LN003752,Sneha Verma,Female,21.0,Married,BR015,Business Owner,579100.0,623.0,0,0.0,Auto Loan,292200.0,60,10.77,6319.67,0.13,0.0,0,2024-01-15,Approved,Yes,2025-01-08,22
LN003526,Arjun Malhotra,Male,47.0,Married,BR009,Business Owner,503500.0,676.0,3,7130.78,Gold Loan,149500.0,18,9.74,8960.65,0.38,188300.0,0,2025-05-08,Approved,Yes,2025-10-27,91
LN001006,Reyansh Chauhan,Male,28.0,Single,BR001,Salaried,294400.0,627.0,0,0.0,Personal Loan,142900.0,36,14.73,4934.8,0.2,0.0,0,2023-05-28,Approved,No,,0
LN000676,Rahul Naidu,Male,28.0,Married,BR005,Salaried,691200.0,615.0,0,0.0,Education Loan,521800.0,60,11.85,0.0,0.2,0.0,2,2025-07-05,Rejected,No,,0
LN003402,Amit Gupta,Male,41.0,Married,BR010,Salaried,333200.0,689.0,0,0.0,Business Loan,410900.0,36,12.61,13767.78,0.5,447700.0,1,2024-12-07,Approved,No,,0
LN002927,Rohan Pillai,Male,21.0,Married,BR018,Salaried,597900.0,796.0,0,0.0,Education Loan,395100.0,60,10.04,8402.49,0.17,0.0,1,2023-03-23,Approved,No,,0
LN004832,Anjali Sharma,Female,25.0,Single,BR001,Business Owner,348900.0,681.0,0,0.0,Personal Loan,183900.0,36,14.19,0.0,0.22,0.0,1,2024-09-25,Rejected,No,,0
LN003860,Divya Chatterjee,Female,41.0,Married,BR009,Salaried,462400.0,656.0,1,3996.2,Personal Loan,253100.0,36,14.44,8704.55,0.33,0.0,0,2024-04-16,Approved,Yes,2025-05-15,62
LN000287,Suresh Mehta,Male,31.0,Single,BR005,Salaried,228300.0,672.0,1,2268.74,Personal Loan,133300.0,24,14.28,0.0,0.46,0.0,0,2025-09-10,Rejected,No,,0
LN003957,Shreya Mehta,Female,38.0,Married,BR008,Salaried,570100.0,662.0,0,0.0,Personal Loan,163900.0,36,14.38,0.0,0.12,0.0,0,2022-08-24,Rejected,No,,0
LN003350,Rahul Verma,Male,30.0,Single,BR001,Salaried,429700.0,751.0,1,3398.59,Personal Loan,61900.0,48,13.49,1675.72,0.14,0.0,0,2024-05-25,Approved,No,,0
LN004357,Vihaan Bhatt,Male,31.0,Single,BR001,Business Owner,277300.0,694.0,3,5671.4,Auto Loan,262100.0,60,10.06,5576.59,0.49,0.0,1,2025-07-31,Approved,Yes,2025-09-09,15
LN002970,Aarav Sharma,Male,40.0,Married,BR014,Business Owner,704700.0,629.0,1,11061.02,Personal Loan,194800.0,48,14.71,0.0,0.28,0.0,2,2023-01-03,Rejected,No,,0
LN001878,Anjali Mehta,Female,37.0,Single,BR006,Self-Employed,859200.0,555.0,0,0.0,Personal Loan,369300.0,12,15.45,0.0,0.47,0.0,2,2023-12-02,Rejected,No,,0
LN005070,Deepak Bhatt,Male,40.0,Married,BR005,Salaried,591200.0,780.0,1,9823.07,Auto Loan,368900.0,36,9.2,11765.29,0.44,0.0,0,2022-09-16,Approved,No,,0
LN001808,Karthik Nair,Male,45.0,Married,BR004,Salaried,325300.0,590.0,1,1748.54,Personal Loan,166300.0,48,15.1,0.0,0.24,0.0,1,2024-04-04,Rejected,No,,0
LN002492,Saanvi Gupta,Female,,Single,BR002,Salaried,405300.0,660.0,0,0.0,Auto Loan,439600.0,60,10.4,0.0,0.28,0.0,0,2024-06-13,Rejected,No,,0
LN001104,Sai Bhatt,Male,21.0,Divorced,BR009,Salaried,221200.0,616.0,3,190.03,Auto Loan,112800.0,84,10.84,1921.93,0.11,0.0,2,2023-10-25,Approved,Yes,2025-05-19,115
LN001673,Aditya Chauhan,Male,29.0,Single,BR010,Self-Employed,945800.0,778.0,1,5442.49,Personal Loan,151900.0,24,13.22,7237.31,0.16,0.0,2,2024-01-03,Approved,No,,0
LN001959,Sunita Mehta,Female,34.0,Single,BR007,Salaried,335400.0,696.0,0,0.0,Education Loan,168100.0,84,11.04,2881.82,0.1,0.0,0,2023-04-03,Approved,Yes,2024-05-25,29
LN001518,Kritika Agarwal,Female,39.0,Married,BR008,Self-Employed,566200.0,900.0,0,0.0,Auto Loan,495500.0,48,8.0,12096.6,0.26,0.0,0,2024-12-16,Approved,No,,0
LN004937,Neha Pillai,Female,48.0,Single,BR015,Salaried,592300.0,558.0,1,2194.79,Business Loan,1045900.0,84,13.92,19553.99,0.44,1275900.0,1,2025-08-08,Approved,No,,0
LN000654,Suresh Naidu,Male,43.0,Married,BR002,Unemployed,202100.0,668.0,0,0.0,Education Loan,135900.0,120,11.32,1896.72,0.11,0.0,1,2022-12-16,Approved,Yes,2025-05-07,68
LN004238,Divya Das,Female,41.0,Married,BR007,Self-Employed,314000.0,697.0,1,6047.45,Gold Loan,56300.0,12,9.53,0.0,0.42,61000.0,0,2025-07-28,Rejected,No,,0
LN002572,Amit Nair,Male,33.0,Divorced,BR013,Self-Employed,169500.0,719.0,0,0.0,Home Loan,860100.0,180,8.81,8626.76,0.61,1023900.0,1,2022-10-26,Approved,No,,0
LN002779,Anjali Bhatt,Female,42.0,Married,BR007,Self-Employed,656200.0,644.0,0,0.0,Home Loan,2702200.0,300,9.56,23721.83,0.43,2706300.0,1,2025-04-08,Approved,Yes,2025-12-30,4
LN003523,Anil Das,Male,29.0,Married,BR016,Salaried,481900.0,678.0,2,4999.53,Home Loan,2762400.0,180,9.22,0.0,0.83,3008700.0,0,2022-08-27,Rejected,No,,0
LN002169,Suresh Joshi,Male,42.0,Single,BR008,Salaried,449100.0,869.0,1,3994.62,Auto Loan,474900.0,84,8.31,0.0,0.31,0.0,0,2023-03-16,Rejected,No,,0
LN002949,Sai Patel,Male,27.0,Single,BR002,Salaried,200600.0,653.0,2,1320.24,Home Loan,656100.0,180,9.47,6839.29,0.49,735900.0,0,2025-03-10,Approved,No,,0
LN005162,Priya Kapoor,Female,27.0,Single,BR005,Self-Employed,539500.0,666.0,0,0.0,Personal Loan,70000.0,24,14.34,3372.16,0.08,0.0,0,2023-06-18,Approved,No,,0
LN004958,Riya Chauhan,Female,40.0,Single,BR007,Salaried,468700.0,868.0,0,0.0,Education Loan,297900.0,120,9.32,3825.46,0.1,0.0,0,2025-12-21,Approved,No,,0
LN002359,Rohan Reddy,Male,34.0,Single,BR013,Business Owner,607200.0,720.0,1,10318.97,Auto Loan,718600.0,84,9.8,11855.48,0.44,0.0,0,2025-11-24,Approved,No,,0
LN004263,Arjun Agarwal,Male,35.0,Married,BR010,Self-Employed,201300.0,583.0,2,573.85,Home Loan,818200.0,240,10.17,7988.18,0.51,860400.0,0,2023-05-27,Approved,No,,0
LN005398,Karthik Iyer,Male,43.0,Single,BR002,Self-Employed,227300.0,730.0,1,2881.73,Auto Loan,168700.0,84,9.7,2774.54,0.3,0.0,2,2022-12-13,Approved,No,,0
LN003332,Aditya Rao,Male,28.0,Married,BR005,Salaried,518200.0,770.0,0,0.0,Gold Loan,98000.0,12,8.8,8561.16,0.2,116400.0,0,2024-03-25,Approved,No,,0
LN001130,Vivaan Chatterjee,Male,33.0,Married,BR015,Salaried,295700.0,555.0,0,0.0,Home Loan,1762900.0,240,10.45,17541.27,0.71,2129700.0,0,2025-02-21,Approved,No,,0
LN001473,Reyansh Sharma,Male,34.0,Divorced,BR009,Salaried,275600.0,793.0,0,0.0,Personal Loan,92700.0,24,13.07,4410.18,0.19,0.0,0,2022-09-12,Approved,No,,0
LN001770,Vikram Reddy,Male,34.0,Single,BR005,Business Owner,489600.0,798.0,0,0.0,Personal Loan,118000.0,48,13.02,3166.82,0.08,0.0,0,2022-01-17,Approved,No,,0
LN003175,Neha Pillai,Female,37.0,Single,BR016,Salaried,341200.0,749.0,0,0.0,Education Loan,247600.0,120,10.51,3342.38,0.12,0.0,0,2024-04-13,Approved,No,,0
LN005469,Karthik Singh,Male,26.0,Single,BR014,Salaried,,678.0,0,0.0,Gold Loan,50500.0,12,9.72,4433.18,0.19,57900.0,0,2025-05-21,Approved,No,,0
LN003348,Vikram Mehta,Male,38.0,Single,BR015,Business Owner,468800.0,845.0,0,0.0,Gold Loan,128000.0,12,8.05,11137.48,0.29,152200.0,0,2023-03-17,Approved,Yes,2023-08-02,84
LN000797,Ishaan Kapoor,Male,26.0,Single,BR006,Salaried,243000.0,569.0,1,3026.36,Personal Loan,79100.0,12,15.31,0.0,0.5,0.0,1,2022-11-05,Rejected,No,,0
LN005414,Suresh Gupta,Male,28.0,Single,BR012,Self-Employed,880400.0,690.0,0,0.0,Business Loan,1879600.0,60,12.6,42382.79,0.58,1894300.0,0,2025-11-03,Approved,No,,0
LN004214,Nikhil Mehta,Male,29.0,Single,BR018,Salaried,375700.0,731.0,0,0.0,Business Loan,721200.0,36,12.19,0.0,0.77,908500.0,0,2024-09-03,Rejected,No,,0
LN002209,Amit Sharma,Male,21.0,Married,BR004,Business Owner,1146400.0,648.0,0,0.0,Education Loan,433800.0,120,11.52,6103.99,0.06,0.0,1,2022-05-22,Approved,No,,0
LN002040,Diya Pillai,Female,46.0,Single,BR007,Salaried,416400.0,658.0,2,6548.48,Business Loan,208600.0,36,12.92,7020.52,0.39,247900.0,1,2022-12-26,Approved,No,,0
LN000717,Diya Nair,Female,24.0,Married,BR016,Self-Employed,455200.0,607.0,1,6905.02,Business Loan,602100.0,60,13.43,0.0,0.55,742400.0,1,2023-03-16,Rejected,No,,0
LN000834,Rekha Reddy,Female,42.0,Married,BR009,Unemployed,132400.0,760.0,2,1994.52,Personal Loan,72100.0,12,13.4,0.0,0.77,0.0,0,2024-05-24,Rejected,No,,0
LN001751,Riya Gupta,Female,41.0,Single,BR016,Salaried,355800.0,659.0,0,0.0,Business Loan,395000.0,36,12.91,13291.99,0.45,412700.0,0,2023-08-09,Approved,No,,0
LN005068,Swati Verma,Female,35.0,Divorced,BR017,Business Owner,410800.0,817.0,1,3657.08,Personal Loan,126300.0,12,12.83,0.0,0.44,0.0,1,2025-04-08,Rejected,No,,0
LN001626,Reyansh Nair,Male,39.0,Married,BR004,Self-Employed,888800.0,813.0,0,0.0,Personal Loan,523500.0,24,12.87,24856.19,0.34,0.0,0,2024-10-01,Approved,No,,0
LN003868,Diya Gupta,Female,46.0,Married,BR010,Business Owner,663300.0,784.0,0,0.0,Personal Loan,83300.0,12,13.16,7446.38,0.13,0.0,3,2023-06-14,Approved,No,,0
LN000130,Rajesh Malhotra,Male,33.0,Married,BR012,Salaried,451100.0,773.0,1,498.58,Auto Loan,273100.0,60,9.27,0.0,0.17,0.0,1,2025-07-12,Rejected,No,,0
LN004774,Ishaan Chatterjee,Male,21.0,Married,BR010,Business Owner,473800.0,737.0,1,8899.06,Personal Loan,112800.0,12,13.63,0.0,0.48,0.0,0,2025-02-18,Rejected,No,,0
LN004220,Reyansh Agarwal,Male,,Married,BR014,Salaried,701200.0,674.0,0,0.0,Personal Loan,113600.0,48,14.26,3119.12,0.05,0.0,0,2025-01-01,Approved,No,,0
LN003787,Ishita Naidu,Female,31.0,Single,BR011,Self-Employed,202900.0,690.0,2,2751.83,Auto Loan,122600.0,48,10.1,0.0,0.35,0.0,1,2023-09-02,Rejected,No,,0
LN002989,Pooja Kapoor,Female,,Single,BR013,Self-Employed,234000.0,694.0,1,4439.54,Auto Loan,182800.0,36,10.06,0.0,0.53,0.0,0,2023-10-05,Rejected,No,,0
LN002607,Geeta Patel,Female,36.0,Single,BR014,Self-Employed,169300.0,631.0,1,1333.61,Education Loan,67100.0,36,11.69,0.0,0.25,0.0,0,2025-10-05,Rejected,No,,0
LN003773,Krishna Das,Male,44.0,Married,BR010,Salaried,961400.0,677.0,1,18137.38,Gold Loan,207500.0,24,9.73,9549.23,0.35,215800.0,0,2024-06-25,Approved,No,,0
LN000668,Sunita Chatterjee,Female,34.0,Single,BR007,Business Owner,615400.0,637.0,1,5355.81,Auto Loan,470200.0,84,10.63,7959.79,0.26,0.0,2,2024-05-24,Approved,No,,0
LN004573,Aarav Singh,Male,38.0,Single,BR012,Salaried,387600.0,640.0,0,0.0,Personal Loan,153200.0,12,14.6,13798.67,0.43,0.0,0,2023-09-21,Approved,No,,0
LN002944,Aarav Reddy,Male,44.0,Single,BR011,Unemployed,91700.0,670.0,1,1323.63,Education Loan,77000.0,84,11.3,0.0,0.35,0.0,0,2023-12-23,Rejected,No,,0
LN001316,Aditya Gupta,Male,59.0,Single,BR003,Self-Employed,354800.0,633.0,0,0.0,Home Loan,1888000.0,240,9.67,0.0,0.6,2073600.0,3,2022-08-19,Rejected,No,,0
LN002074,Priya Agarwal,Female,33.0,Single,BR001,Salaried,777700.0,543.0,0,0.0,Home Loan,2946000.0,120,10.57,39867.41,0.62,3028800.0,0,2024-10-14,Approved,No,,0
LN002405,Rajesh Singh,Male,41.0,Married,BR009,Self-Employed,484000.0,718.0,0,0.0,Home Loan,1730500.0,120,8.82,21753.02,0.54,2301000.0,2,2022-05-17,Approved,Yes,2024-08-24,94
LN004802,Nikhil Sharma,Male,26.0,Single,BR005,Self-Employed,516600.0,685.0,1,3163.37,Gold Loan,91600.0,18,9.65,5486.48,0.2,108200.0,0,2025-12-16,Approved,No,,0
LN003559,Aarav Singh,Male,21.0,Married,BR008,Self-Employed,722900.0,655.0,2,2366.03,Business Loan,654900.0,60,12.95,14884.23,0.29,895900.0,0,2023-07-01,Approved,No,,0
LN002201,Karthik Naidu,Male,55.0,Single,BR010,Self-Employed,536000.0,603.0,0,0.0,Education Loan,417500.0,120,11.97,0.0,0.13,0.0,1,2022-07-31,Rejected,No,,0
LN001844,Arjun Agarwal,Male,,Married,BR006,Unemployed,90000.0,659.0,0,0.0,Personal Loan,25000.0,24,14.41,1205.17,0.16,0.0,1,2025-05-03,Approved,No,,0
LN001582,Rohan Chauhan,Male,37.0,Married,BR003,Salaried,275200.0,652.0,1,1239.03,Home Loan,1450400.0,120,9.48,18751.94,0.87,1694300.0,2,2024-10-29,Approved,No,,0
LN000549,Manish Verma,Male,29.0,Married,BR008,Salaried,,527.0,1,4872.68,Personal Loan,208200.0,24,15.73,10167.28,0.22,0.0,0,2023-02-12,Approved,Yes,2023-09-27,132
LN000670,Kavya Bhatt,Female,34.0,Married,BR006,Business Owner,761500.0,411.0,0,0.0,Home Loan,4037800.0,240,11.89,44150.39,0.7,5186000.0,0,2024-04-12,Approved,Yes,2024-11-29,54
LN001735,Aadhya Agarwal,Female,45.0,Married,BR011,Self-Employed,587600.0,,1,11840.05,Education Loan,488500.0,60,9.99,10376.78,0.45,0.0,0,2024-09-08,Approved,No,,0
LN001299,Krishna Bhatt,Male,41.0,Single,BR003,Business Owner,279200.0,629.0,0,0.0,Home Loan,1258400.0,300,9.71,11178.85,0.48,1511600.0,0,2024-06-27,Approved,No,,0
LN005078,Suresh Nair,Male,35.0,Married,BR011,Business Owner,246000.0,652.0,3,2760.01,Personal Loan,108700.0,12,14.48,9784.43,0.61,0.0,0,2023-02-22,Approved,Yes,2023-10-27,188
LN004384,Nikhil Nair,Male,22.0,Married,BR011,Self-Employed,185400.0,570.0,1,2923.26,Home Loan,1014100.0,240,10.3,0.0,0.84,1130400.0,1,2025-10-15,Rejected,No,,0
LN001091,Anil Sharma,Male,31.0,Married,BR005,Unemployed,130100.0,736.0,0,0.0,Personal Loan,55000.0,36,13.64,0.0,0.17,0.0,1,2023-11-05,Rejected,No,,0
LN003935,Rohan Pillai,Male,34.0,Married,BR007,Business Owner,489000.0,774.0,1,3641.11,Auto Loan,443300.0,60,9.26,9258.22,0.32,0.0,0,2023-05-28,Approved,Yes,2024-08-04,74
LN002394,Amit Mehta,Male,39.0,Married,BR011,Business Owner,400500.0,604.0,1,6647.3,Personal Loan,231000.0,36,14.96,0.0,0.44,0.0,1,2023-08-29,Rejected,No,,0
LN002039,Shreya Chauhan,Female,34.0,Single,BR017,Business Owner,420000.0,633.0,0,0.0,Education Loan,188100.0,120,11.67,0.0,0.08,0.0,2,2024-10-20,Rejected,No,,0
LN002090,Swati Joshi,Female,21.0,Single,BR002,Salaried,458200.0,746.0,3,1655.61,Business Loan,671600.0,24,12.04,31627.09,0.87,773300.0,1,2023-07-18,Approved,No,,0
LN000065,Nikhil Das,Male,37.0,Married,BR006,Salaried,771200.0,535.0,2,11628.01,Education Loan,492700.0,60,12.65,11122.36,0.35,0.0,0,2025-01-18,Approved,Yes,2025-11-16,8
LN003218,Geeta Bhatt,Female,58.0,Single,BR001,Self-Employed,342900.0,882.0,3,3090.62,Home Loan,1921000.0,120,7.18,22483.06,0.89,2059800.0,0,2023-04-11,Approved,No,,0
LN001431,Geeta Verma,Female,21.0,Married,BR008,Salaried,686500.0,700.0,0,0.0,Home Loan,2965200.0,300,9.0,24883.85,0.43,3281600.0,1,2022-01-27,Approved,No,,0
LN003634,Ishaan Bhatt,Male,39.0,Married,BR017,Self-Employed,184700.0,,3,2587.04,Auto Loan,174500.0,60,10.71,3768.86,0.41,0.0,0,2024-03-08,Approved,No,,0
LN002252,Ananya Verma,Female,48.0,Married,BR003,Business Owner,140000.0,702.0,0,0.0,Education Loan,110600.0,120,10.98,0.0,0.13,0.0,0,2024-04-20,Rejected,No,,0
LN002337,Aadhya Rao,Female,25.0,Married,BR009,Unemployed,115100.0,603.0,0,0.0,Personal Loan,43900.0,24,14.97,0.0,0.22,0.0,1,2022-07-03,Rejected,No,,0
LN001508,Pooja Reddy,Female,31.0,Single,BR007,Self-Employed,572200.0,563.0,0,0.0,Education Loan,548200.0,36,12.37,0.0,0.38,0.0,1,2023-02-16,Rejected,No,,0
LN001860,Ishita Chatterjee,Female,31.0,Single,BR010,Self-Employed,242000.0,695.0,0,0.0,Education Loan,229500.0,84,11.05,3935.64,0.2,0.0,0,2023-03-17,Approved,No,,0
LN000160,Vihaan Singh,Male,21.0,Single,BR007,Salaried,396700.0,761.0,1,8178.45,Gold Loan,110800.0,18,8.89,6597.84,0.45,119100.0,1,2023-02-28,Approved,No,,0
LN001098,Karthik Rao,Male,38.0,Single,BR018,Self-Employed,329700.0,689.0,2,5889.58,Home Loan,1314500.0,180,9.11,0.0,0.7,1713700.0,0,2022-01-28,Rejected,No,,0
LN000588,Kritika Chauhan,Female,37.0,Divorced,BR011,Business Owner,279100.0,705.0,0,0.0,Gold Loan,64700.0,18,9.45,3869.33,0.17,71900.0,0,2025-04-10,Approved,No,,0
LN000989,Arjun Joshi,Male,42.0,Married,BR005,Self-Employed,323700.0,451.0,0,0.0,Home Loan,1583100.0,180,11.49,0.0,0.69,1776900.0,0,2025-03-24,Rejected,No,,0
LN003208,Vikram Nair,Male,46.0,Single,BR006,Self-Employed,135100.0,620.0,3,42.58,Business Loan,321000.0,36,13.3,10862.2,0.97,429700.0,3,2025-07-25,Approved,No,,0
LN005061,Karthik Agarwal,Male,38.0,Married,BR003,Self-Employed,231300.0,620.0,0,0.0,Auto Loan,146400.0,60,10.8,0.0,0.16,0.0,1,2025-02-10,Rejected,No,,0
LN004153,Ishaan Bhatt,Male,33.0,Married,BR008,Salaried,676000.0,618.0,1,4538.95,Personal Loan,145600.0,12,14.82,0.0,0.31,0.0,0,2023-03-12,Rejected,No,,0
LN002529,Arjun Pillai,Male,,Married,BR010,Business Owner,286400.0,630.0,1,5785.14,Home Loan,1291700.0,180,9.7,13644.57,0.81,1492300.0,3,2025-07-02,Approved,No,,0
LN003262,Kritika Chauhan,Female,41.0,Married,BR017,Salaried,107000.0,731.0,1,1774.4,Home Loan,514100.0,240,8.69,4523.49,0.71,719100.0,2,2022-04-01,Approved,No,,0
LN004009,Diya Kapoor,Female,32.0,Single,BR011,Self-Employed,702700.0,566.0,0,0.0,Gold Loan,127300.0,6,10.84,0.0,0.37,134400.0,0,2024-08-28,Rejected,No,,0
LN003643,Arjun Singh,Male,65.0,Single,BR005,Self-Employed,317700.0,690.0,2,3280.77,Auto Loan,176200.0,84,10.1,0.0,0.23,0.0,0,2024-07-14,Rejected,No,,0
LN004907,Ananya Iyer,Female,48.0,Married,BR001,Salaried,270200.0,655.0,2,4618.01,Auto Loan,116400.0,48,10.45,0.0,0.34,0.0,0,2022-09-12,Rejected,No,,0
LN004158,Nikhil Sharma,Male,55.0,Married,BR016,Business Owner,529200.0,811.0,2,7881.31,Home Loan,2161400.0,120,7.89,26098.29,0.77,2821400.0,0,2024-10-17,Approved,No,,0
LN000237,Ishita Mehta,Female,42.0,Married,BR012,Salaried,252700.0,656.0,1,2953.01,Home Loan,1266400.0,240,9.44,11754.93,0.7,1354100.0,1,2025-08-09,Approved,Yes,2025-12-16,39
LN004603,Sunita Chauhan,Female,39.0,Single,BR001,Salaried,209000.0,672.0,2,2725.45,Home Loan,839900.0,180,9.28,8659.29,0.65,1116800.0,1,2022-05-27,Approved,Yes,2024-05-22,26
LN005008,Nikhil Malhotra,Male,26.0,Single,BR004,Self-Employed,190600.0,684.0,0,0.0,Education Loan,120600.0,36,11.16,0.0,0.25,0.0,1,2022-09-09,Rejected,No,,0
LN001462,Saanvi Sharma,Female,28.0,Married,BR005,Unemployed,230600.0,671.0,0,0.0,Business Loan,188400.0,84,12.79,0.0,0.18,245600.0,1,2025-10-23,Rejected,No,,0
LN001534,Anil Naidu,Male,47.0,Single,BR016,Salaried,214600.0,642.0,0,0.0,Gold Loan,25000.0,18,10.08,1502.35,0.08,31500.0,0,2022-06-04,Approved,No,,0
LN002589,Sai Agarwal,Male,40.0,Divorced,BR017,Salaried,472600.0,705.0,0,0.0,Personal Loan,52900.0,24,13.95,2538.63,0.06,0.0,0,2023-06-07,Approved,No,,0
LN004219,Vihaan Chauhan,Male,46.0,Married,BR007,Salaried,571100.0,786.0,1,4466.94,Education Loan,530900.0,36,10.14,0.0,0.45,0.0,1,2025-09-06,Rejected,No,,0
LN004217,Amit Reddy,Male,34.0,Single,BR010,Salaried,1349400.0,736.0,1,15075.61,Personal Loan,162400.0,24,13.64,7769.7,0.2,0.0,0,2024-02-12,Approved,No,,0
LN002953,Aditya Nair,Male,48.0,Married,BR007,Self-Employed,,751.0,2,5386.5,Gold Loan,80300.0,24,8.99,3668.12,0.24,86800.0,0,2022-08-24,Approved,No,,0
LN003153,Krishna Sharma,Male,,Married,BR015,Salaried,461000.0,542.0,1,1942.25,Gold Loan,107600.0,18,11.08,6515.78,0.22,135400.0,1,2025-11-03,Approved,No,,0
LN003349,Vikram Das,Male,38.0,Married,BR008,Business Owner,743100.0,731.0,0,0.0,Gold Loan,215100.0,18,9.19,12838.2,0.21,300700.0,0,2023-02-26,Approved,No,,0
LN001494,Swati Iyer,Female,33.0,Single,BR016,Business Owner,426900.0,593.0,0,0.0,Business Loan,793300.0,36,13.57,26947.73,0.76,875900.0,0,2022-07-23,Approved,No,,0
LN004660,Rahul Gupta,Male,22.0,Single,BR010,Self-Employed,645500.0,676.0,1,4180.76,Personal Loan,142700.0,12,14.24,12828.74,0.32,0.0,0,2022-05-31,Approved,No,,0
LN003753,Deepak Reddy,Male,41.0,Divorced,BR016,Salaried,670900.0,716.0,0,0.0,Home Loan,3747900.0,240,8.84,33336.13,0.6,3813200.0,1,2023-11-29,Approved,No,,0
LN002702,Karthik Reddy,Male,28.0,Single,BR009,Salaried,487300.0,677.0,0,0.0,Home Loan,2182700.0,120,9.23,27921.94,0.69,2377000.0,0,2025-01-13,Approved,No,,0
LN005304,Sneha Sharma,Female,27.0,Married,BR018,Unemployed,90000.0,762.0,2,1739.0,Home Loan,424300.0,300,8.38,0.0,0.68,429600.0,1,2023-12-14,Rejected,No,,0
LN005251,Manish Singh,Male,40.0,Single,BR012,Self-Employed,680300.0,591.0,2,11246.35,Business Loan,1357000.0,60,13.59,0.0,0.75,1514700.0,1,2024-10-02,Rejected,No,,0
LN000082,Manish Reddy,Male,42.0,Married,BR016,Salaried,479700.0,749.0,1,4070.24,Business Loan,550800.0,84,12.01,9726.07,0.35,569600.0,0,2023-09-19,Approved,No,,0
LN000778,Rahul Sharma,Male,29.0,Single,BR004,Business Owner,1262500.0,605.0,0,0.0,Auto Loan,987300.0,36,10.95,32299.56,0.31,0.0,1,2024-10-02,Approved,Yes,2025-06-24,32
LN005461,Rajesh Agarwal,Male,37.0,Married,BR009,Self-Employed,383600.0,773.0,1,1368.04,Personal Loan,94600.0,36,13.27,3199.76,0.14,0.0,1,2022-10-04,Approved,No,,0
LN001169,Anjali Malhotra,Female,,Married,BR007,Salaried,492600.0,838.0,0,0.0,Personal Loan,230400.0,48,12.62,6137.69,0.15,0.0,1,2022-07-13,Approved,No,,0
LN000108,Swati Reddy,Female,21.0,Married,BR016,Salaried,426300.0,598.0,0,0.0,Education Loan,315400.0,120,12.02,4528.72,0.13,0.0,0,2023-08-15,Approved,No,,0
LN005423,Reyansh Nair,Male,30.0,Married,BR003,Self-Employed,129300.0,764.0,2,842.87,Personal Loan,28800.0,48,13.36,0.0,0.15,0.0,0,2025-11-02,Rejected,No,,0
LN004676,Sai Sharma,Male,33.0,Married,BR006,Salaried,257500.0,399.0,3,1902.66,Personal Loan,135800.0,12,17.01,0.0,0.67,0.0,3,2025-02-28,Rejected,No,,0
LN003036,Sneha Singh,Female,21.0,Married,BR006,Business Owner,992700.0,747.0,1,1278.91,Education Loan,971700.0,60,10.53,20900.07,0.27,0.0,0,2024-06-11,Approved,Yes,2024-08-20,35
LN003861,Kritika Malhotra,Female,56.0,Single,BR009,Self-Employed,996800.0,714.0,1,12705.48,Auto Loan,903900.0,48,9.86,0.0,0.43,0.0,0,2022-09-01,Rejected,No,,0
LN001326,Diya Patel,Female,36.0,Married,BR014,Salaried,598300.0,622.0,0,0.0,Personal Loan,99400.0,36,14.78,0.0,0.07,0.0,1,2025-03-14,Rejected,No,,0
LN000209,Aarav Mehta,Male,35.0,Married,BR001,Salaried,,772.0,1,2688.99,Home Loan,3102900.0,180,8.28,30156.66,0.52,4069800.0,0,2025-12-12,Approved,No,,0
LN002671,Deepak Singh,Male,40.0,Divorced,BR005,Business Owner,212000.0,833.0,0,0.0,Auto Loan,153800.0,36,8.67,4867.21,0.28,0.0,0,2024-05-07,Approved,No,,0
LN001748,Vihaan Das,Male,49.0,Married,BR018,Salaried,408300.0,788.0,0,0.0,Personal Loan,167400.0,12,13.12,14961.14,0.44,0.0,0,2023-07-04,Approved,No,,0
LN003724,Vihaan Verma,Male,38.0,Single,BR009,Salaried,644500.0,661.0,0,0.0,Auto Loan,358700.0,84,10.39,0.0,0.11,0.0,0,2024-10-19,Rejected,No,,0
LN002405,Rajesh Singh,Male,41.0,Married,BR009,Self-Employed,484000.0,718.0,0,0.0,Home Loan,1730500.0,120,8.82,21753.02,0.54,2301000.0,2,2022-05-17,Approved,Yes,2024-08-24,94
LN005224,Amit Chatterjee,Male,49.0,Married,BR003,Self-Employed,796800.0,704.0,2,13895.67,Auto Loan,764700.0,84,9.96,0.0,0.4,0.0,1,2024-01-31,Rejected,No,,0
LN004329,Rekha Kapoor,Female,33.0,Single,BR009,Salaried,320900.0,680.0,0,0.0,Personal Loan,40200.0,24,14.2,1933.92,0.07,0.0,0,2024-05-10,Approved,No,,0
LN001145,Aditya Chauhan,Male,30.0,Single,BR006,Salaried,397900.0,722.0,0,0.0,Home Loan,1321400.0,120,8.78,16582.01,0.5,1583400.0,0,2023-02-06,Approved,No,,0
LN004616,Swati Pillai,Female,25.0,Married,BR005,Self-Employed,144300.0,821.0,1,2806.22,Business Loan,141600.0,24,11.29,6618.75,0.78,176900.0,3,2022-01-30,Approved,No,,0
LN000079,Amit Naidu,Male,41.0,Married,BR004,Self-Employed,251900.0,567.0,0,0.0,Home Loan,849400.0,300,10.33,0.0,0.38,1097300.0,4,2023-06-14,Rejected,No,,0
LN000663,Reyansh Rao,Male,35.0,Married,BR014,Salaried,408500.0,847.0,1,6899.03,Auto Loan,478700.0,36,8.53,0.0,0.65,0.0,0,2023-04-05,Rejected,No,,0
LN002592,Amit Patel,Male,26.0,Single,BR004,Salaried,317300.0,709.0,0,0.0,Auto Loan,178100.0,84,9.91,2948.4,0.11,0.0,0,2023-05-16,Approved,No,,0
LN005225,Priya Sharma,Female,37.0,Single,BR003,Salaried,443100.0,671.0,3,4528.98,Auto Loan,238000.0,48,10.29,6069.5,0.29,0.0,0,2023-10-26,Approved,No,,0
LN000175,Rajesh Gupta,Male,44.0,Married,BR014,Business Owner,521300.0,689.0,1,7644.58,Auto Loan,248900.0,36,10.11,8044.16,0.36,0.0,0,2024-02-03,Approved,Yes,2025-01-07,4
LN001339,Suresh Agarwal,Male,26.0,Single,BR001,Self-Employed,1090300.0,699.0,2,16723.32,Personal Loan,270800.0,24,14.01,13003.17,0.33,0.0,0,2023-04-08,Approved,No,,0
LN002268,Kavya Mehta,Female,36.0,Single,BR003,Business Owner,1000700.0,613.0,1,859.49,Business Loan,2034200.0,60,13.37,46670.5,0.57,2756200.0,1,2025-06-25,Approved,No,,0
LN001367,Aadhya Nair,Female,27.0,Married,BR012,Self-Employed,257900.0,699.0,0,0.0,Business Loan,535700.0,36,12.51,17923.68,0.83,731100.0,0,2024-09-18,Approved,No,,0
LN002303,Swati Nair,Female,29.0,Married,BR002,Salaried,276300.0,805.0,2,46.54,Personal Loan,97900.0,36,12.95,3296.28,0.15,0.0,0,2025-11-20,Approved,No,,0
LN001941,Rajesh Bhatt,Male,38.0,Single,BR001,Unemployed,161800.0,596.0,1,34.28,Personal Loan,69500.0,24,15.04,0.0,0.25,0.0,1,2023-09-16,Rejected,No,,0
LN002464,Sunita Singh,Female,43.0,Single,BR002,Salaried,913600.0,580.0,1,3938.47,Business Loan,1619100.0,60,13.7,0.0,0.54,1701200.0,0,2022-05-21,Rejected,No,,0
LN000973,Arjun Pillai,Male,34.0,Single,BR006,Business Owner,962300.0,684.0,1,18478.69,Home Loan,4410800.0,240,9.16,40140.12,0.73,5106700.0,0,2024-12-22,Approved,No,,0
LN001515,Vihaan Nair,Male,26.0,Single,BR009,Business Owner,1350400.0,647.0,1,8835.99,Auto Loan,1274000.0,60,10.53,0.0,0.32,0.0,2,2023-01-25,Rejected,No,,0
LN002740,Rekha Reddy,Female,42.0,Married,BR008,Salaried,308300.0,721.0,1,1929.6,Personal Loan,137800.0,48,13.79,3751.09,0.22,0.0,0,2023-05-20,Approved,No,,0
LN000844,Saanvi Agarwal,Female,39.0,Married,BR012,Salaried,807700.0,808.0,0,0.0,Education Loan,638600.0,60,9.92,13543.24,0.2,0.0,0,2024-05-20,Approved,No,,0
LN000224,Diya Iyer,Female,42.0,Single,BR011,Salaried,561700.0,649.0,1,5483.86,Home Loan,2852500.0,240,9.51,26607.67,0.69,3221500.0,3,2025-09-03,Approved,No,,0
LN000933,Sneha Bhatt,Female,48.0,Single,BR006,Salaried,536600.0,,0,0.0,Personal Loan,85400.0,36,15.21,0.0,0.07,0.0,1,2023-09-12,Rejected,No,,0
LN004746,Karthik Mehta,Male,42.0,Single,BR009,Unemployed,255700.0,572.0,1,1504.55,Home Loan,978000.0,180,10.28,0.0,0.57,1276200.0,0,2025-02-08,Rejected,No,,0
LN003621,Rahul Mehta,Male,24.0,Married,BR005,Business Owner,459000.0,580.0,0,0.0,Personal Loan,104200.0,12,15.2,9414.75,0.25,0.0,3,2024-05-08,Approved,Yes,2024-10-04,138
LN002087,Suresh Verma,Male,57.0,Single,BR001,Business Owner,426300.0,700.0,0,0.0,Personal Loan,176000.0,12,14.0,15802.53,0.44,0.0,0,2023-06-27,Approved,No,,0
LN004142,Swati Sharma,Female,31.0,Single,BR005,Business Owner,690900.0,613.0,0,0.0,Personal Loan,308400.0,24,14.87,14934.24,0.26,0.0,1,2025-03-12,Approved,Yes,2025-07-09,195
LN001388,Divya Das,Female,26.0,Single,BR005,Salaried,847300.0,637.0,0,0.0,Personal Loan,404900.0,36,14.63,0.0,0.2,0.0,0,2022-09-07,Rejected,No,,0
LN005140,Arjun Joshi,Male,26.0,Married,BR006,Salaried,389400.0,732.0,0,0.0,Education Loan,215900.0,60,10.68,4659.81,0.14,0.0,1,2024-01-14,Approved,No,,0
LN003099,Reyansh Mehta,Male,39.0,Single,BR001,Salaried,710300.0,714.0,0,0.0,Personal Loan,382800.0,12,13.86,34345.3,0.58,0.0,0,2025-12-25,Approved,No,,0
LN004693,Aditya Chauhan,Male,34.0,Married,BR009,Salaried,335400.0,684.0,2,4270.9,Personal Loan,110600.0,24,14.16,5318.59,0.34,0.0,0,2023-01-10,Approved,No,,0
LN001028,Karthik Joshi,Male,39.0,Married,BR004,Salaried,1060700.0,756.0,1,4868.0,Business Loan,2583600.0,24,11.94,121546.64,1.43,3570900.0,0,2024-07-18,Approved,No,,0
LN001647,Divya Malhotra,Female,35.0,Single,BR005,Salaried,752900.0,620.0,1,13436.75,Business Loan,623100.0,60,13.3,14273.31,0.44,859900.0,0,2025-11-29,Approved,No,,0
LN005365,Aarav Reddy,Male,39.0,Single,BR003,Business Owner,335500.0,700.0,0,0.0,Business Loan,728100.0,60,12.5,16380.75,0.59,902100.0,0,2025-06-23,Approved,No,,0
LN003487,Deepak Sharma,Male,36.0,Single,BR010,Self-Employed,619200.0,703.0,0,0.0,Personal Loan,156400.0,12,13.97,0.0,0.27,0.0,3,2025-06-10,Rejected,No,,0
LN003896,Manish Reddy,Male,35.0,Married,BR009,Salaried,576400.0,572.0,1,3029.72,Home Loan,2312800.0,240,10.28,22749.76,0.54,3053800.0,2,2022-07-31,Approved,No,,0
LN001497,Rekha Bhatt,Female,30.0,Single,BR007,Salaried,566900.0,718.0,1,6578.0,Personal Loan,114700.0,24,13.82,5497.33,0.26,0.0,1,2025-08-01,Approved,Yes,2025-10-12,16
LN000420,Ishaan Agarwal,Male,24.0,Married,BR002,Salaried,505900.0,652.0,1,9067.33,Personal Loan,93400.0,36,14.48,0.0,0.29,0.0,0,2025-03-25,Rejected,No,,0
LN002966,Amit Sharma,Male,32.0,Divorced,BR009,Self-Employed,384000.0,711.0,3,1340.7,Business Loan,688300.0,36,12.39,22989.83,0.76,895500.0,0,2025-09-25,Approved,No,,0
LN000902,Aditya Naidu,Male,26.0,Married,BR010,Business Owner,1465300.0,702.0,0,0.0,Auto Loan,1316200.0,60,9.98,27952.41,0.23,0.0,0,2025-02-20,Approved,Yes,2025-06-29,79
LN005294,Geeta Chatterjee,Female,28.0,Married,BR011,Self-Employed,1185600.0,584.0,0,0.0,Home Loan,3794400.0,180,10.16,41147.03,0.42,4393400.0,0,2023-03-18,Approved,No,,0
LN005451,Riya Patel,Female,40.0,Single,BR006,Self-Employed,739500.0,789.0,2,5126.16,Auto Loan,475300.0,84,9.11,0.0,0.21,0.0,1,2025-08-10,Rejected,No,,0
LN000473,Rahul Bhatt,Male,49.0,Single,BR005,Business Owner,432500.0,718.0,0,0.0,Auto Loan,306100.0,48,9.82,7737.05,0.21,0.0,0,2024-08-14,Approved,Yes,2025-08-26,66
LN002959,Arjun Malhotra,Male,24.0,Single,BR012,Salaried,561300.0,533.0,2,11670.09,Home Loan,3126300.0,300,10.67,0.0,0.89,3938700.0,3,2023-04-12,Rejected,No,,0
LN001536,Vihaan Iyer,Male,30.0,Married,BR018,Business Owner,1031500.0,581.0,0,0.0,Gold Loan,237600.0,12,10.69,20965.14,0.24,275600.0,1,2024-03-01,Approved,No,,0
LN004739,Amit Sharma,Male,30.0,Divorced,BR005,Salaried,214200.0,900.0,2,1753.48,Home Loan,842900.0,180,7.0,7576.22,0.52,1002500.0,0,2023-10-07,Approved,No,,0
LN004861,Reyansh Rao,Male,33.0,Married,BR010,Salaried,1050800.0,660.0,0,0.0,Personal Loan,152100.0,48,14.4,4186.94,0.05,0.0,1,2024-07-19,Approved,Yes,2024-09-24,6
LN001331,Kavya Naidu,Female,,Married,BR009,Business Owner,845300.0,626.0,2,6889.21,Gold Loan,239000.0,18,10.24,14380.07,0.3,312300.0,0,2024-02-10,Approved,Yes,2024-11-17,105
LN000390,Aditya Malhotra,Male,29.0,Married,BR008,Salaried,461100.0,729.0,0,0.0,Home Loan,2763800.0,180,8.71,27557.51,0.72,3766300.0,0,2024-07-28,Approved,No,,0
LN001070,Geeta Nair,Female,50.0,Married,BR001,Salaried,423300.0,731.0,1,4064.47,Personal Loan,253300.0,36,13.69,8619.1,0.36,0.0,0,2022-09-23,Approved,Yes,2024-07-14,241
LN000387,Rohan Verma,Male,25.0,Divorced,BR003,Business Owner,163200.0,700.0,1,1480.53,Auto Loan,116500.0,36,10.0,3759.13,0.39,0.0,2,2023-10-11,Approved,No,,0
LN003975,Shreya Gupta,Female,46.0,Single,BR011,Self-Employed,238000.0,639.0,0,0.0,Education Loan,222700.0,84,11.61,0.0,0.2,0.0,0,2023-09-10,Rejected,No,,0
LN001304,Rekha Verma,Female,39.0,Divorced,BR008,Salaried,975300.0,681.0,1,7846.11,Business Loan,1616700.0,36,12.69,0.0,0.76,2087100.0,0,2024-11-25,Rejected,No,,0
LN003967,Swati Nair,Female,37.0,Single,BR018,Self-Employed,229900.0,519.0,2,338.15,Home Loan,1306100.0,240,10.81,0.0,0.71,1495400.0,1,2025-07-11,Rejected,No,,0
LN004474,Aditya Naidu,Male,48.0,Married,BR005,Salaried,237000.0,840.0,1,2244.04,Personal Loan,50100.0,36,12.6,1678.43,0.2,0.0,1,2024-04-22,Approved,No,,0
LN005313,Kavya Reddy,Female,48.0,Married,BR013,Self-Employed,2090700.0,787.0,2,19471.81,Auto Loan,883900.0,60,9.13,18404.13,0.22,0.0,0,2023-09-12,Approved,No,,0
LN002272,Rohan Chatterjee,Male,28.0,Single,BR012,Business Owner,444800.0,693.0,0,0.0,Education Loan,304300.0,60,11.07,6626.85,0.18,0.0,2,2024-10-26,Approved,No,,0
LN005358,Kavya Joshi,Female,37.0,Single,BR007,Business Owner,241000.0,,1,2168.24,Home Loan,765500.0,300,10.74,7359.32,0.47,962300.0,1,2023-06-26,Approved,Yes,2025-05-01,44
LN004992,Nikhil Iyer,Male,45.0,Married,BR005,Salaried,268600.0,,0,0.0,Auto Loan,233800.0,84,10.56,3949.34,0.18,0.0,0,2022-04-05,Approved,No,,0
LN005417,Kavya Joshi,Female,46.0,Married,BR010,Business Owner,455800.0,546.0,0,0.0,Personal Loan,152300.0,12,15.54,0.0,0.36,0.0,3,2023-08-26,Rejected,No,,0
LN002554,Anil Malhotra,Male,36.0,Single,BR014,Business Owner,795900.0,626.0,1,2885.79,Auto Loan,336900.0,48,10.74,0.0,0.17,0.0,3,2023-10-31,Rejected,No,,0
LN000822,Anil Malhotra,Male,46.0,Married,BR009,Salaried,469900.0,562.0,2,3629.92,Gold Loan,120500.0,18,10.88,7285.8,0.28,137400.0,0,2023-09-29,Approved,No,,0
LN002381,Aarav Agarwal,Male,45.0,Single,BR004,Business Owner,865600.0,613.0,1,9690.87,Auto Loan,546200.0,84,10.87,9314.98,0.26,0.0,1,2022-06-22,Approved,Yes,2023-10-05,26
LN005048,Amit Agarwal,Male,52.0,Single,BR004,Salaried,242600.0,724.0,0,0.0,Home Loan,1452800.0,180,8.76,14528.57,0.72,1847000.0,0,2024-12-05,Approved,No,,0
LN003814,Riya Nair,Female,49.0,Single,BR013,Self-Employed,691700.0,485.0,0,0.0,Business Loan,861600.0,60,14.65,0.0,0.35,1200800.0,2,2022-01-31,Rejected,No,,0
LN005364,Ananya Sharma,Female,34.0,Single,BR010,Salaried,611000.0,772.0,1,8404.94,Auto Loan,627600.0,84,9.28,10186.91,0.37,0.0,0,2022-01-10,Approved,No,,0
LN003829,Amit Kapoor,Male,34.0,Married,BR001,Self-Employed,294300.0,753.0,1,1636.49,Business Loan,521400.0,36,11.97,17310.47,0.77,570300.0,1,2025-03-02,Approved,No,,0
LN004299,Anil Chatterjee,Male,35.0,Single,BR016,Salaried,478800.0,742.0,0,0.0,Business Loan,593600.0,36,12.08,19738.7,0.49,602500.0,0,2022-09-01,Approved,No,,0
LN005275,Swati Singh,Female,41.0,Married,BR007,Self-Employed,290500.0,598.0,1,2658.06,Home Loan,1686900.0,120,10.02,22311.19,1.03,2236800.0,3,2024-03-23,Approved,No,,0
LN003551,Rajesh Verma,Male,46.0,Single,BR007,Self-Employed,510200.0,672.0,0,0.0,Gold Loan,149800.0,12,9.78,13154.48,0.31,178100.0,1,2024-01-17,Approved,No,,0
LN001233,Vikram Chauhan,Male,29.0,Married,BR005,Self-Employed,500200.0,569.0,0,0.0,Personal Loan,134900.0,24,15.31,0.0,0.16,0.0,4,2025-12-17,Rejected,No,,0
LN001111,Aditya Pillai,Male,21.0,Married,BR012,Salaried,843800.0,774.0,0,0.0,Home Loan,4721200.0,240,8.26,40257.36,0.57,5506100.0,0,2023-02-18,Approved,No,,0
LN002681,Vivaan Gupta,Male,32.0,Married,BR007,Salaried,755300.0,582.0,0,0.0,Home Loan,4460600.0,120,10.18,59392.67,0.94,5569700.0,1,2024-09-12,Approved,No,,0
LN002658,Karthik Verma,Male,39.0,Single,BR012,Business Owner,260800.0,569.0,0,0.0,Auto Loan,251600.0,84,11.31,0.0,0.2,0.0,3,2023-11-25,Rejected,No,,0
LN003850,Kritika Iyer,Female,21.0,Married,BR005,Salaried,652000.0,575.0,1,1789.4,Home Loan,3200300.0,180,10.25,34881.7,0.67,4122300.0,1,2022-04-26,Approved,Yes,2023-08-11,176
LN002870,Reyansh Nair,Male,43.0,Married,BR011,Self-Employed,252400.0,578.0,0,0.0,Personal Loan,132700.0,24,15.22,0.0,0.31,0.0,1,2025-07-03,Rejected,No,,0
LN001788,Aditya Mehta,Male,38.0,Single,BR018,Self-Employed,,627.0,0,0.0,Home Loan,965900.0,300,9.73,0.0,0.5,1222300.0,1,2024-03-04,Rejected,No,,0
LN000884,Rahul Chauhan,Male,,Married,BR002,Salaried,280000.0,711.0,4,5791.4,Home Loan,1512100.0,180,8.89,15237.94,0.9,1573100.0,0,2025-03-02,Approved,No,,0
LN003135,Rajesh Malhotra,Male,38.0,Married,BR004,Salaried,623100.0,623.0,2,4516.06,Auto Loan,541900.0,48,10.77,13945.24,0.36,0.0,0,2025-06-25,Approved,No,,0
LN005408,Deepak Chatterjee,Male,35.0,Married,BR003,Salaried,225900.0,643.0,0,0.0,Auto Loan,114900.0,60,10.57,2473.64,0.13,0.0,2,2024-12-13,Approved,Yes,2025-04-22,64
LN004243,Rekha Pillai,Female,47.0,Single,BR018,Salaried,375800.0,761.0,0,0.0,Home Loan,1659400.0,180,8.39,16233.95,0.52,1962100.0,0,2025-01-24,Approved,No,,0
LN003008,Aditya Gupta,Male,24.0,Single,BR014,Salaried,406800.0,608.0,2,3769.4,Education Loan,250900.0,120,11.92,3588.09,0.22,0.0,1,2023-03-02,Approved,No,,0
LN003608,Krishna Agarwal,Male,31.0,Married,BR001,Salaried,454100.0,762.0,0,0.0,Personal Loan,237900.0,12,13.38,21291.02,0.56,0.0,1,2024-11-15,Approved,No,,0
LN000259,Manish Gupta,Male,39.0,Married,BR004,Salaried,297400.0,562.0,0,0.0,Business Loan,237000.0,36,13.88,8086.29,0.33,271500.0,2,2024-11-10,Approved,Yes,2025-10-30,2
LN002443,Suresh Naidu,Male,29.0,Married,BR007,Business Owner,146100.0,693.0,1,674.27,Home Loan,524900.0,300,9.07,4430.13,0.42,646900.0,0,2024-01-03,Approved,No,,0
LN002625,Neha Naidu,Female,29.0,Single,BR006,Salaried,581200.0,493.0,1,6424.85,Personal Loan,184800.0,24,16.07,0.0,0.32,0.0,2,2023-11-10,Rejected,No,,0
LN002606,Amit Singh,Male,35.0,Single,BR012,Salaried,,729.0,1,5862.06,Personal Loan,112200.0,36,13.71,3818.95,0.29,0.0,0,2024-12-30,Approved,Yes,2025-06-27,192
LN003756,Saanvi Agarwal,Female,40.0,Married,BR018,Salaried,464300.0,700.0,1,4851.16,Home Loan,2397700.0,120,9.0,0.0,0.91,2889100.0,0,2024-01-14,Rejected,No,,0
LN002089,Kritika Patel,Female,43.0,Divorced,BR006,Business Owner,2449100.0,715.0,0,0.0,Home Loan,7797500.0,120,8.85,98143.55,0.48,8908200.0,1,2022-06-13,Approved,No,,0
LN004122,Vihaan Gupta,Male,21.0,Married,BR003,Business Owner,152900.0,523.0,0,0.0,Business Loan,78800.0,36,14.27,2703.54,0.21,107900.0,1,2022-11-13,Approved,Yes,2024-03-10,87
LN002745,Suresh Malhotra,Male,40.0,Single,BR002,Self-Employed,447300.0,633.0,0,0.0,Home Loan,1382300.0,120,9.67,18015.53,0.48,1444300.0,1,2024-08-11,Approved,No,,0
LN004647,Arjun Singh,Male,23.0,Single,BR002,Salaried,473200.0,647.0,0,0.0,Home Loan,2656500.0,120,9.53,0.0,0.87,3126600.0,3,2022-01-13,Rejected,No,,0
LN001971,Rohan Pillai,Male,27.0,Married,BR006,Salaried,430500.0,776.0,3,5206.95,Gold Loan,78100.0,6,8.74,13350.49,0.52,95900.0,0,2024-03-27,Approved,No,,0
LN004265,Aarav Rao,Male,35.0,Single,BR006,Self-Employed,526000.0,680.0,1,3614.95,Home Loan,2334900.0,180,9.2,23960.71,0.63,2916400.0,0,2024-10-05,Approved,No,,0
LN002248,Ishita Patel,Female,45.0,Married,BR012,Business Owner,1124800.0,685.0,2,7193.34,Auto Loan,835200.0,48,10.15,21243.05,0.3,0.0,0,2022-11-12,Approved,No,,0
LN002667,Ishita Iyer,Female,41.0,Married,BR003,Business Owner,394000.0,742.0,1,5698.83,Personal Loan,203500.0,12,13.58,0.0,0.73,0.0,0,2024-04-01,Rejected,No,,0
LN000886,Swati Verma,Female,22.0,Single,BR017,Salaried,370000.0,606.0,2,1598.46,Auto Loan,226100.0,48,10.94,0.0,0.24,0.0,2,2022-03-13,Rejected,No,,0
LN004441,Aditya Das,Male,39.0,Single,BR006,Salaried,377400.0,568.0,2,1550.09,Auto Loan,309700.0,36,11.32,10186.18,0.37,0.0,1,2025-07-10,Approved,No,,0
LN002126,Saanvi Chauhan,Female,44.0,Married,BR003,Salaried,,694.0,1,3263.87,Business Loan,775600.0,60,12.56,17473.08,0.55,1040400.0,0,2023-12-04,Approved,No,,0
LN004728,Aadhya Iyer,Female,32.0,Single,BR015,Salaried,753900.0,746.0,0,0.0,Business Loan,1696300.0,60,12.04,37767.55,0.6,1858600.0,1,2025-08-05,Approved,No,,0
LN001183,Anil Naidu,Male,56.0,Married,BR003,Salaried,216000.0,681.0,2,2357.26,Home Loan,1133100.0,240,9.19,0.0,0.71,1244600.0,0,2025-09-04,Rejected,No,,0
LN000751,Rohan Verma,Male,27.0,Married,BR012,Unemployed,106000.0,589.0,3,429.57,Auto Loan,95300.0,84,11.11,0.0,0.23,0.0,1,2023-05-10,Rejected,No,,0
LN004662,Vikram Kapoor,Male,34.0,Married,BR018,Business Owner,805100.0,707.0,2,1676.95,Education Loan,568200.0,84,10.93,0.0,0.17,0.0,0,2024-03-14,Rejected,No,,0
LN004846,Suresh Sharma,Male,52.0,Single,BR003,Salaried,436800.0,797.0,0,0.0,Business Loan,795400.0,24,11.53,37267.9,1.02,851300.0,1,2024-11-24,Approved,Yes,2025-04-07,20
LN000502,Rahul Mehta,Male,43.0,Married,BR003,Salaried,519700.0,552.0,1,2021.6,Auto Loan,259500.0,60,11.48,5704.48,0.18,0.0,0,2022-06-06,Approved,Yes,2025-08-20,14
LN000648,Vihaan Chauhan,Male,35.0,Married,BR012,Self-Employed,175300.0,612.0,0,0.0,Home Loan,895300.0,240,9.88,0.0,0.59,1005800.0,1,2025-08-16,Rejected,No,,0
LN001962,Saanvi Das,Female,21.0,Single,BR009,Salaried,450500.0,576.0,1,181.64,Auto Loan,359000.0,84,11.24,6192.35,0.17,0.0,0,2024-10-02,Approved,No,,0
LN002199,Anil Joshi,Male,59.0,Married,BR002,Salaried,833800.0,668.0,1,15795.53,Auto Loan,521900.0,84,10.32,8750.69,0.35,0.0,0,2023-08-19,Approved,Yes,2025-10-30,26
LN004808,Vihaan Bhatt,Male,32.0,Married,BR008,Salaried,154300.0,759.0,0,0.0,Home Loan,826700.0,240,8.41,7127.27,0.55,897000.0,0,2024-05-16,Approved,No,,0
LN000252,Ishita Nair,Female,24.0,Single,BR012,Salaried,467300.0,700.0,2,3422.68,Business Loan,745000.0,84,12.5,0.0,0.43,844400.0,1,2025-01-09,Rejected,No,,0
LN004067,Neha Nair,Female,46.0,Single,BR002,Salaried,179600.0,531.0,0,0.0,Home Loan,1031000.0,120,10.69,14021.71,0.94,1278300.0,4,2023-07-18,Approved,No,,0
LN000837,Suresh Chatterjee,Male,32.0,Married,BR017,Salaried,,900.0,1,9885.42,Home Loan,2966300.0,300,7.0,20965.19,0.53,3487000.0,1,2025-12-26,Approved,No,,0
LN005452,Saanvi Naidu,Female,40.0,Single,BR001,Salaried,476100.0,393.0,1,1358.68,Personal Loan,105000.0,36,17.07,0.0,0.13,0.0,1,2023-08-19,Rejected,No,,0
LN004723,Divya Reddy,Female,37.0,Single,BR010,Salaried,594400.0,649.0,1,3082.74,Home Loan,2077600.0,300,9.51,0.0,0.43,2467300.0,4,2025-03-20,Rejected,No,,0
LN001490,Aadhya Naidu,Female,37.0,Married,BR008,Salaried,639100.0,487.0,0,0.0,Personal Loan,355300.0,36,16.13,12514.11,0.23,0.0,1,2025-06-27,Approved,No,,0
LN001157,Ananya Naidu,Female,28.0,Married,BR008,Self-Employed,685600.0,688.0,0,0.0,Personal Loan,217300.0,12,14.12,0.0,0.34,0.0,0,2024-03-22,Rejected,No,,0
LN002587,Geeta Iyer,Female,27.0,Married,BR002,Self-Employed,262400.0,567.0,0,0.0,Auto Loan,122800.0,48,11.33,0.0,0.15,0.0,1,2022-10-24,Rejected,No,,0
LN005184,Geeta Rao,Female,45.0,Single,BR004,Salaried,472900.0,463.0,1,4664.16,Personal Loan,91600.0,12,16.37,8326.99,0.33,0.0,0,2022-08-05,Approved,No,,0
LN000988,Riya Gupta,Female,21.0,Single,BR007,Self-Employed,318800.0,699.0,1,5598.27,Business Loan,227400.0,24,12.51,10758.75,0.62,267100.0,0,2022-10-16,Approved,No,,0
LN000102,Suresh Pillai,Male,28.0,Married,BR009,Self-Employed,275000.0,832.0,0,0.0,Personal Loan,53000.0,36,12.68,0.0,0.08,0.0,1,2023-04-19,Rejected,No,,0
LN004302,Aditya Reddy,Male,29.0,Married,BR003,Self-Employed,406400.0,608.0,2,6354.94,Business Loan,318300.0,24,13.42,0.0,0.64,379700.0,3,2022-08-23,Rejected,No,,0
LN001418,Karthik Iyer,Male,46.0,Single,BR010,Business Owner,766800.0,652.0,2,11816.69,Business Loan,1598900.0,84,12.98,29069.75,0.64,1937200.0,0,2025-06-14,Approved,No,,0
LN002536,Amit Joshi,Male,38.0,Single,BR001,Business Owner,707300.0,663.0,1,5603.81,Personal Loan,422500.0,48,14.37,0.0,0.29,0.0,1,2024-02-11,Rejected,No,,0
LN001737,Manish Malhotra,Male,49.0,Single,BR007,Salaried,771000.0,647.0,0,0.0,Auto Loan,679200.0,84,10.53,11462.39,0.18,0.0,1,2025-12-18,Approved,Yes,,25
LN003543,Vikram Verma,Male,27.0,Married,BR001,Salaried,219200.0,853.0,0,0.0,Home Loan,1312900.0,180,7.47,12148.37,0.67,1610000.0,0,2025-05-12,Approved,No,,0
LN001931,Arjun Agarwal,Male,26.0,Married,BR001,Salaried,308600.0,686.0,2,3917.4,Home Loan,1482600.0,120,9.14,0.0,0.89,1509400.0,0,2025-08-04,Rejected,No,,0
LN001402,Sai Reddy,Male,30.0,Single,BR007,Self-Employed,298500.0,645.0,1,2606.57,Auto Loan,147300.0,48,10.55,0.0,0.26,0.0,0,2024-12-05,Rejected,No,,0
LN003952,Deepak Naidu,Male,36.0,Married,BR016,Business Owner,1678600.0,629.0,0,0.0,Personal Loan,350800.0,36,14.71,12110.84,0.09,0.0,1,2022-02-08,Approved,No,,0
LN000942,Krishna Rao,Male,42.0,Married,BR014,Self-Employed,593800.0,702.0,0,0.0,Personal Loan,61800.0,12,13.98,5548.26,0.11,0.0,2,2025-05-01,Approved,No,,0
LN004103,Pooja Nair,Female,32.0,Married,BR004,Salaried,330500.0,856.0,1,1830.79,Personal Loan,117200.0,48,12.44,3111.71,0.18,0.0,0,2025-06-21,Approved,No,,0
LN002678,Rahul Sharma,Male,51.0,Married,BR018,Salaried,459700.0,585.0,1,5621.48,Home Loan,1518000.0,240,10.15,14800.21,0.53,2093200.0,0,2023-11-25,Approved,No,,0
LN001913,Anjali Naidu,Female,34.0,Married,BR001,Salaried,473500.0,660.0,1,6838.21,Business Loan,687300.0,24,12.9,32643.22,1.0,799200.0,1,2024-07-12,Approved,No,,0
LN001851,Amit Chatterjee,Male,38.0,Single,BR016,Salaried,250000.0,579.0,1,1776.62,Education Loan,181200.0,84,12.21,0.0,0.24,0.0,1,2024-01-31,Rejected,No,,0
LN005241,Anil Pillai,Male,51.0,Single,BR005,Salaried,670400.0,626.0,0,0.0,Auto Loan,688100.0,48,10.74,0.0,0.32,0.0,0,2023-04-07,Rejected,No,,0
LN001110,Ishita Chatterjee,Female,58.0,Married,BR002,Salaried,460800.0,840.0,1,6381.0,Home Loan,1762500.0,180,7.6,16438.91,0.59,1848700.0,1,2022-03-18,Approved,No,,0
LN005443,Krishna Iyer,Male,37.0,Single,BR003,Salaried,481400.0,547.0,0,0.0,Home Loan,2726900.0,180,10.53,30193.86,0.75,3109300.0,1,2024-10-06,Approved,No,,0
LN005011,Priya Mehta,Female,32.0,Married,BR011,Salaried,209400.0,650.0,1,2553.99,Education Loan,187400.0,84,11.5,0.0,0.33,0.0,1,2025-01-31,Rejected,No,,0
LN004951,Geeta Singh,Female,50.0,Single,BR006,Business Owner,351900.0,608.0,1,5405.81,Home Loan,1226200.0,240,9.92,11768.18,0.59,1307000.0,1,2023-06-01,Approved,No,,0
LN000369,Reyansh Verma,Male,43.0,Single,BR010,Business Owner,886300.0,782.0,0,0.0,Personal Loan,441100.0,12,13.18,0.0,0.53,0.0,0,2025-02-02,Rejected,No,,0
LN003605,Vivaan Das,Male,54.0,Married,BR004,Salaried,242500.0,423.0,0,0.0,Personal Loan,134800.0,12,16.77,12279.69,0.61,0.0,4,2023-03-09,Approved,Yes,2023-08-29,79
LN000071,Diya Pillai,Female,46.0,Married,BR008,Salaried,626700.0,728.0,0,0.0,Education Loan,581600.0,36,10.72,18963.81,0.36,0.0,0,2022-04-09,Approved,No,,0
LN003800,Nikhil Malhotra,Male,27.0,Married,BR011,Salaried,358800.0,641.0,1,5229.63,Home Loan,1368900.0,300,9.59,12045.79,0.58,1812200.0,3,2022-01-06,Approved,No,,0
LN003663,Anjali Das,Female,25.0,Married,BR007,Salaried,395600.0,505.0,1,6664.57,Auto Loan,408900.0,60,11.95,9085.43,0.48,0.0,1,2025-10-26,Approved,No,,0
LN001688,Kritika Patel,Female,30.0,Married,BR004,Salaried,812200.0,725.0,0,0.0,Auto Loan,424900.0,48,9.75,10725.62,0.16,0.0,0,2025-12-28,Approved,Yes,,122
LN000223,Meera Gupta,Female,22.0,Single,BR011,Salaried,296300.0,738.0,0,0.0,Personal Loan,67100.0,48,13.62,1820.84,0.07,0.0,1,2024-09-02,Approved,No,,0
LN001996,Manish Patel,Male,23.0,Single,BR006,Unemployed,93700.0,583.0,2,158.47,Auto Loan,81700.0,48,11.17,2118.33,0.29,0.0,1,2025-01-18,Approved,No,,0
LN004435,Arjun Reddy,Male,34.0,Married,BR010,Salaried,621700.0,559.0,0,0.0,Personal Loan,232200.0,48,15.41,6510.66,0.13,0.0,2,2023-02-15,Approved,No,,0
LN004531,Aditya Mehta,Male,46.0,Married,BR004,Salaried,201200.0,734.0,0,0.0,Auto Loan,169300.0,48,9.66,4266.29,0.25,0.0,0,2022-09-09,Approved,No,,0
LN005135,Nikhil Reddy,Male,21.0,Married,BR014,Self-Employed,218100.0,600.0,0,0.0,Auto Loan,182900.0,36,11.0,0.0,0.33,0.0,0,2024-10-10,Rejected,No,,0
LN004829,Aditya Patel,Male,31.0,Married,BR005,Business Owner,227500.0,584.0,1,1734.62,Business Loan,467900.0,36,13.66,15914.56,0.93,519700.0,1,2022-06-20,Approved,No,,0
LN002994,Ishita Pillai,Female,43.0,Married,BR004,Self-Employed,286500.0,817.0,0,0.0,Personal Loan,113200.0,48,12.83,0.0,0.13,0.0,0,2025-08-05,Rejected,No,,0
LN003351,Manish Malhotra,Male,,Married,BR006,Business Owner,426600.0,618.0,0,0.0,Home Loan,1355000.0,240,9.82,12914.86,0.36,1379900.0,3,2023-10-13,Approved,No,,0
LN002393,Rohan Naidu,Male,23.0,Married,BR012,Unemployed,174900.0,608.0,2,1242.43,Home Loan,976200.0,240,9.92,0.0,0.73,1344000.0,1,2025-10-26,Rejected,No,,0
LN000883,Suresh Iyer,Male,30.0,Single,BR014,Unemployed,90000.0,613.0,2,378.41,Education Loan,75900.0,120,11.87,0.0,0.19,0.0,0,2025-08-31,Rejected,No,,0
LN003905,Anil Gupta,Male,38.0,Single,BR015,Salaried,786900.0,544.0,1,13980.67,Personal Loan,282200.0,24,15.56,0.0,0.42,0.0,1,2025-09-02,Rejected,No,,0
LN002270,Divya Bhatt,Female,35.0,Married,BR001,Salaried,479600.0,700.0,1,2826.89,Personal Loan,128700.0,36,14.0,4398.66,0.18,0.0,0,2022-02-05,Approved,No,,0
LN003328,Deepak Sharma,Male,27.0,Married,BR017,Salaried,689500.0,668.0,0,0.0,Business Loan,1038700.0,36,12.82,34907.92,0.61,1211100.0,0,2023-08-10,Approved,No,,0
LN000715,Swati Patel,Female,39.0,Married,BR001,Salaried,,572.0,3,410.13,Education Loan,311000.0,60,12.28,0.0,0.21,0.0,0,2024-09-29,Rejected,No,,0
LN000164,Arjun Chatterjee,Male,30.0,Married,BR015,Salaried,588700.0,685.0,2,1415.43,Business Loan,1435300.0,60,12.65,32400.9,0.69,1679200.0,1,2023-09-06,Approved,No,,0
LN004734,Riya Verma,Female,21.0,Married,BR004,Business Owner,277000.0,617.0,1,527.86,Auto Loan,239000.0,84,10.83,0.0,0.2,0.0,1,2025-10-16,Rejected,No,,0
LN004816,Rohan Agarwal,Male,41.0,Married,BR007,Self-Employed,556500.0,676.0,0,0.0,Auto Loan,440500.0,36,10.24,0.0,0.31,0.0,0,2025-01-05,Rejected,No,,0
LN004348,Arjun Nair,Male,25.0,Divorced,BR003,Salaried,474900.0,644.0,3,4699.8,Business Loan,625500.0,24,13.06,29755.04,0.87,635700.0,1,2022-03-15,Approved,No,,0
LN002533,Neha Chauhan,Female,21.0,Divorced,BR003,Salaried,664500.0,523.0,0,0.0,Personal Loan,397100.0,24,15.77,0.0,0.35,0.0,2,2025-03-02,Rejected,No,,0
LN002609,Karthik Joshi,Male,33.0,Single,BR006,Business Owner,443300.0,534.0,1,3116.92,Gold Loan,54700.0,6,11.16,9415.7,0.34,59500.0,2,2022-07-10,Approved,No,,0
LN000283,Geeta Nair,Female,23.0,Married,BR003,Business Owner,116800.0,787.0,0,0.0,Home Loan,468000.0,180,8.13,4507.65,0.46,530200.0,0,2023-06-14,Approved,No,,0
LN004379,Shreya Kapoor,Female,46.0,Married,BR004,Self-Employed,281700.0,669.0,1,5500.11,Gold Loan,30600.0,24,9.81,1409.35,0.29,33700.0,0,2022-06-21,Approved,No,,0
LN004456,Vivaan Mehta,Male,21.0,Single,BR005,Business Owner,338900.0,578.0,1,4027.06,Auto Loan,301100.0,60,11.22,6579.73,0.38,0.0,1,2024-01-05,Approved,No,,0
LN000168,Vivaan Verma,Male,25.0,Married,BR015,Salaried,1052600.0,575.0,0,0.0,Personal Loan,301800.0,12,15.25,0.0,0.31,0.0,0,2025-05-08,Rejected,No,,0
LN002200,Pooja Chauhan,Female,40.0,Married,BR002,Salaried,184200.0,685.0,0,0.0,Auto Loan,115300.0,60,10.15,2458.3,0.16,0.0,0,2025-05-08,Approved,Yes,2025-10-25,48
LN004183,Kritika Nair,Female,40.0,Married,BR009,Salaried,444700.0,706.0,1,8884.42,Gold Loan,123200.0,18,9.44,0.0,0.44,166400.0,0,2023-08-16,Rejected,No,,0
LN003977,Rekha Agarwal,Female,30.0,Divorced,BR008,Self-Employed,479200.0,749.0,1,5193.87,Personal Loan,97800.0,36,13.51,0.0,0.21,0.0,1,2023-09-22,Rejected,No,,0
LN000968,Deepak Malhotra,Male,32.0,Married,BR009,Self-Employed,194300.0,676.0,0,0.0,Education Loan,94300.0,60,11.24,0.0,0.13,0.0,0,2024-02-03,Rejected,No,,0
LN001441,Ishita Malhotra,Female,43.0,Married,BR001,Salaried,658300.0,713.0,1,1762.56,Education Loan,469200.0,60,10.87,10171.15,0.22,0.0,0,2022-11-16,Approved,No,,0
LN001710,Neha Kapoor,Female,28.0,Married,BR001,Salaried,465400.0,784.0,3,5868.67,Personal Loan,186800.0,12,13.16,16698.49,0.58,0.0,0,2022-04-24,Approved,No,,0
LN005158,Ishita Singh,Female,33.0,Married,BR012,Salaried,370600.0,618.0,2,3223.43,Gold Loan,53100.0,12,10.32,4676.24,0.26,57500.0,0,2024-03-26,Approved,Yes,2024-09-11,48
LN000797,Ishaan Kapoor,Male,26.0,Single,BR006,Salaried,243000.0,569.0,1,3026.36,Personal Loan,79100.0,12,15.31,0.0,0.5,0.0,1,2022-11-05,Rejected,No,,0
LN004138,Rohan Naidu,Male,30.0,Married,BR013,Salaried,299100.0,,1,2221.7,Auto Loan,129300.0,36,10.08,4177.01,0.26,0.0,1,2022-08-14,Approved,No,,0
LN002726,Arjun Nair,Male,,Married,BR017,Salaried,259000.0,523.0,0,0.0,Business Loan,637100.0,60,14.27,0.0,0.69,673400.0,0,2025-02-17,Rejected,No,,0
LN002175,Priya Joshi,Female,47.0,Married,BR005,Self-Employed,449200.0,734.0,2,981.05,Personal Loan,163300.0,24,13.66,7814.3,0.23,0.0,2,2023-03-08,Approved,No,,0
LN000732,Manish Gupta,Male,31.0,Divorced,BR009,Salaried,325700.0,715.0,0,0.0,Business Loan,719100.0,60,12.35,16123.46,0.59,827500.0,1,2025-04-28,Approved,No,,0
LN003068,Vikram Rao,Male,31.0,Single,BR006,Salaried,340500.0,776.0,3,5211.36,Home Loan,1606700.0,240,8.24,13680.06,0.67,2214200.0,0,2025-03-29,Approved,No,,0
LN002631,Krishna Verma,Male,31.0,Single,BR012,Business Owner,514200.0,614.0,0,0.0,Personal Loan,194300.0,24,14.86,0.0,0.22,0.0,1,2025-09-26,Rejected,No,,0
LN004355,Manish Chatterjee,Male,56.0,Married,BR005,Salaried,615200.0,703.0,1,10601.0,Auto Loan,423400.0,60,9.97,8989.75,0.38,0.0,1,2024-07-08,Approved,No,,0
LN000332,Priya Pillai,Female,24.0,Married,BR003,Salaried,352800.0,771.0,0,0.0,Auto Loan,406200.0,48,9.29,10164.33,0.35,0.0,2,2024-03-15,Approved,Yes,2024-10-22,9
LN002760,Vikram Patel,Male,50.0,Single,BR007,Salaried,347800.0,648.0,1,4535.57,Home Loan,1373800.0,240,9.52,12823.57,0.6,1535500.0,1,2023-09-06,Approved,No,,0
LN004284,Anjali Agarwal,Female,21.0,Single,BR010,Self-Employed,481700.0,741.0,1,4458.48,Auto Loan,320500.0,60,9.59,0.0,0.28,0.0,0,2024-01-06,Rejected,No,,0
LN003910,Divya Singh,Female,45.0,Married,BR008,Business Owner,814000.0,642.0,0,0.0,Education Loan,459000.0,84,11.58,7999.87,0.12,0.0,3,2022-01-15,Approved,No,,0
LN001105,Sunita Singh,Female,37.0,Married,BR005,Business Owner,440400.0,644.0,0,0.0,Personal Loan,187100.0,12,14.56,16848.51,0.46,0.0,2,2025-12-28,Approved,Yes,,275
LN003614,Saanvi Reddy,Female,48.0,Single,BR003,Business Owner,295900.0,549.0,0,0.0,Home Loan,1065500.0,120,10.51,14383.29,0.58,1320300.0,0,2023-11-11,Approved,No,,0
LN004561,Pooja Sharma,Female,21.0,Married,BR013,Business Owner,719400.0,571.0,2,3231.58,Education Loan,453600.0,120,12.29,0.0,0.16,0.0,1,2023-05-12,Rejected,No,,0
LN004134,Vikram Chatterjee,Male,34.0,Single,BR009,Salaried,517900.0,684.0,0,0.0,Business Loan,1204200.0,24,12.66,57057.74,1.32,1493800.0,0,2025-03-08,Approved,Yes,2025-11-07,87
LN000603,Saanvi Sharma,Female,33.0,Married,BR010,Salaried,951400.0,786.0,1,18674.53,Personal Loan,348500.0,24,13.14,0.0,0.44,0.0,0,2023-01-10,Rejected,No,,0
LN005083,Karthik Bhatt,Male,34.0,Divorced,BR008,Salaried,,805.0,1,5856.86,Personal Loan,196400.0,24,12.95,9332.6,0.37,0.0,0,2022-08-16,Approved,No,,0
LN005038,Nikhil Kapoor,Male,33.0,Single,BR010,Salaried,660300.0,617.0,1,9473.46,Personal Loan,177000.0,48,14.83,0.0,0.26,0.0,1,2025-12-09,Rejected,No,,0
LN002361,Vivaan Iyer,Male,32.0,Married,BR014,Salaried,185800.0,696.0,1,2681.63,Home Loan,596900.0,300,9.04,5025.52,0.5,610500.0,0,2023-05-22,Approved,No,,0
LN002051,Karthik Mehta,Male,47.0,Married,BR002,Self-Employed,164400.0,621.0,2,1226.66,Personal Loan,55700.0,36,14.79,0.0,0.23,0.0,1,2025-08-31,Rejected,No,,0
LN003115,Manish Chatterjee,Male,51.0,Single,BR005,Self-Employed,340400.0,641.0,1,2815.55,Auto Loan,350400.0,84,10.59,0.0,0.31,0.0,0,2022-07-07,Rejected,No,,0
LN003690,Saanvi Singh,Female,34.0,Married,BR011,Salaried,401500.0,626.0,1,5754.55,Home Loan,2299700.0,120,9.74,30060.57,1.07,2937800.0,0,2022-10-25,Approved,No,,0
LN002250,Aadhya Das,Female,36.0,Married,BR006,Salaried,436100.0,688.0,0,0.0,Personal Loan,251500.0,24,14.12,12089.5,0.33,0.0,0,2025-12-06,Approved,No,,0
LN000089,Rajesh Sharma,Male,41.0,Single,BR005,Self-Employed,221100.0,709.0,0,0.0,Business Loan,308000.0,36,12.41,10290.43,0.56,346300.0,0,2024-07-27,Approved,No,,0
LN002110,Meera Joshi,Female,44.0,Married,BR010,Salaried,909800.0,806.0,0,0.0,Gold Loan,142100.0,24,8.44,6455.35,0.09,197300.0,1,2024-10-19,Approved,No,,0
LN000356,Kavya Sharma,Female,37.0,Married,BR007,Unemployed,90000.0,654.0,0,0.0,Personal Loan,29900.0,12,14.46,2691.11,0.36,0.0,0,2023-06-06,Approved,Yes,2024-03-12,14
LN004889,Aarav Das,Male,30.0,Single,BR011,Salaried,302500.0,681.0,0,0.0,Personal Loan,77600.0,24,14.19,3732.77,0.15,0.0,1,2023-04-03,Approved,No,,0
LN001045,Rahul Gupta,Male,38.0,Married,BR006,Salaried,621000.0,658.0,0,0.0,Business Loan,335900.0,24,12.92,15956.68,0.31,430700.0,1,2025-06-18,Approved,No,,0
LN000612,Geeta Naidu,Female,21.0,Married,BR008,Salaried,353700.0,701.0,2,4408.16,Personal Loan,124800.0,36,13.99,4264.76,0.29,0.0,0,2022-08-28,Approved,No,,0
LN000805,Aditya Naidu,Male,30.0,Married,BR001,Self-Employed,749600.0,656.0,0,0.0,Home Loan,3101400.0,120,9.44,0.0,0.64,3164700.0,0,2025-12-03,Rejected,No,,0
LN001146,Aarav Verma,Male,31.0,Single,BR001,Salaried,405600.0,723.0,2,1021.39,Personal Loan,88700.0,48,13.77,2413.64,0.1,0.0,1,2024-10-15,Approved,No,,0
LN003432,Vihaan Pillai,Male,43.0,Single,BR006,Self-Employed,322600.0,710.0,0,0.0,Personal Loan,191400.0,24,13.9,0.0,0.34,0.0,1,2022-07-24,Rejected,No,,0
LN002840,Nikhil Chauhan,Male,27.0,Single,BR006,Business Owner,324700.0,661.0,1,3970.17,Personal Loan,51600.0,36,14.39,1773.36,0.21,0.0,1,2025-04-26,Approved,No,,0
LN001013,Vikram Agarwal,Male,36.0,Divorced,BR009,Salaried,455900.0,677.0,2,2729.11,Home Loan,1867600.0,180,9.23,19198.82,0.58,2383900.0,0,2022-06-09,Approved,No,,0
LN004170,Vivaan Bhatt,Male,,Married,BR006,Self-Employed,492900.0,685.0,2,134.8,Personal Loan,271900.0,24,14.15,0.0,0.32,0.0,0,2022-07-25,Rejected,No,,0
LN001002,Rohan Pillai,Male,48.0,Single,BR015,Salaried,266100.0,600.0,1,5434.4,Gold Loan,51300.0,24,10.5,0.0,0.35,60000.0,0,2025-09-24,Rejected,No,,0
LN005009,Geeta Joshi,Female,26.0,Married,BR009,Business Owner,793100.0,676.0,0,0.0,Personal Loan,135000.0,24,14.24,0.0,0.1,0.0,0,2023-04-21,Rejected,No,,0
LN002304,Karthik Agarwal,Male,32.0,Married,BR004,Self-Employed,1265000.0,663.0,0,0.0,Personal Loan,428600.0,12,14.37,38557.41,0.37,0.0,1,2025-05-09,Approved,No,,0
LN003623,Saanvi Chatterjee,Female,54.0,Divorced,BR004,Self-Employed,1045900.0,,0,0.0,Home Loan,5124400.0,240,8.09,43150.01,0.5,5895500.0,0,2022-08-30,Approved,No,,0
LN000556,Manish Naidu,Male,46.0,Married,BR012,Self-Employed,203000.0,540.0,2,442.91,Auto Loan,177400.0,36,11.6,5858.38,0.37,0.0,1,2025-08-21,Approved,No,,0
LN005208,Swati Das,Female,39.0,Single,BR014,Salaried,661200.0,793.0,0,0.0,Home Loan,3247100.0,300,8.07,25212.4,0.46,3893000.0,0,2024-08-25,Approved,No,,0
LN005051,Ananya Das,Female,36.0,Married,BR006,Self-Employed,390400.0,884.0,1,5552.11,Education Loan,225200.0,120,9.16,2872.28,0.26,0.0,0,2023-02-28,Approved,No,,0
LN004704,Rahul Rao,Male,40.0,Married,BR002,Self-Employed,338900.0,540.0,1,3416.42,Home Loan,1028400.0,240,10.6,10336.51,0.49,1113200.0,1,2024-12-19,Approved,Yes,2025-04-30,14
LN004443,Aarav Bhatt,Male,29.0,Married,BR003,Salaried,425900.0,890.0,3,2634.77,Auto Loan,326500.0,60,8.1,6635.88,0.26,0.0,0,2025-06-12,Approved,No,,0
LN000414,Priya Pillai,Female,34.0,Married,BR014,Business Owner,329200.0,638.0,1,2019.53,Personal Loan,57800.0,12,14.62,5206.57,0.26,0.0,0,2025-06-26,Approved,No,,0
LN003044,Aditya Nair,Male,33.0,Married,BR012,Salaried,330500.0,558.0,0,0.0,Personal Loan,161300.0,24,15.42,0.0,0.29,0.0,3,2023-07-02,Rejected,No,,0
LN004155,Rohan Mehta,Male,36.0,Married,BR003,Self-Employed,820100.0,705.0,1,11293.14,Business Loan,413600.0,36,12.45,13826.5,0.37,465600.0,0,2024-07-14,Approved,Yes,2025-11-07,136
LN005194,Ishaan Mehta,Male,31.0,Single,BR005,Self-Employed,269400.0,741.0,0,0.0,Auto Loan,120500.0,84,9.59,0.0,0.09,0.0,0,2023-03-09,Rejected,No,,0
LN000043,Karthik Gupta,Male,44.0,Married,BR016,Business Owner,1125100.0,690.0,0,0.0,Auto Loan,1098700.0,48,10.1,27918.66,0.3,0.0,0,2022-09-22,Approved,No,,0
LN001046,Karthik Naidu,Male,24.0,Single,BR006,Business Owner,1416900.0,698.0,0,0.0,Auto Loan,1663400.0,36,10.02,53688.86,0.45,0.0,0,2022-08-07,Approved,No,,0
LN001465,Anil Joshi,Male,21.0,Married,BR010,Unemployed,165200.0,591.0,0,0.0,Personal Loan,25000.0,12,15.09,0.0,0.16,0.0,0,2023-03-05,Rejected,No,,0
LN001811,Arjun Rao,Male,26.0,Single,BR009,Salaried,238700.0,,0,0.0,Business Loan,358100.0,60,12.43,8043.77,0.4,392000.0,1,2025-04-14,Approved,No,,0
LN004008,Ishita Iyer,Female,25.0,Single,BR013,Salaried,797000.0,669.0,1,12324.86,Home Loan,3077200.0,300,9.31,26480.1,0.58,3541600.0,0,2024-11-28,Approved,No,,0
LN002530,Rohan Rao,Male,43.0,Single,BR002,Salaried,422800.0,757.0,0,0.0,Auto Loan,213500.0,48,9.43,5356.66,0.15,0.0,1,2024-11-04,Approved,No,,0
LN001719,Sneha Iyer,Female,50.0,Married,BR010,Self-Employed,825600.0,666.0,1,2979.97,Auto Loan,740800.0,48,10.34,0.0,0.32,0.0,1,2023-03-17,Rejected,No,,0
LN001054,Sai Malhotra,Male,47.0,Married,BR008,Self-Employed,,509.0,0,0.0,Auto Loan,200000.0,84,11.91,0.0,0.21,0.0,0,2025-06-21,Rejected,No,,0
LN004494,Aadhya Chauhan,Female,39.0,Married,BR018,Salaried,491800.0,900.0,2,7682.18,Personal Loan,190900.0,36,12.0,6340.61,0.34,0.0,0,2022-07-13,Approved,No,,0
LN002292,Vivaan Nair,Male,27.0,Married,BR003,Salaried,833400.0,683.0,0,0.0,Personal Loan,443800.0,36,14.17,0.0,0.22,0.0,0,2022-11-13,Rejected,No,,0
LN003706,Suresh Bhatt,Male,,Single,BR009,Salaried,268100.0,694.0,2,611.31,Home Loan,1234900.0,120,9.06,15683.32,0.73,1692400.0,0,2023-02-10,Approved,No,,0
LN003427,Shreya Rao,Female,32.0,Married,BR018,Self-Employed,293000.0,619.0,1,1256.96,Personal Loan,39100.0,12,14.81,0.0,0.2,0.0,2,2024-06-29,Rejected,No,,0
LN005245,Neha Patel,Female,49.0,Divorced,BR002,Salaried,372100.0,776.0,2,1330.28,Business Loan,430600.0,24,11.74,20217.59,0.69,496800.0,0,2024-05-12,Approved,Yes,2025-12-18,1
LN004929,Ananya Pillai,Female,38.0,Single,BR008,Business Owner,437700.0,608.0,0,0.0,Gold Loan,127200.0,12,10.42,11207.76,0.31,139200.0,0,2024-04-08,Approved,No,,0
LN001986,Aarav Singh,Male,50.0,Married,BR009,Salaried,398900.0,682.0,1,434.24,Business Loan,991000.0,84,12.68,17856.28,0.55,1096100.0,0,2025-10-29,Approved,No,,0
LN000070,Rahul Kapoor,Male,45.0,Married,BR005,Salaried,394200.0,544.0,1,1935.81,Home Loan,1202400.0,120,10.56,16265.01,0.55,1666000.0,1,2023-01-26,Approved,No,,0
LN004020,Saanvi Das,Female,42.0,Single,BR004,Business Owner,425100.0,707.0,0,0.0,Home Loan,2436200.0,180,8.93,24608.22,0.69,2844900.0,1,2024-12-03,Approved,No,,0
LN001920,Krishna Pillai,Male,34.0,Married,BR003,Business Owner,439800.0,845.0,0,0.0,Business Loan,799100.0,36,11.05,26180.43,0.71,1091300.0,1,2023-05-03,Approved,Yes,2023-09-22,57
LN003038,Deepak Pillai,Male,26.0,Married,BR007,Self-Employed,138200.0,752.0,0,0.0,Education Loan,114000.0,120,10.48,1536.98,0.13,0.0,0,2022-02-25,Approved,Yes,2022-06-03,6
LN000018,Vikram Pillai,Male,41.0,Married,BR005,Salaried,544100.0,570.0,0,0.0,Business Loan,337600.0,24,13.8,16177.27,0.36,458500.0,2,2024-12-13,Approved,No,,0
LN004747,Amit Malhotra,Male,43.0,Married,BR017,Salaried,561500.0,695.0,0,0.0,Personal Loan,119500.0,36,14.05,4087.13,0.09,0.0,3,2023-03-09,Approved,Yes,2023-10-04,117
LN004635,Ishita Verma,Female,42.0,Single,BR002,Salaried,549800.0,726.0,0,0.0,Home Loan,1993400.0,180,8.74,19911.24,0.43,2353700.0,0,2023-09-05,Approved,No,,0
LN000821,Ananya Joshi,Female,47.0,Married,BR014,Salaried,337800.0,539.0,2,6800.65,Personal Loan,151700.0,48,15.61,0.0,0.39,0.0,2,2025-05-23,Rejected,No,,0
LN000074,Sunita Patel,Female,54.0,Single,BR003,Salaried,521200.0,703.0,2,3130.4,Auto Loan,369500.0,60,9.97,7845.33,0.25,0.0,0,2023-09-27,Approved,Yes,2025-09-23,83
LN002375,Vivaan Das,Male,27.0,Married,BR014,Business Owner,311200.0,511.0,1,5219.46,Auto Loan,162800.0,84,11.89,2864.3,0.31,0.0,0,2022-04-27,Approved,Yes,2022-06-24,36
LN000696,Deepak Iyer,Male,32.0,Single,BR009,Business Owner,251500.0,706.0,1,1728.15,Auto Loan,119000.0,84,9.94,1971.85,0.18,0.0,0,2024-12-17,Approved,No,,0
LN004413,Anil Verma,Male,45.0,Married,BR015,Business Owner,231800.0,605.0,1,1355.26,Auto Loan,3235500.0,48,10.95,5569.64,0.36,0.0,1,2022-03-28,Approved,Yes,2024-05-07,183
LN004790,Neha Mehta,Female,44.0,Single,BR001,Business Owner,536500.0,617.0,2,2321.72,Personal Loan,61000.0,24,14.83,0.0,0.12,0.0,1,2023-04-22,Rejected,No,,0
LN003534,Aarav Mehta,Male,33.0,Single,BR005,Salaried,878600.0,728.0,0,0.0,Home Loan,3053900.0,240,8.72,26929.21,0.37,3169300.0,0,2025-01-06,Approved,No,,0
LN002937,Karthik Chauhan,Male,21.0,Married,BR013,Salaried,264500.0,691.0,1,1119.15,Auto Loan,125600.0,60,10.09,2674.19,0.17,0.0,0,2023-06-17,Approved,Yes,2025-05-31,50
LN002395,Neha Nair,Female,30.0,Single,BR008,Self-Employed,276800.0,774.0,0,0.0,Personal Loan,90800.0,36,13.26,3070.79,0.13,0.0,0,2025-10-01,Approved,No,,0
LN005192,Krishna Chauhan,Male,31.0,Married,BR009,Self-Employed,252000.0,605.0,0,0.0,Business Loan,495200.0,84,13.45,9130.25,0.43,581000.0,1,2024-05-13,Approved,No,,0
LN003235,Rajesh Naidu,Male,30.0,Married,BR013,Salaried,455600.0,709.0,0,0.0,Home Loan,1852800.0,120,8.91,23380.34,0.62,2000300.0,0,2024-10-13,Approved,No,,0
LN001739,Vivaan Patel,Male,23.0,Married,BR002,Business Owner,385500.0,673.0,1,365.26,Business Loan,260900.0,36,12.77,8761.88,0.28,310200.0,0,2023-05-13,Approved,No,,0
LN001975,Ishaan Singh,Male,35.0,Divorced,BR011,Business Owner,1391500.0,624.0,0,0.0,Personal Loan,810700.0,24,14.76,39215.75,0.34,0.0,1,2023-07-17,Approved,No,,0
LN001248,Anil Nair,Male,21.0,Married,BR016,Self-Employed,360500.0,684.0,0,0.0,Personal Loan,64400.0,36,14.16,2206.05,0.07,0.0,1,2024-01-26,Approved,No,,0
LN005291,Anjali Agarwal,Female,35.0,Divorced,BR009,Salaried,354100.0,517.0,1,1617.87,Education Loan,158300.0,84,12.83,0.0,0.15,0.0,1,2022-06-17,Rejected,No,,0
LN000863,Nikhil Bhatt,Male,33.0,Married,BR007,Salaried,537100.0,568.0,0,0.0,Personal Loan,299200.0,24,15.32,14552.74,0.33,0.0,1,2022-02-27,Approved,Yes,2022-06-21,163
LN003808,Aditya Joshi,Male,33.0,Married,BR007,Unemployed,128400.0,575.0,3,1526.36,Home Loan,400600.0,180,10.25,0.0,0.55,455100.0,0,2022-01-04,Rejected,No,,0
LN004743,Deepak Mehta,Male,45.0,Single,BR003,Business Owner,369000.0,649.0,0,0.0,Personal Loan,110300.0,36,14.51,3797.17,0.12,0.0,1,2023-06-07,Approved,Yes,2025-04-14,17
LN003672,Diya Gupta,Female,35.0,Married,BR004,Salaried,933800.0,689.0,0,0.0,Auto Loan,854500.0,48,10.11,21717.5,0.28,0.0,0,2025-12-21,Approved,No,,0
LN003714,Amit Naidu,Male,21.0,Single,BR014,Unemployed,90000.0,597.0,0,0.0,Home Loan,378800.0,120,10.03,0.0,0.67,444900.0,1,2022-02-19,Rejected,No,,0
LN001095,Rohan Joshi,Male,30.0,Married,BR016,Salaried,440200.0,829.0,0,0.0,Auto Loan,426500.0,48,8.71,10554.84,0.29,0.0,0,2022-03-08,Approved,No,,0
LN001627,Aadhya Bhatt,Female,49.0,Married,BR006,Salaried,294000.0,667.0,0,0.0,Home Loan,1304100.0,120,9.33,16753.59,0.68,1749700.0,0,2024-08-03,Approved,No,,0
LN001596,Geeta Rao,Female,35.0,Married,BR018,Salaried,587200.0,522.0,1,10992.33,Business Loan,1054300.0,84,14.28,19921.03,0.63,1339500.0,1,2023-07-26,Approved,No,,0
LN005453,Shreya Naidu,Female,48.0,Married,BR003,Salaried,731500.0,687.0,0,0.0,Home Loan,3552200.0,180,9.13,0.0,0.6,4829600.0,1,2023-05-30,Rejected,No,,0
LN004994,Sai Reddy,Male,39.0,Married,BR009,Salaried,459100.0,900.0,1,5175.31,Personal Loan,148500.0,24,12.0,6990.41,0.32,0.0,0,2024-12-03,Approved,No,,0
LN002202,Sunita Verma,Female,27.0,Divorced,BR016,Salaried,260000.0,546.0,1,5027.81,Auto Loan,298300.0,60,11.54,6566.39,0.54,0.0,0,2024-07-14,Approved,Yes,2025-02-03,189
LN001377,Karthik Das,Male,29.0,Married,BR004,Self-Employed,965100.0,644.0,0,0.0,Home Loan,3420400.0,300,9.56,0.0,0.37,4394900.0,2,2025-04-11,Rejected,No,,0
LN000585,Rekha Das,Female,32.0,Single,BR014,Salaried,288700.0,654.0,0,0.0,Personal Loan,148300.0,48,14.46,4086.82,0.17,0.0,0,2023-11-30,Approved,No,,0
LN002761,Deepak Chatterjee,Male,25.0,Married,BR017,Salaried,346900.0,606.0,1,2607.61,Personal Loan,58800.0,36,14.94,2036.59,0.16,0.0,0,2023-02-14,Approved,No,,0
LN003810,Divya Reddy,Female,38.0,Married,BR015,Salaried,459200.0,,1,1692.68,Business Loan,1001300.0,24,14.02,48084.76,1.3,1114100.0,1,2022-11-01,Approved,No,,0
LN002165,Deepak Patel,Male,28.0,Single,BR013,Salaried,499000.0,735.0,0,0.0,Home Loan,1509700.0,180,8.65,0.0,0.36,1715500.0,0,2023-12-06,Rejected,No,,0
LN000737,Kavya Rao,Female,45.0,Single,BR013,Business Owner,839200.0,593.0,0,0.0,Auto Loan,902000.0,48,11.07,0.0,0.33,0.0,2,2024-01-25,Rejected,No,,0
LN001858,Aarav Reddy,Male,30.0,Single,BR009,Salaried,420200.0,900.0,2,6236.13,Personal Loan,181500.0,48,12.0,4779.59,0.31,0.0,1,2024-07-04,Approved,Yes,2024-12-20,279
LN002634,Aditya Iyer,Male,42.0,Single,BR010,Salaried,,782.0,2,2959.23,Personal Loan,103900.0,12,13.18,9288.84,0.24,0.0,0,2023-03-02,Approved,Yes,2023-12-10,71
LN004735,Anjali Reddy,Female,33.0,Married,BR005,Salaried,562800.0,776.0,3,10405.35,Personal Loan,332600.0,12,13.24,29744.39,0.86,0.0,0,2025-02-01,Approved,Yes,2025-07-03,122
LN004120,Ishaan Agarwal,Male,30.0,Married,BR008,Salaried,288500.0,587.0,0,0.0,Auto Loan,194100.0,84,11.13,0.0,0.14,0.0,0,2022-02-07,Rejected,No,,0
LN005371,Sunita Mehta,Female,33.0,Married,BR006,Business Owner,494800.0,850.0,0,0.0,Personal Loan,176000.0,24,12.5,8326.09,0.2,0.0,1,2022-08-21,Approved,No,,0
LN000448,Rajesh Malhotra,Male,21.0,Single,BR006,Salaried,293700.0,626.0,1,1750.32,Personal Loan,101600.0,24,14.74,0.0,0.27,0.0,3,2024-02-06,Rejected,No,,0
LN002666,Nikhil Patel,Male,21.0,Married,BR001,Business Owner,590800.0,844.0,2,6797.78,Education Loan,411200.0,120,9.56,5334.34,0.25,0.0,0,2025-07-03,Approved,No,,0
LN000048,Sunita Bhatt,Female,53.0,Married,BR008,Self-Employed,675200.0,763.0,0,0.0,Personal Loan,261500.0,48,13.37,7063.51,0.13,0.0,0,2024-10-24,Approved,No,,0
LN003509,Karthik Sharma,Male,56.0,Married,BR016,Salaried,817000.0,798.0,0,0.0,Personal Loan,376000.0,48,13.02,10090.87,0.15,0.0,0,2025-12-19,Approved,No,,0
LN004887,Ishaan Verma,Male,26.0,Single,BR018,Self-Employed,90000.0,743.0,1,1580.15,Home Loan,271100.0,240,8.57,2364.69,0.53,370700.0,0,2023-03-06,Approved,No,,0
LN003976,Priya Chauhan,Female,46.0,Married,BR006,Salaried,513100.0,750.0,2,8211.8,Business Loan,454200.0,36,12.0,15085.94,0.54,470800.0,1,2024-10-11,Approved,No,,0
LN003426,Shreya Pillai,Female,28.0,Married,BR003,Business Owner,383300.0,718.0,1,4873.44,Business Loan,892000.0,36,12.32,0.0,1.08,1206900.0,1,2025-10-19,Rejected,No,,0
LN003517,Reyansh Chatterjee,Male,58.0,Divorced,BR015,Salaried,181100.0,623.0,1,339.37,Personal Loan,44600.0,24,14.77,0.0,0.17,0.0,0,2023-04-11,Rejected,No,,0
LN004404,Anjali Rao,Female,42.0,Married,BR018,Self-Employed,538600.0,725.0,2,6348.66,Gold Loan,83500.0,12,9.25,0.0,0.3,98300.0,0,2022-04-01,Rejected,No,,0
LN005253,Manish Naidu,Male,43.0,Married,BR004,Salaried,281700.0,723.0,0,0.0,Business Loan,323900.0,60,12.27,7249.25,0.31,435500.0,0,2024-03-07,Approved,No,,0
LN000983,Karthik Das,Male,34.0,Single,BR010,Salaried,212000.0,589.0,0,0.0,Auto Loan,91500.0,48,11.11,0.0,0.13,0.0,0,2022-04-12,Rejected,No,,0
LN005459,Anil Verma,Male,42.0,Divorced,BR010,Salaried,452200.0,616.0,0,0.0,Personal Loan,126600.0,12,14.84,11417.15,0.3,0.0,3,2022-09-30,Approved,No,,0
LN001208,Reyansh Joshi,Male,24.0,Single,BR006,Unemployed,188400.0,617.0,1,886.75,Personal Loan,111800.0,36,14.83,0.0,0.3,0.0,2,2025-10-20,Rejected,No,,0
LN000872,Anjali Nair,Female,21.0,Married,BR004,Self-Employed,380100.0,581.0,1,5049.15,Auto Loan,452000.0,84,11.19,0.0,0.41,0.0,1,2024-01-14,Rejected,No,,0
LN002800,Arjun Singh,Male,42.0,Single,BR004,Salaried,420500.0,704.0,1,830.06,Personal Loan,228200.0,48,13.96,0.0,0.2,0.0,1,2024-09-03,Rejected,No,,0
LN004842,Manish Gupta,Male,57.0,Married,BR017,Self-Employed,551600.0,654.0,1,7945.01,Home Loan,2289900.0,300,9.46,19943.15,0.61,2456900.0,1,2025-09-09,Approved,Yes,2025-10-10,18
LN000478,Aarav Agarwal,Male,38.0,Married,BR007,Business Owner,294800.0,814.0,0,0.0,Personal Loan,42600.0,36,12.86,1432.49,0.06,0.0,1,2023-07-14,Approved,No,,0
LN002220,Nikhil Chatterjee,Male,32.0,Single,BR005,Self-Employed,90000.0,,0,0.0,Business Loan,112200.0,60,13.96,2608.37,0.35,117000.0,0,2024-12-12,Approved,No,,0
LN001554,Nikhil Patel,Male,,Single,BR001,Salaried,476900.0,792.0,1,7168.99,Business Loan,474200.0,60,11.58,10447.95,0.44,603500.0,0,2025-05-02,Approved,No,,0
LN000946,Priya Reddy,Female,42.0,Married,BR003,Salaried,850200.0,702.0,0,0.0,Gold Loan,112900.0,18,9.48,6753.44,0.1,123300.0,1,2025-07-26,Approved,Yes,2025-10-07,22
LN003548,Pooja Chauhan,Female,21.0,Married,BR005,Business Owner,897100.0,826.0,1,11495.37,Education Loan,490900.0,120,9.74,6416.81,0.24,0.0,0,2022-09-29,Approved,No,,0
LN000382,Sneha Malhotra,Female,38.0,Married,BR017,Business Owner,1263900.0,495.0,0,0.0,Personal Loan,713800.0,24,16.05,34966.92,0.33,0.0,1,2022-05-17,Approved,No,,0
LN004425,Deepak Mehta,Male,45.0,Married,BR001,Self-Employed,270900.0,581.0,1,892.88,Auto Loan,267100.0,36,11.19,0.0,0.43,0.0,2,2022-02-21,Rejected,No,,0
LN002778,Krishna Pillai,Male,29.0,Single,BR017,Business Owner,263300.0,663.0,0,0.0,Business Loan,586600.0,36,12.87,0.0,0.9,619500.0,1,2025-03-16,Rejected,No,,0
LN004583,Aditya Agarwal,Male,21.0,Married,BR011,Salaried,394700.0,573.0,0,0.0,Education Loan,335800.0,120,12.27,4870.31,0.15,0.0,2,2023-11-09,Approved,No,,0
LN004061,Deepak Mehta,Male,33.0,Married,BR012,Business Owner,142000.0,727.0,1,1960.52,Personal Loan,35800.0,36,13.73,1218.87,0.27,0.0,2,2024-06-27,Approved,No,,0
LN002851,Krishna Bhatt,Male,42.0,Married,BR005,Salaried,415000.0,611.0,1,6927.58,Personal Loan,180100.0,24,14.89,0.0,0.45,0.0,0,2023-06-18,Rejected,No,,0
LN003601,Kavya Singh,Female,37.0,Single,BR010,Salaried,427500.0,776.0,1,273.68,Home Loan,2317500.0,120,8.24,28412.43,0.81,3103500.0,0,2023-01-13,Approved,No,,0
LN003651,Rahul Patel,Male,37.0,Single,BR004,Salaried,521800.0,618.0,3,9932.04,Home Loan,3083600.0,120,9.82,40443.26,1.16,3412200.0,1,2023-06-25,Approved,No,,0
LN005463,Aadhya Chatterjee,Female,36.0,Married,BR003,Self-Employed,151000.0,714.0,0,0.0,Auto Loan,157100.0,84,9.86,2596.7,0.21,0.0,0,2023-10-22,Approved,No,,0
LN004993,Vivaan Bhatt,Male,42.0,Single,BR008,Salaried,965700.0,641.0,0,0.0,Gold Loan,235200.0,24,10.09,10863.06,0.13,256200.0,0,2025-09-14,Approved,No,,0
LN001390,Swati Naidu,Female,27.0,Single,BR018,Business Owner,375000.0,654.0,2,6221.1,Gold Loan,84700.0,12,9.96,7444.9,0.44,101800.0,0,2022-12-08,Approved,No,,0
LN000809,Ishaan Bhatt,Male,43.0,Divorced,BR006,Self-Employed,271100.0,568.0,1,2067.94,Home Loan,1415400.0,240,10.32,0.0,0.71,1824100.0,2,2023-05-04,Rejected,No,,0
LN005213,Reyansh Nair,Male,30.0,Married,BR010,Salaried,309400.0,,0,0.0,Home Loan,1156200.0,120,8.0,14027.9,0.54,1410000.0,0,2025-11-30,Approved,No,,0
LN004175,Reyansh Verma,Male,,Divorced,BR006,Unemployed,90000.0,636.0,0,0.0,Personal Loan,25000.0,48,14.64,691.22,0.09,0.0,2,2024-11-15,Approved,No,,0
LN002426,Priya Joshi,Female,27.0,Married,BR009,Salaried,368600.0,727.0,0,0.0,Personal Loan,63800.0,24,13.73,3055.09,0.1,0.0,0,2025-09-16,Approved,No,,0
LN004386,Arjun Pillai,Male,44.0,Married,BR013,Salaried,442600.0,725.0,1,5359.76,Home Loan,1923400.0,300,8.75,15813.11,0.57,2178900.0,1,2022-05-15,Approved,No,,0
LN000647,Karthik Rao,Male,21.0,Single,BR001,Self-Employed,954300.0,649.0,1,18337.65,Home Loan,3472900.0,120,9.51,0.0,0.8,4422800.0,1,2024-01-29,Rejected,No,,0
LN001298,Shreya Singh,Female,43.0,Married,BR009,Salaried,290900.0,673.0,2,4193.07,Education Loan,112000.0,120,11.27,1559.97,0.24,0.0,0,2023-04-06,Approved,No,,0
LN005403,Arjun Chauhan,Male,37.0,Married,BR011,Self-Employed,442800.0,615.0,2,6315.0,Personal Loan,81000.0,12,14.85,0.0,0.37,0.0,1,2024-08-02,Rejected,No,,0
LN001255,Deepak Iyer,Male,32.0,Married,BR005,Self-Employed,693300.0,739.0,1,5831.65,Home Loan,2480300.0,180,8.61,24584.69,0.53,2558400.0,1,2023-04-19,Approved,No,,0
LN005281,Aditya Chauhan,Male,49.0,Single,BR005,Salaried,205300.0,683.0,1,2518.31,Business Loan,220900.0,84,12.67,0.0,0.38,307400.0,0,2024-01-26,Rejected,No,,0
LN001117,Rahul Bhatt,Male,32.0,Single,BR003,Business Owner,501300.0,528.0,2,9980.44,Business Loan,596300.0,36,14.22,20443.89,0.73,707300.0,0,2024-09-18,Approved,Yes,2025-06-15,37
LN005024,Rahul Reddy,Male,50.0,Married,BR009,Business Owner,626800.0,543.0,1,2997.01,Home Loan,2320100.0,300,10.57,22022.05,0.48,3061400.0,3,2025-04-08,Approved,Yes,2025-09-12,99
LN003805,Aditya Pillai,Male,50.0,Married,BR001,Salaried,438000.0,575.0,3,3236.22,Personal Loan,180000.0,36,15.25,6261.82,0.26,0.0,2,2023-03-01,Approved,No,,0
LN003697,Diya Joshi,Female,41.0,Single,BR008,Salaried,324100.0,710.0,2,2528.87,Auto Loan,178400.0,60,9.9,3781.7,0.23,0.0,0,2022-11-30,Approved,No,,0
LN000601,Deepak Singh,Male,42.0,Single,BR001,Self-Employed,571100.0,,1,7977.15,Auto Loan,230300.0,84,9.69,0.0,0.25,0.0,1,2023-01-25,Rejected,No,,0
LN004597,Arjun Sharma,Male,34.0,Married,BR007,Business Owner,1180300.0,611.0,1,7558.95,Personal Loan,659000.0,48,14.89,0.0,0.26,0.0,1,2022-01-08,Rejected,No,,0
LN002648,Ananya Das,Female,41.0,Married,BR001,Business Owner,1018100.0,708.0,1,19844.71,Personal Loan,495000.0,36,13.92,0.0,0.43,0.0,2,2022-01-22,Rejected,No,,0
LN002284,Pooja Pillai,Female,26.0,Divorced,BR010,Salaried,379700.0,894.0,0,0.0,Gold Loan,56800.0,18,7.56,3347.78,0.11,77800.0,0,2023-08-05,Approved,No,,0
LN002960,Shreya Naidu,Female,40.0,Single,BR008,Self-Employed,935600.0,716.0,2,763.6,Personal Loan,486700.0,48,13.84,0.0,0.18,0.0,1,2023-03-22,Rejected,No,,0
LN000335,Swati Gupta,Female,45.0,Divorced,BR010,Self-Employed,639300.0,666.0,2,7823.79,Education Loan,256200.0,120,11.34,3578.64,0.21,0.0,0,2022-07-11,Approved,No,,0
LN002504,Ishaan Gupta,Male,21.0,Single,BR008,Salaried,297200.0,693.0,0,0.0,Auto Loan,289200.0,60,10.07,6154.61,0.25,0.0,0,2023-03-04,Approved,No,,0
LN002448,Rajesh Rao,Male,41.0,Married,BR017,Salaried,,674.0,1,245.36,Business Loan,493200.0,36,12.76,0.0,0.7,671800.0,0,2023-11-19,Rejected,No,,0
LN000375,Rahul Verma,Male,44.0,Married,BR011,Salaried,152100.0,627.0,1,2322.78,Business Loan,246200.0,84,13.23,4509.7,0.54,306600.0,1,2022-04-18,Approved,No,,0
LN004497,Kavya Malhotra,Female,46.0,Single,BR003,Salaried,458900.0,629.0,0,0.0,Personal Loan,97400.0,24,14.71,0.0,0.12,0.0,2,2025-09-30,Rejected,No,,0
LN001432,Rajesh Patel,Male,28.0,Married,BR004,Business Owner,391400.0,900.0,1,6180.85,Business Loan,727200.0,60,10.5,15630.36,0.67,889100.0,0,2023-08-16,Approved,No,,0
LN002496,Manish Bhatt,Male,31.0,Married,BR001,Salaried,270400.0,788.0,0,0.0,Education Loan,233100.0,84,10.12,3884.2,0.17,0.0,0,2024-04-26,Approved,No,,0
LN000084,Vivaan Agarwal,Male,44.0,Married,BR001,Self-Employed,1809600.0,714.0,0,0.0,Home Loan,10325400.0,240,8.86,91972.65,0.61,14061300.0,1,2023-01-31,Approved,No,,0
LN003836,Neha Nair,Female,50.0,Married,BR009,Salaried,435000.0,674.0,0,0.0,Business Loan,953300.0,36,12.76,32010.35,0.88,1210300.0,1,2025-10-13,Approved,No,,0
LN001384,Reyansh Reddy,Male,26.0,Single,BR001,Salaried,265000.0,722.0,0,0.0,Auto Loan,286600.0,60,9.78,6058.43,0.27,0.0,0,2023-07-22,Approved,Yes,2025-01-25,80
LN000804,Suresh Joshi,Male,39.0,Single,BR003,Salaried,364900.0,576.0,1,330.06,Personal Loan,51700.0,12,15.24,4672.21,0.16,0.0,1,2024-10-29,Approved,No,,0
LN001257,Aarav Gupta,Male,36.0,Married,BR003,Salaried,318200.0,574.0,2,149.56,Personal Loan,82400.0,12,15.26,7447.4,0.29,0.0,1,2023-04-22,Approved,No,,0
LN000330,Ishaan Kapoor,Male,43.0,Married,BR007,Business Owner,387800.0,584.0,1,6552.55,Education Loan,155200.0,120,12.16,2241.05,0.27,0.0,0,2024-12-19,Approved,Yes,2025-08-18,52
LN001671,Ishita Pillai,Female,26.0,Married,BR001,Salaried,295800.0,622.0,0,0.0,Gold Loan,44500.0,24,10.28,0.0,0.08,44900.0,1,2024-10-17,Rejected,No,,0
LN003916,Meera Malhotra,Female,33.0,Single,BR007,Business Owner,1358700.0,589.0,3,10697.36,Home Loan,7269200.0,180,10.11,78605.1,0.79,9113300.0,3,2024-02-06,Approved,No,,0
LN003180,Krishna Pillai,Male,44.0,Single,BR015,Salaried,215700.0,667.0,3,679.7,Education Loan,122700.0,36,11.33,4036.24,0.26,0.0,0,2022-08-06,Approved,No,,0
LN000998,Ishita Gupta,Female,28.0,Married,BR002,Salaried,772200.0,853.0,1,8542.22,Home Loan,4388200.0,180,7.47,40604.38,0.76,5387500.0,0,2024-12-29,Approved,No,,0
LN001329,Vihaan Naidu,Male,21.0,Single,BR004,Salaried,582000.0,717.0,1,9518.42,Business Loan,934200.0,84,12.33,16656.5,0.54,1282900.0,1,2022-12-15,Approved,Yes,2024-03-21,92
LN000424,Rahul Naidu,Male,37.0,Married,BR009,Salaried,331000.0,771.0,0,0.0,Business Loan,491100.0,60,11.79,10872.2,0.39,527000.0,1,2022-07-30,Approved,No,,0
LN003629,Arjun Mehta,Male,55.0,Single,BR008,Self-Employed,262400.0,620.0,3,3768.75,Auto Loan,256500.0,36,10.8,0.0,0.56,0.0,0,2025-04-20,Rejected,No,,0
LN002171,Ishita Sharma,Female,21.0,Single,BR011,Unemployed,144400.0,690.0,4,1699.28,Personal Loan,72900.0,12,14.1,6548.91,0.69,0.0,0,2022-05-02,Approved,Yes,2022-07-07,104
LN003556,Swati Joshi,Female,51.0,Single,BR011,Salaried,492900.0,585.0,0,0.0,Auto Loan,230000.0,48,11.15,5961.24,0.15,0.0,2,2023-10-16,Approved,No,,0
LN001245,Arjun Kapoor,Male,42.0,Single,BR003,Business Owner,642700.0,635.0,1,4629.69,Home Loan,3572500.0,120,9.65,0.0,0.96,4550800.0,2,2022-04-21,Rejected,No,,0
LN000013,Meera Kapoor,Female,35.0,Single,BR003,Unemployed,106500.0,894.0,1,1410.39,Home Loan,497100.0,120,7.06,5787.14,0.81,626400.0,1,2025-09-28,Approved,No,,0
LN000661,Rohan Rao,Male,60.0,Married,BR005,Business Owner,1362400.0,530.0,2,2974.74,Personal Loan,774400.0,36,15.7,0.0,0.26,0.0,3,2024-10-10,Rejected,No,,0
LN000866,Priya Joshi,Female,25.0,Single,BR008,Business Owner,427300.0,540.0,0,0.0,Personal Loan,251600.0,12,15.6,0.0,0.64,0.0,0,2023-04-23,Rejected,No,,0
LN000271,Diya Gupta,Female,33.0,Married,BR006,Salaried,151900.0,637.0,0,0.0,Auto Loan,177700.0,60,10.63,0.0,0.3,0.0,2,2023-12-03,Rejected,No,,0
LN002886,Manish Das,Male,21.0,Single,BR017,Salaried,442800.0,804.0,0,0.0,Home Loan,2296900.0,120,7.96,27819.21,0.75,2609400.0,1,2024-04-10,Approved,No,,0
LN005055,Anjali Verma,Female,46.0,Married,BR007,Salaried,185200.0,809.0,1,1614.73,Gold Loan,25000.0,6,8.41,4269.47,0.38,31100.0,0,2024-07-07,Approved,No,,0
LN002493,Arjun Sharma,Male,37.0,Married,BR001,Salaried,366000.0,570.0,0,0.0,Auto Loan,214200.0,60,11.3,4689.34,0.15,0.0,0,2023-08-05,Approved,Yes,2025-11-20,1
LN001445,Kavya Patel,Female,45.0,Single,BR009,Salaried,485300.0,767.0,0,0.0,Personal Loan,224900.0,24,13.33,10727.05,0.27,0.0,1,2023-09-20,Approved,No,,0
LN004096,Saanvi Singh,Female,43.0,Married,BR001,Business Owner,975600.0,786.0,0,0.0,Business Loan,1375000.0,36,11.64,45433.62,0.56,1681400.0,1,2022-04-02,Approved,No,,0
LN003639,Ishaan Nair,Male,,Single,BR005,Salaried,669400.0,629.0,3,3495.48,Auto Loan,558200.0,48,10.71,14348.48,0.32,0.0,2,2022-08-07,Approved,Yes,2024-03-23,140
LN000765,Rekha Joshi,Female,44.0,Single,BR010,Salaried,248000.0,733.0,0,0.0,Gold Loan,25000.0,6,9.17,4278.81,0.21,34900.0,0,2022-08-15,Approved,No,,0
LN003330,Anjali Agarwal,Female,44.0,Married,BR001,Salaried,206900.0,786.0,0,0.0,Home Loan,1183100.0,300,8.14,9241.35,0.54,1205300.0,0,2022-09-08,Approved,Yes,2023-01-30,24
LN005493,Shreya Gupta,Female,49.0,Married,BR008,Salaried,550300.0,639.0,0,0.0,Auto Loan,600100.0,60,10.61,12931.21,0.28,0.0,1,2022-04-04,Approved,Yes,2025-10-28,20
LN003775,Meera Bhatt,Female,29.0,Married,BR005,Salaried,534900.0,618.0,0,0.0,Home Loan,2175900.0,240,9.82,0.0,0.47,2939800.0,2,2024-08-14,Rejected,No,,0
LN004651,Manish Naidu,Male,42.0,Divorced,BR009,Salaried,465600.0,607.0,0,0.0,Business Loan,938600.0,60,13.43,21563.21,0.56,1260300.0,0,2023-04-28,Approved,No,,0
LN004761,Rekha Singh,Female,21.0,Married,BR005,Salaried,198900.0,900.0,0,0.0,Personal Loan,86900.0,36,12.0,2886.32,0.17,0.0,0,2022-11-13,Approved,No,,0
LN001380,Suresh Joshi,Male,35.0,Married,BR005,Self-Employed,496600.0,738.0,1,1146.87,Home Loan,2439100.0,300,8.62,19837.93,0.51,2843200.0,0,2024-06-11,Approved,No,,0
LN000103,Ishita Kapoor,Female,41.0,Married,BR003,Self-Employed,366700.0,597.0,2,7595.9,Personal Loan,203400.0,12,15.03,0.0,0.85,0.0,1,2022-05-17,Rejected,No,,0
LN003973,Sneha Verma,Female,33.0,Single,BR014,Salaried,359600.0,900.0,0,0.0,Personal Loan,89000.0,48,12.0,2343.71,0.08,0.0,0,2022-08-04,Approved,No,,0
LN002316,Sai Singh,Male,44.0,Single,BR005,Self-Employed,167000.0,683.0,1,640.75,Education Loan,98700.0,120,11.17,0.0,0.14,0.0,1,2023-09-11,Rejected,No,,0
LN004005,Anil Chauhan,Male,50.0,Married,BR001,Business Owner,299900.0,682.0,1,1257.78,Auto Loan,302400.0,60,10.18,0.0,0.31,0.0,1,2024-07-23,Rejected,No,,0
LN001565,Deepak Singh,Male,23.0,Single,BR004,Salaried,354000.0,717.0,2,4785.84,Gold Loan,40900.0,12,9.33,3583.03,0.28,41900.0,1,2024-05-05,Approved,Yes,2024-10-19,254
LN001758,Suresh Rao,Male,45.0,Divorced,BR004,Business Owner,403500.0,643.0,0,0.0,Personal Loan,125900.0,36,14.57,4337.9,0.13,0.0,2,2025-11-29,Approved,No,,0
LN001040,Vikram Bhatt,Male,38.0,Married,BR005,Salaried,149800.0,565.0,0,0.0,Home Loan,608200.0,240,10.35,0.0,0.48,627800.0,2,2024-09-21,Rejected,No,,0
LN002142,Rajesh Nair,Male,42.0,Married,BR004,Salaried,313300.0,577.0,2,2308.9,Education Loan,108800.0,36,12.23,0.0,0.23,0.0,2,2022-01-15,Rejected,No,,0
LN002238,Rajesh Singh,Male,39.0,Married,BR010,Salaried,274300.0,772.0,0,0.0,Auto Loan,308800.0,48,9.28,7725.62,0.34,0.0,0,2024-05-31,Approved,No,,0
LN004389,Swati Sharma,Female,23.0,Married,BR003,Salaried,756500.0,678.0,0,0.0,Home Loan,3634400.0,180,9.22,0.0,0.59,4593000.0,0,2022-01-26,Rejected,No,,0
LN000525,Vikram Pillai,Male,27.0,Married,BR014,Salaried,173600.0,654.0,2,925.26,Home Loan,798600.0,120,9.46,10316.21,0.78,980800.0,0,2023-12-29,Approved,No,,0
LN002123,Nikhil Verma,Male,36.0,Married,BR015,Self-Employed,162100.0,554.0,2,1222.73,Home Loan,921300.0,180,10.46,0.0,0.84,1137800.0,3,2024-05-13,Rejected,No,,0
LN000700,Karthik Naidu,Male,27.0,Married,BR012,Salaried,,589.0,1,19131.76,Business Loan,1013200.0,24,13.61,0.0,0.78,1349500.0,1,2022-12-23,Rejected,No,,0
LN005125,Krishna Das,Male,31.0,Single,BR012,Self-Employed,357800.0,592.0,0,0.0,Auto Loan,187700.0,60,11.08,0.0,0.14,0.0,1,2024-07-19,Rejected,No,,0
LN003284,Manish Verma,Male,37.0,Divorced,BR011,Business Owner,338800.0,595.0,1,4573.97,Home Loan,1909000.0,300,10.05,17414.43,0.78,2611200.0,1,2023-07-26,Approved,No,,0
LN004706,Rahul Rao,Male,38.0,Married,BR009,Salaried,538000.0,600.0,1,2698.88,Education Loan,340100.0,120,12.0,4879.45,0.17,0.0,1,2023-12-02,Approved,No,,0
LN000658,Rajesh Nair,Male,21.0,Married,BR009,Business Owner,393100.0,597.0,0,0.0,Personal Loan,215600.0,12,15.03,19462.74,0.59,0.0,2,2022-07-08,Approved,No,,0
LN000019,Geeta Gupta,Female,43.0,Single,BR011,Unemployed,147000.0,850.0,0,0.0,Auto Loan,171800.0,36,8.5,5423.3,0.44,0.0,0,2024-06-04,Approved,No,,0
LN002161,Geeta Verma,Female,33.0,Single,BR017,Salaried,373600.0,739.0,1,576.0,Auto Loan,196400.0,36,9.61,6301.38,0.22,0.0,1,2025-03-13,Approved,No,,0
LN000012,Rohan Agarwal,Male,33.0,Married,BR003,Business Owner,947300.0,577.0,1,17270.98,Education Loan,505600.0,60,12.23,11305.65,0.36,0.0,0,2022-03-24,Approved,No,,0
LN003168,Ananya Bhatt,Female,37.0,Married,BR008,Salaried,220400.0,689.0,0,0.0,Personal Loan,56100.0,24,14.11,0.0,0.15,0.0,0,2024-07-22,Rejected,No,,0
LN001940,Neha Agarwal,Female,,Single,BR009,Salaried,235000.0,638.0,2,2108.86,Personal Loan,42300.0,12,14.62,3810.35,0.3,0.0,2,2023-07-23,Approved,No,,0
LN002409,Aarav Chauhan,Male,33.0,Married,BR008,Salaried,681800.0,606.0,1,7234.51,Auto Loan,339500.0,60,10.94,7371.4,0.26,0.0,2,2024-12-08,Approved,No,,0
LN003788,Rohan Naidu,Male,26.0,Married,BR011,Self-Employed,734800.0,532.0,1,13929.48,Personal Loan,222800.0,12,15.68,0.0,0.56,0.0,2,2022-06-18,Rejected,No,,0
LN002447,Karthik Patel,Male,52.0,Married,BR012,Salaried,841300.0,723.0,0,0.0,Home Loan,3253400.0,120,8.77,40808.82,0.58,3291300.0,1,2024-06-21,Approved,No,,0
LN000029,Shreya Chauhan,Female,26.0,Married,BR012,Salaried,892900.0,636.0,0,0.0,Education Loan,544300.0,84,11.64,9503.91,0.13,0.0,3,2024-04-25,Approved,No,,0
LN004812,Vihaan Sharma,Male,50.0,Married,BR004,Business Owner,282000.0,637.0,0,0.0,Business Loan,167800.0,24,13.13,7987.77,0.34,179500.0,3,2023-05-16,Approved,No,,0
LN001121,Shreya Kapoor,Female,33.0,Single,BR010,Business Owner,765800.0,656.0,1,15133.25,Personal Loan,204700.0,48,14.44,5639.02,0.33,0.0,0,2022-11-23,Approved,No,,0
LN002614,Nikhil Kapoor,Male,40.0,Married,BR003,Salaried,636500.0,608.0,2,6373.47,Auto Loan,708300.0,48,10.92,0.0,0.46,0.0,1,2023-02-24,Rejected,No,,0
LN001944,Sai Chauhan,Male,33.0,Single,BR010,Self-Employed,278500.0,651.0,4,1784.09,Home Loan,1153000.0,300,9.49,10065.71,0.51,1175200.0,0,2023-10-31,Approved,Yes,2025-02-13,51
LN005289,Anil Verma,Male,36.0,Single,BR004,Business Owner,907500.0,565.0,0,0.0,Auto Loan,564600.0,84,11.35,9771.54,0.13,0.0,0,2024-02-16,Approved,Yes,2024-09-13,103
LN003972,Sunita Agarwal,Female,38.0,Single,BR002,Salaried,542000.0,713.0,1,7840.23,Personal Loan,299600.0,36,13.87,10220.71,0.4,0.0,1,2025-08-02,Approved,No,,0
LN003055,Anil Malhotra,Male,29.0,Married,BR010,Business Owner,397200.0,620.0,0,0.0,Auto Loan,372400.0,48,10.8,0.0,0.29,0.0,3,2025-11-22,Rejected,No,,0
LN002027,Krishna Verma,Male,34.0,Married,BR016,Salaried,312700.0,681.0,1,359.25,Home Loan,1802400.0,300,9.19,15360.87,0.6,2243000.0,0,2025-04-02,Approved,No,,0
LN002183,Anjali Singh,Female,26.0,Married,BR004,Salaried,,,0,0.0,Auto Loan,347300.0,60,9.68,7324.53,0.19,0.0,2,2023-05-21,Approved,Yes,2023-10-18,117
LN002005,Rahul Reddy,Male,40.0,Married,BR002,Salaried,410400.0,754.0,0,0.0,Business Loan,537700.0,84,11.96,9480.38,0.28,566200.0,2,2024-05-03,Approved,No,,0
LN000897,Neha Naidu,Female,21.0,Married,BR018,Salaried,451200.0,494.0,1,7363.89,Home Loan,1530300.0,120,11.06,21131.89,0.76,1938700.0,1,2022-11-02,Approved,Yes,2024-10-11,1
LN001550,Divya Chatterjee,Female,52.0,Single,BR011,Business Owner,222200.0,799.0,3,3111.58,Home Loan,989300.0,120,8.01,0.0,0.82,1008200.0,0,2022-09-11,Rejected,No,,0
LN003529,Deepak Sharma,Male,26.0,Married,BR004,Salaried,366000.0,794.0,1,1070.93,Auto Loan,272600.0,48,9.06,6791.43,0.26,0.0,0,2022-12-02,Approved,Yes,2025-01-08,37
LN002588,Ishaan Joshi,Male,30.0,Married,BR003,Business Owner,323700.0,705.0,0,0.0,Personal Loan,131700.0,24,13.95,6320.19,0.23,0.0,0,2025-01-14,Approved,No,,0
LN003397,Rekha Reddy,Female,33.0,Married,BR002,Salaried,796000.0,632.0,0,0.0,Business Loan,1185600.0,84,13.18,21684.58,0.33,1429100.0,1,2023-03-26,Approved,Yes,2023-09-30,9
LN001857,Ishita Naidu,Female,52.0,Married,BR003,Salaried,473300.0,768.0,0,0.0,Personal Loan,59500.0,12,13.32,5323.31,0.13,0.0,2,2023-08-08,Approved,Yes,2024-01-12,10
LN004687,Reyansh Sharma,Male,,Married,BR006,Self-Employed,,601.0,0,0.0,Home Loan,938100.0,240,9.99,0.0,0.61,1294200.0,3,2025-09-04,Rejected,No,,0
LN004475,Arjun Bhatt,Male,36.0,Single,BR004,Salaried,395800.0,781.0,1,5682.63,Auto Loan,244900.0,84,9.19,3963.87,0.29,0.0,1,2024-03-22,Approved,No,,0
LN000073,Suresh Nair,Male,30.0,Single,BR006,Unemployed,90000.0,650.0,0,0.0,Gold Loan,25000.0,6,10.0,4289.03,0.57,29600.0,0,2024-04-05,Approved,No,,0
LN004854,Ananya Naidu,Female,40.0,Married,BR003,Salaried,379700.0,625.0,0,0.0,Education Loan,343500.0,120,11.75,0.0,0.15,0.0,2,2024-04-18,Rejected,No,,0
LN000157,Arjun Rao,Male,46.0,Single,BR014,Salaried,859400.0,659.0,1,2101.63,Auto Loan,497200.0,60,10.41,10664.61,0.18,0.0,0,2023-07-02,Approved,No,,0
LN000769,Vihaan Verma,Male,49.0,Married,BR012,Self-Employed,617100.0,600.0,1,8472.24,Personal Loan,213700.0,48,15.0,0.0,0.28,0.0,1,2023-06-23,Rejected,No,,0
LN001189,Rajesh Chauhan,Male,21.0,Married,BR009,Business Owner,824200.0,768.0,1,9753.32,Education Loan,803400.0,120,10.32,10759.86,0.3,0.0,0,2023-03-19,Approved,No,,0
LN003607,Nikhil Joshi,Male,21.0,Single,BR004,Salaried,336700.0,735.0,0,0.0,Education Loan,322200.0,36,10.65,10495.09,0.37,0.0,0,2025-06-04,Approved,No,,0
LN003122,Aarav Rao,Male,32.0,Single,BR001,Self-Employed,494700.0,744.0,1,6078.15,Education Loan,387200.0,36,10.56,0.0,0.45,0.0,0,2025-04-11,Rejected,No,,0
LN001205,Meera Das,Female,39.0,Single,BR010,Salaried,704600.0,620.0,0,0.0,Gold Loan,141500.0,18,10.3,0.0,0.15,196200.0,1,2023-01-04,Rejected,No,,0
LN003170,Anjali Agarwal,Female,27.0,Married,BR001,Business Owner,633000.0,805.0,0,0.0,Personal Loan,74900.0,24,12.95,0.0,0.07,0.0,2,2022-06-06,Rejected,No,,0
LN000614,Rahul Reddy,Male,27.0,Married,BR009,Self-Employed,576400.0,770.0,1,7957.19,Auto Loan,260900.0,48,9.3,6529.74,0.3,0.0,0,2023-08-12,Approved,No,,0
LN001347,Aarav Singh,Male,39.0,Divorced,BR007,Unemployed,127700.0,656.0,0,0.0,Personal Loan,31600.0,36,14.44,1086.78,0.1,0.0,0,2022-10-09,Approved,No,,0
LN000022,Reyansh Mehta,Male,36.0,Married,BR002,Salaried,261800.0,678.0,2,1690.61,Personal Loan,32700.0,24,14.22,1573.42,0.15,0.0,1,2023-06-08,Approved,No,,0
LN005141,Nikhil Bhatt,Male,39.0,Single,BR008,Salaried,255300.0,691.0,1,1130.01,Personal Loan,99500.0,36,14.09,3405.03,0.21,0.0,0,2025-09-05,Approved,Yes,2025-12-09,48
LN002765,Anil Mehta,Male,51.0,Married,BR005,Salaried,583700.0,506.0,0,0.0,Business Loan,739600.0,60,14.44,0.0,0.36,878200.0,2,2025-08-31,Rejected,No,,0
LN004254,Arjun Sharma,Male,21.0,Married,BR001,Salaried,524300.0,692.0,0,0.0,Business Loan,977200.0,84,12.58,0.0,0.4,1247300.0,2,2023-05-20,Rejected,No,,0
LN002397,Riya Gupta,Female,30.0,Single,BR009,Self-Employed,794000.0,505.0,0,0.0,Home Loan,3505900.0,120,10.95,0.0,0.73,4401100.0,0,2024-04-21,Rejected,No,,0
LN003026,Suresh Rao,Male,39.0,Married,BR001,Self-Employed,1444400.0,743.0,0,0.0,Home Loan,7576600.0,180,8.57,74920.99,0.62,7731300.0,0,2022-10-17,Approved,No,,0
LN001466,Ananya Malhotra,Female,29.0,Single,BR007,Business Owner,855900.0,756.0,0,0.0,Personal Loan,260200.0,36,13.44,8822.41,0.12,0.0,1,2022-10-02,Approved,No,,0
LN002613,Rohan Chatterjee,Male,42.0,Married,BR002,Business Owner,971800.0,615.0,1,2286.98,Home Loan,3546300.0,180,9.85,37783.95,0.49,4739000.0,1,2024-06-10,Approved,Yes,2025-06-04,20
LN000791,Krishna Chauhan,Male,34.0,Married,BR018,Salaried,361600.0,,3,5762.85,Auto Loan,379900.0,48,10.76,9774.5,0.52,0.0,0,2022-05-20,Approved,No,,0
LN005054,Sneha Singh,Female,24.0,Single,BR008,Self-Employed,627700.0,717.0,0,0.0,Home Loan,1971100.0,120,8.83,24788.08,0.47,2747700.0,0,2022-04-19,Approved,No,,0
LN003240,Priya Bhatt,Female,25.0,Married,BR003,Salaried,403300.0,723.0,2,6086.25,Business Loan,987800.0,60,12.27,22108.08,0.84,1139600.0,1,2023-09-17,Approved,No,,0
LN002475,Aditya Iyer,Male,57.0,Married,BR007,Self-Employed,715100.0,884.0,2,12269.11,Business Loan,1095600.0,36,10.66,35692.39,0.8,1368000.0,3,2024-03-08,Approved,Yes,2024-10-16,4
LN001720,Ananya Reddy,Female,42.0,Married,BR011,Salaried,386400.0,618.0,0,0.0,Business Loan,688600.0,36,13.32,23307.93,0.72,718400.0,1,2024-06-18,Approved,No,,0
LN002641,Krishna Rao,Male,40.0,Single,BR001,Salaried,601300.0,655.0,1,1629.63,Auto Loan,365900.0,48,10.45,0.0,0.22,0.0,0,2022-06-09,Rejected,No,,0
LN005491,Anil Rao,Male,33.0,Married,BR012,Salaried,190800.0,709.0,2,34.38,Personal Loan,68200.0,24,13.91,0.0,0.21,0.0,1,2025-10-28,Rejected,No,,0
LN001334,Anil Sharma,Male,33.0,Single,BR007,Salaried,233000.0,722.0,1,991.89,Business Loan,551000.0,84,12.28,9809.35,0.56,687300.0,0,2023-10-19,Approved,No,,0
LN001729,Rajesh Verma,Male,27.0,Married,BR012,Self-Employed,532000.0,605.0,2,9281.04,Home Loan,2803700.0,240,9.95,0.0,0.82,3840000.0,1,2023-06-26,Rejected,No,,0
LN001988,Aarav Patel,Male,46.0,Married,BR012,Salaried,561600.0,674.0,2,5373.19,Auto Loan,331400.0,84,10.26,0.0,0.23,0.0,0,2025-03-24,Rejected,No,,0
LN005419,Anjali Mehta,Female,37.0,Married,BR004,Salaried,666100.0,705.0,2,2166.29,Business Loan,489900.0,84,12.45,8766.41,0.2,664200.0,1,2023-09-04,Approved,No,,0
LN002771,Sneha Agarwal,Female,44.0,Married,BR007,Salaried,394400.0,743.0,0,0.0,Education Loan,391300.0,84,10.57,6611.87,0.2,0.0,0,2025-07-14,Approved,No,,0
LN005154,Aditya Bhatt,Male,21.0,Married,BR003,Salaried,265800.0,660.0,0,0.0,Home Loan,1319300.0,300,9.4,11435.1,0.52,1576800.0,0,2023-11-06,Approved,No,,0
LN000745,Manish Gupta,Male,33.0,Married,BR005,Business Owner,563400.0,598.0,1,7293.9,Education Loan,559700.0,60,12.02,0.0,0.42,0.0,1,2025-01-30,Rejected,No,,0
LN001936,Sneha Joshi,Female,29.0,Married,BR007,Business Owner,176600.0,704.0,1,2501.09,Personal Loan,105300.0,48,13.96,2875.37,0.37,0.0,0,2024-05-01,Approved,No,,0
LN001823,Arjun Malhotra,Male,30.0,Married,BR005,Salaried,711800.0,838.0,3,14463.07,Personal Loan,287600.0,24,12.62,13621.75,0.47,0.0,0,2025-03-07,Approved,No,,0
LN000040,Arjun Mehta,Male,36.0,Married,BR004,Salaried,364500.0,762.0,2,3046.05,Business Loan,420200.0,36,11.88,13932.58,0.56,523200.0,1,2025-03-22,Approved,No,,0
LN001692,Vihaan Chatterjee,Male,47.0,Married,BR018,Salaried,409100.0,573.0,1,8400.51,Personal Loan,160300.0,24,15.27,0.0,0.47,0.0,2,2024-10-30,Rejected,No,,0
LN001372,Suresh Mehta,Male,50.0,Single,BR005,Salaried,374000.0,778.0,3,3737.2,Personal Loan,141400.0,12,13.22,12644.06,0.53,0.0,0,2023-05-21,Approved,No,,0
LN003403,Vivaan Chatterjee,Male,42.0,Single,BR005,Salaried,666800.0,482.0,1,11961.76,Auto Loan,435800.0,60,12.18,9733.82,0.39,0.0,1,2025-08-26,Approved,Yes,2025-12-25,77
LN003781,Aarav Das,Male,33.0,Married,BR006,Salaried,368200.0,776.0,1,4009.23,Auto Loan,217300.0,84,9.24,3522.68,0.25,0.0,0,2025-06-19,Approved,No,,0
LN004179,Manish Sharma,Male,31.0,Married,BR012,Salaried,512800.0,552.0,1,7348.88,Personal Loan,72700.0,12,15.48,6578.26,0.33,0.0,0,2023-09-18,Approved,No,,0
LN001589,Reyansh Gupta,Male,22.0,Single,BR014,Self-Employed,327900.0,578.0,1,3473.49,Personal Loan,52400.0,36,15.22,0.0,0.19,0.0,2,2025-10-28,Rejected,No,,0
LN000906,Reyansh Malhotra,Male,42.0,Single,BR003,Salaried,,784.0,0,0.0,Gold Loan,85100.0,12,8.66,7428.71,0.22,98200.0,1,2024-08-18,Approved,No,,0
LN004821,Reyansh Patel,Male,45.0,Single,BR005,Salaried,479200.0,475.0,1,2780.91,Home Loan,1527200.0,300,11.25,15245.11,0.45,1773800.0,0,2025-03-05,Approved,No,,0
LN004190,Krishna Nair,Male,32.0,Divorced,BR010,Salaried,621500.0,680.0,2,1371.14,Education Loan,460700.0,120,11.2,6398.41,0.15,0.0,0,2023-04-24,Approved,No,,0
LN000371,Reyansh Bhatt,Male,26.0,Married,BR012,Salaried,255000.0,749.0,1,4421.93,Gold Loan,69600.0,24,9.01,3179.98,0.36,78100.0,2,2023-10-04,Approved,No,,0
LN002867,Aditya Mehta,Male,42.0,Single,BR014,Salaried,414200.0,620.0,0,0.0,Home Loan,1708800.0,120,9.8,22393.09,0.65,1943400.0,2,2025-04-03,Approved,Yes,2025-08-04,79
LN004701,Amit Joshi,Male,23.0,Single,BR012,Business Owner,,578.0,2,2038.24,Gold Loan,245600.0,24,10.72,11414.98,0.15,262600.0,2,2024-09-28,Approved,Yes,2025-06-08,326
LN001291,Vihaan Singh,Male,42.0,Single,BR012,Self-Employed,908700.0,622.0,0,0.0,Auto Loan,768800.0,60,10.78,16631.35,0.22,0.0,0,2023-02-24,Approved,No,,0
LN001410,Manish Joshi,Male,37.0,Married,BR011,Salaried,474700.0,816.0,0,0.0,Personal Loan,142300.0,36,12.84,4783.69,0.12,0.0,1,2022-08-12,Approved,No,,0
LN005476,Deepak Pillai,Male,,Divorced,BR008,Business Owner,335300.0,583.0,1,411.0,Personal Loan,162700.0,12,15.17,14698.08,0.54,0.0,0,2022-07-02,Approved,No,,0
LN005333,Deepak Mehta,Male,47.0,Married,BR016,Self-Employed,692200.0,631.0,1,8088.9,Personal Loan,248200.0,12,14.69,0.0,0.53,0.0,0,2024-08-18,Rejected,No,,0
LN002187,Riya Chauhan,Female,36.0,Married,BR001,Salaried,560400.0,746.0,1,7660.73,Gold Loan,100200.0,18,9.04,5973.52,0.29,108800.0,0,2023-06-03,Approved,No,,0
LN001972,Amit Chauhan,Male,21.0,Married,BR003,Business Owner,287000.0,736.0,1,753.7,Education Loan,232300.0,84,10.64,3933.71,0.2,0.0,0,2022-10-01,Approved,No,,0
LN004797,Vivaan Sharma,Male,25.0,Married,BR001,Business Owner,675800.0,819.0,0,0.0,Home Loan,2598200.0,180,7.81,24545.61,0.44,3609100.0,0,2023-04-12,Approved,No,,0
LN000152,Shreya Chauhan,Female,23.0,Single,BR015,Salaried,523400.0,754.0,0,0.0,Personal Loan,295300.0,48,13.46,7989.75,0.18,0.0,0,2023-11-14,Approved,No,,0
LN002768,Rekha Singh,Female,54.0,Married,BR002,Self-Employed,1313800.0,670.0,0,0.0,Business Loan,662500.0,84,12.8,11980.26,0.11,899500.0,0,2024-08-19,Approved,Yes,2025-08-12,8
LN003892,Diya Chatterjee,Female,30.0,Single,BR013,Self-Employed,320500.0,571.0,2,5093.64,Auto Loan,348300.0,36,11.29,0.0,0.62,0.0,3,2025-04-06,Rejected,No,,0
LN000357,Karthik Iyer,Male,65.0,Divorced,BR012,Business Owner,231500.0,621.0,0,0.0,Home Loan,1160800.0,120,9.79,15205.39,0.79,1430400.0,3,2024-07-16,Approved,No,,0
LN003799,Pooja Malhotra,Female,,Single,BR012,Business Owner,778300.0,764.0,1,10823.25,Business Loan,673900.0,84,11.86,11845.78,0.35,691700.0,0,2022-01-02,Approved,No,,0
LN003749,Swati Das,Female,,Divorced,BR001,Business Owner,850200.0,810.0,1,12074.76,Home Loan,4643400.0,300,7.9,35531.46,0.67,6267700.0,1,2025-01-21,Approved,No,,0
LN005424,Pooja Joshi,Female,36.0,Married,BR009,Salaried,356600.0,723.0,1,6541.47,Home Loan,1179400.0,120,8.77,14793.73,0.72,1352900.0,0,2025-05-02,Approved,No,,0
LN002162,Deepak Singh,Male,21.0,Single,BR001,Salaried,517300.0,662.0,0,0.0,Personal Loan,308700.0,12,14.38,27772.51,0.64,0.0,0,2025-03-13,Approved,No,,0
LN000145,Karthik Singh,Male,40.0,Single,BR005,Salaried,345400.0,811.0,1,2973.78,Education Loan,318800.0,84,9.89,0.0,0.29,0.0,2,2022-11-22,Rejected,No,,0
LN005190,Saanvi Rao,Female,40.0,Single,BR008,Self-Employed,481600.0,757.0,0,0.0,Home Loan,2368100.0,120,8.43,29272.47,0.73,3168900.0,0,2023-08-20,Approved,No,,0
LN002824,Ishaan Gupta,Male,48.0,Married,BR009,Salaried,745000.0,607.0,2,12670.1,Home Loan,2318900.0,180,9.93,0.0,0.6,3081900.0,2,2023-04-08,Rejected,No,,0
LN001701,Nikhil Singh,Male,40.0,Divorced,BR003,Salaried,928200.0,645.0,0,0.0,Personal Loan,334400.0,12,14.55,0.0,0.39,0.0,1,2023-08-13,Rejected,No,,0
LN003156,Deepak Rao,Male,40.0,Single,BR012,Business Owner,704600.0,734.0,2,6336.3,Education Loan,332400.0,120,10.66,4515.07,0.18,0.0,1,2025-09-24,Approved,Yes,2025-11-13,18
LN003971,Priya Chauhan,Female,28.0,Married,BR005,Salaried,573600.0,577.0,0,0.0,Home Loan,2081200.0,300,10.23,19250.36,0.4,2704100.0,0,2022-08-17,Approved,Yes,2025-03-23,27
LN000874,Meera Mehta,Female,38.0,Married,BR016,Self-Employed,236500.0,697.0,2,4670.43,Personal Loan,82500.0,12,14.03,7408.6,0.61,0.0,0,2023-01-02,Approved,No,,0
LN001974,Vivaan Patel,Male,33.0,Divorced,BR011,Salaried,698900.0,848.0,1,8529.12,Education Loan,647400.0,36,9.52,20744.18,0.5,0.0,0,2024-04-04,Approved,No,,0
LN005118,Vivaan Verma,Male,23.0,Married,BR005,Salaried,316900.0,702.0,0,0.0,Education Loan,314300.0,84,10.98,5378.28,0.2,0.0,1,2025-04-08,Approved,No,,0
LN000027,Reyansh Verma,Male,28.0,Married,BR007,Salaried,278200.0,866.0,0,0.0,Business Loan,372400.0,84,10.84,6345.11,0.27,434400.0,1,2025-12-13,Approved,No,,0
LN000433,Divya Agarwal,Female,29.0,Single,BR006,Salaried,416500.0,861.0,3,7307.34,Business Loan,216400.0,24,10.89,10074.89,0.5,250800.0,0,2024-03-01,Approved,No,,0
LN004952,Diya Nair,Female,34.0,Married,BR001,Business Owner,483000.0,843.0,0,0.0,Home Loan,2358600.0,240,7.57,19101.8,0.47,3096000.0,1,2025-09-25,Approved,No,,0
LN003146,Nikhil Sharma,Male,41.0,Single,BR013,Salaried,215900.0,765.0,1,2127.72,Gold Loan,58600.0,6,8.85,10020.31,0.68,71100.0,0,2025-09-13,Approved,No,,0
LN002324,Reyansh Verma,Male,40.0,Divorced,BR005,Business Owner,230100.0,760.0,1,4595.89,Home Loan,710100.0,240,8.4,6117.54,0.56,747400.0,0,2022-09-15,Approved,No,,0
LN004261,Priya Naidu,Female,46.0,Single,BR003,Salaried,642900.0,900.0,1,1687.05,Education Loan,354500.0,120,9.0,4490.66,0.12,0.0,0,2023-11-08,Approved,No,,0
LN003388,Suresh Verma,Male,31.0,Single,BR017,Salaried,583200.0,533.0,1,7413.23,Home Loan,2992200.0,300,10.67,28615.88,0.74,4074500.0,0,2023-03-30,Approved,No,,0
LN002895,Geeta Nair,Female,21.0,Divorced,BR007,Business Owner,544400.0,588.0,0,0.0,Auto Loan,520200.0,84,11.12,8939.95,0.2,0.0,0,2025-03-20,Approved,No,,0
LN000037,Deepak Chauhan,Male,35.0,Married,BR008,Salaried,248100.0,750.0,0,0.0,Auto Loan,139400.0,84,9.5,2278.35,0.11,0.0,0,2022-05-09,Approved,Yes,2025-01-13,57
LN004160,Aditya Verma,Male,47.0,Married,BR005,Salaried,256800.0,738.0,3,3607.38,Business Loan,202400.0,24,12.12,9539.02,0.61,279900.0,0,2024-10-06,Approved,No,,0
LN000137,Swati Sharma,Female,21.0,Married,BR016,Business Owner,524000.0,740.0,0,0.0,Home Loan,2197000.0,300,8.6,17839.14,0.41,2742900.0,1,2025-07-07,Approved,No,,0
LN005079,Sai Chauhan,Male,39.0,Married,BR004,Salaried,697300.0,692.0,1,6429.51,Education Loan,551100.0,60,11.08,12004.25,0.32,0.0,0,2024-09-14,Approved,No,,0
LN004399,Rajesh Naidu,Male,33.0,Married,BR014,Self-Employed,111000.0,662.0,0,0.0,Home Loan,658800.0,240,9.38,6089.35,0.66,739600.0,0,2022-08-28,Approved,No,,0
LN003001,Rekha Mehta,Female,40.0,Single,BR005,Salaried,512800.0,714.0,0,0.0,Personal Loan,112900.0,48,13.86,3077.24,0.07,0.0,0,2022-04-02,Approved,Yes,2023-11-11,18
LN005217,Ananya Reddy,Female,33.0,Married,BR012,Salaried,716300.0,638.0,1,9935.95,Education Loan,606700.0,84,11.62,10587.01,0.34,0.0,1,2024-02-15,Approved,No,,0
LN001947,Karthik Kapoor,Male,33.0,Single,BR015,Business Owner,1632000.0,642.0,2,5894.52,Auto Loan,1574400.0,36,10.58,0.0,0.42,0.0,1,2022-09-30,Rejected,No,,0
LN002883,Kavya Das,Female,37.0,Single,BR005,Business Owner,585000.0,641.0,0,0.0,Home Loan,2603100.0,120,9.59,33811.88,0.69,3577500.0,1,2022-12-06,Approved,No,,0
LN004405,Rohan Rao,Male,38.0,Single,BR004,Salaried,579800.0,666.0,1,7905.35,Business Loan,403400.0,60,12.84,9145.58,0.35,408100.0,2,2024-07-16,Approved,Yes,2024-12-31,6
LN004462,Nikhil Bhatt,Male,42.0,Single,BR018,Salaried,489800.0,528.0,1,896.5,Personal Loan,99000.0,24,15.72,0.0,0.14,0.0,3,2023-04-30,Rejected,No,,0
LN000262,Shreya Singh,Female,40.0,Married,BR008,Salaried,654400.0,704.0,2,2392.13,Business Loan,1250800.0,84,12.46,0.0,0.45,1321900.0,1,2023-06-01,Rejected,No,,0
LN004824,Deepak Bhatt,Male,39.0,Married,BR011,Salaried,247500.0,602.0,1,449.14,Business Loan,563700.0,84,13.48,10402.48,0.53,728700.0,0,2024-01-09,Approved,No,,0
LN000128,Anil Gupta,Male,34.0,Single,BR006,Self-Employed,1191000.0,779.0,2,12826.04,Business Loan,2566100.0,36,11.71,84876.25,0.98,2776600.0,0,2024-12-22,Approved,No,,0
LN002280,Aditya Gupta,Male,36.0,Single,BR016,Business Owner,202700.0,736.0,1,2361.62,Personal Loan,62000.0,24,13.64,2966.27,0.32,0.0,0,2022-11-27,Approved,No,,0
LN003112,Aditya Kapoor,Male,43.0,Single,BR005,Business Owner,1176200.0,676.0,1,7635.86,Home Loan,5135900.0,180,9.24,52827.52,0.62,6679600.0,0,2022-05-10,Approved,No,,0
LN001457,Sunita Chauhan,Female,30.0,Married,BR006,Salaried,393800.0,566.0,2,2064.0,Home Loan,1358600.0,120,10.34,18210.77,0.62,1506800.0,1,2024-03-24,Approved,Yes,2025-02-15,43
LN001151,Aarav Chatterjee,Male,35.0,Married,BR007,Salaried,457600.0,831.0,1,4306.95,Home Loan,2454400.0,240,7.69,20058.6,0.64,3252000.0,1,2022-11-07,Approved,No,,0
LN003475,Rahul Iyer,Male,61.0,Divorced,BR011,Salaried,580700.0,712.0,1,11093.5,Business Loan,609300.0,24,12.38,28790.11,0.82,827700.0,0,2025-01-04,Approved,No,,0
LN000395,Anil Bhatt,Male,33.0,Married,BR003,Salaried,883900.0,777.0,0,0.0,Business Loan,1916000.0,24,11.73,89951.38,1.22,1939300.0,0,2022-11-05,Approved,No,,0
LN002146,Sunita Chauhan,Female,48.0,Single,BR015,Salaried,700000.0,866.0,0,0.0,Auto Loan,360900.0,84,8.34,5686.39,0.1,0.0,0,2024-07-22,Approved,No,,0
LN003346,Geeta Sharma,Female,34.0,Married,BR003,Salaried,322200.0,784.0,3,5375.66,Home Loan,1382300.0,300,8.16,10815.74,0.6,1785200.0,0,2022-11-26,Approved,Yes,2023-02-15,31
LN003249,Pooja Sharma,Female,32.0,Single,BR003,Self-Employed,302000.0,832.0,2,3366.88,Home Loan,1419100.0,180,7.68,13300.81,0.66,1585300.0,0,2023-12-21,Approved,No,,0
LN001024,Krishna Mehta,Male,26.0,Single,BR008,Salaried,178500.0,728.0,1,1866.23,Business Loan,175800.0,84,12.22,3124.07,0.34,187200.0,0,2023-02-28,Approved,Yes,2023-08-11,35
LN001780,Ishaan Kapoor,Male,34.0,Single,BR001,Salaried,685100.0,715.0,1,8555.46,Business Loan,773300.0,36,12.35,25814.09,0.6,968900.0,0,2022-09-19,Approved,Yes,2023-02-18,139
LN000515,Karthik Patel,Male,21.0,Single,BR015,Self-Employed,134500.0,708.0,1,2176.02,Personal Loan,73500.0,48,13.92,2005.55,0.37,0.0,0,2025-03-11,Approved,Yes,2025-06-04,4
LN003077,Shreya Nair,Female,43.0,Single,BR003,Business Owner,888500.0,676.0,0,0.0,Home Loan,5172700.0,120,9.24,66199.33,0.89,7234400.0,1,2024-03-10,Approved,No,,0
LN003342,Vihaan Pillai,Male,47.0,Single,BR001,Business Owner,305800.0,627.0,0,0.0,Business Loan,736300.0,84,13.23,0.0,0.53,768800.0,0,2025-08-04,Rejected,No,,0
LN002930,Ishita Bhatt,Female,,Married,BR006,Self-Employed,297600.0,560.0,0,0.0,Education Loan,256900.0,60,12.4,5766.66,0.23,0.0,1,2024-08-05,Approved,Yes,2025-02-04,1
LN002388,Priya Sharma,Female,25.0,Single,BR018,Salaried,1374100.0,738.0,2,2097.73,Education Loan,757500.0,60,10.62,16326.7,0.16,0.0,1,2025-05-27,Approved,No,,0
LN002034,Arjun Verma,Male,44.0,Married,BR016,Salaried,416000.0,758.0,2,6089.82,Home Loan,2064900.0,240,8.42,17815.27,0.69,2575200.0,1,2024-06-13,Approved,No,,0
LN000241,Karthik Nair,Male,49.0,Married,BR007,Self-Employed,1254700.0,884.0,1,23967.27,Business Loan,1931100.0,24,10.66,0.0,1.09,2002500.0,1,2025-06-30,Rejected,No,,0
LN004403,Rahul Chatterjee,Male,21.0,Single,BR013,Salaried,295400.0,712.0,2,604.53,Auto Loan,321500.0,84,9.88,0.0,0.24,0.0,2,2022-12-18,Rejected,No,,0
LN003562,Rohan Singh,Male,35.0,Married,BR009,Business Owner,353100.0,810.0,2,4894.3,Personal Loan,175700.0,36,12.9,5911.57,0.37,0.0,0,2024-05-11,Approved,No,,0
LN000722,Ananya Iyer,Female,32.0,Married,BR003,Salaried,541300.0,598.0,1,7340.18,Business Loan,1141100.0,36,13.52,38734.6,1.02,1403700.0,3,2024-03-11,Approved,No,,0
LN001429,Rajesh Agarwal,Male,26.0,Single,BR006,Salaried,337800.0,454.0,0,0.0,Education Loan,260000.0,60,13.46,0.0,0.21,0.0,1,2025-10-20,Rejected,No,,0
LN000726,Rohan Iyer,Male,37.0,Married,BR009,Business Owner,722500.0,742.0,1,8892.78,Home Loan,2443800.0,300,8.58,19810.06,0.48,2930900.0,1,2023-05-12,Approved,No,,0
LN003698,Meera Gupta,Female,30.0,Married,BR008,Business Owner,304000.0,671.0,0,0.0,Business Loan,690900.0,36,12.79,23209.33,0.92,738300.0,0,2024-09-28,Approved,No,,0
LN002228,Swati Singh,Female,32.0,Married,BR010,Self-Employed,270400.0,747.0,0,0.0,Home Loan,1078700.0,240,8.53,9381.7,0.42,1230500.0,1,2023-01-30,Approved,No,,0
LN004244,Ishita Pillai,Female,38.0,Single,BR002,Self-Employed,482500.0,566.0,1,3061.46,Gold Loan,116900.0,24,10.84,5439.78,0.21,156900.0,2,2025-10-13,Approved,No,,0
LN001022,Rahul Chatterjee,Male,36.0,Single,BR005,Salaried,355800.0,615.0,1,7202.74,Auto Loan,420600.0,48,10.85,10840.01,0.61,0.0,0,2025-02-05,Approved,No,,0
LN000178,Vihaan Iyer,Male,32.0,Married,BR010,Business Owner,1255500.0,760.0,1,19331.42,Gold Loan,76600.0,6,8.9,13100.11,0.31,85300.0,0,2025-08-15,Approved,No,,0
LN000510,Ishita Pillai,Female,27.0,Divorced,BR010,Salaried,270800.0,634.0,0,0.0,Auto Loan,148100.0,48,10.66,0.0,0.17,0.0,2,2025-04-24,Rejected,No,,0
LN003255,Meera Das,Female,32.0,Married,BR001,Salaried,282100.0,,0,0.0,Home Loan,1066700.0,180,9.14,10908.2,0.46,1470200.0,1,2025-01-29,Approved,No,,0
LN002373,Deepak Kapoor,Male,52.0,Married,BR008,Salaried,364600.0,683.0,0,0.0,Auto Loan,312500.0,36,10.17,10108.46,0.33,0.0,0,2022-05-02,Approved,No,,0
LN002958,Reyansh Reddy,Male,32.0,Single,BR006,Salaried,246100.0,752.0,0,0.0,Home Loan,1148600.0,120,8.48,14228.71,0.69,1310600.0,1,2023-05-02,Approved,No,,0
LN001344,Swati Nair,Female,42.0,Married,BR007,Salaried,782300.0,670.0,1,9089.57,Education Loan,724000.0,120,11.3,0.0,0.29,0.0,1,2024-08-04,Rejected,No,,0
LN003746,Neha Iyer,Female,33.0,Single,BR005,Self-Employed,892500.0,664.0,2,7713.56,Personal Loan,321500.0,36,14.36,11044.41,0.25,0.0,0,2024-12-30,Approved,No,,0
LN000217,Arjun Das,Male,46.0,Single,BR008,Salaried,237900.0,608.0,0,0.0,Personal Loan,90200.0,24,14.92,4370.07,0.22,0.0,0,2023-01-10,Approved,No,,0
LN001797,Aditya Joshi,Male,41.0,Married,BR010,Salaried,594700.0,717.0,0,0.0,Business Loan,785200.0,36,12.33,26203.81,0.53,944900.0,0,2022-04-25,Approved,No,,0
LN004271,Anjali Nair,Female,,Married,BR001,Business Owner,278400.0,445.0,0,0.0,Auto Loan,195400.0,36,12.55,0.0,0.28,0.0,1,2025-02-09,Rejected,No,,0
LN000101,Deepak Gupta,Male,49.0,Married,BR012,Salaried,221300.0,870.0,1,209.96,Education Loan,125900.0,36,9.3,0.0,0.23,0.0,1,2022-08-25,Rejected,No,,0
LN000895,Suresh Reddy,Male,26.0,Single,BR014,Business Owner,176300.0,697.0,0,0.0,Home Loan,991500.0,300,9.03,8341.01,0.57,1085000.0,0,2024-10-07,Approved,No,,0
LN001680,Nikhil Chauhan,Male,26.0,Single,BR008,Business Owner,715600.0,663.0,0,0.0,Home Loan,2449400.0,240,9.37,22624.09,0.38,2677200.0,1,2024-10-10,Approved,No,,0
LN000652,Suresh Kapoor,Male,43.0,Married,BR009,Self-Employed,401500.0,673.0,0,0.0,Auto Loan,376300.0,60,10.27,0.0,0.24,0.0,0,2022-12-22,Rejected,No,,0
LN001698,Rahul Iyer,Male,40.0,Married,BR015,Salaried,622900.0,735.0,1,3215.33,Business Loan,1357700.0,84,12.15,24076.16,0.53,1900200.0,1,2024-09-25,Approved,No,,0
LN001461,Priya Chauhan,Female,29.0,Married,BR009,Business Owner,889600.0,711.0,1,7597.91,Personal Loan,197200.0,36,13.89,6729.3,0.19,0.0,0,2023-03-17,Approved,No,,0
LN004453,Suresh Nair,Male,39.0,Single,BR005,Self-Employed,306700.0,645.0,0,0.0,Personal Loan,39200.0,36,14.55,0.0,0.05,0.0,1,2022-12-11,Rejected,No,,0
LN003308,Rekha Chauhan,Female,41.0,Married,BR004,Self-Employed,564300.0,773.0,1,11266.96,Education Loan,529200.0,84,10.27,8859.35,0.43,0.0,0,2023-07-29,Approved,No,,0
LN002334,Aarav Nair,Male,42.0,Single,BR012,Self-Employed,268800.0,651.0,2,3003.67,Personal Loan,148300.0,12,14.49,0.0,0.73,0.0,0,2023-12-07,Rejected,No,,0
LN001312,Aadhya Chauhan,Female,30.0,Married,BR006,Salaried,421500.0,689.0,2,5557.42,Home Loan,2214900.0,300,9.11,18754.48,0.69,2651100.0,0,2023-02-24,Approved,No,,0
LN003869,Rajesh Gupta,Male,55.0,Single,BR008,Self-Employed,714400.0,698.0,1,13773.69,Home Loan,2945000.0,180,9.02,0.0,0.73,3465800.0,0,2024-01-24,Rejected,No,,0
LN002109,Diya Agarwal,Female,30.0,Married,BR004,Salaried,408500.0,490.0,0,0.0,Personal Loan,207500.0,12,16.1,18836.47,0.55,0.0,0,2023-08-01,Approved,Yes,2024-07-12,41
LN001939,Suresh Reddy,Male,30.0,Married,BR017,Salaried,636300.0,697.0,1,10819.44,Personal Loan,85500.0,48,14.03,2337.7,0.25,0.0,0,2022-11-13,Approved,No,,0
LN003768,Pooja Bhatt,Female,33.0,Single,BR007,Self-Employed,248700.0,625.0,0,0.0,Personal Loan,140600.0,12,14.75,0.0,0.61,0.0,1,2023-04-01,Rejected,No,,0
LN001834,Ishita Rao,Female,27.0,Married,BR006,Salaried,767900.0,603.0,3,14594.86,Home Loan,3186400.0,240,9.97,0.0,0.71,3807700.0,0,2022-08-07,Rejected,No,,0
LN005399,Aditya Verma,Male,21.0,Single,BR010,Self-Employed,500500.0,703.0,0,0.0,Home Loan,2558800.0,240,8.97,22972.84,0.55,2739200.0,1,2022-08-04,Approved,No,,0
LN003738,Vikram Kapoor,Male,44.0,Married,BR010,Unemployed,90000.0,697.0,1,314.02,Business Loan,183700.0,24,12.53,0.0,1.2,189200.0,0,2022-11-21,Rejected,No,,0
LN002322,Vikram Mehta,Male,21.0,Married,BR008,Salaried,793800.0,799.0,0,0.0,Education Loan,716400.0,84,10.01,11896.79,0.18,0.0,1,2023-02-12,Approved,No,,0
LN002246,Pooja Rao,Female,45.0,Married,BR005,Self-Employed,265800.0,863.0,2,538.74,Home Loan,1545900.0,300,7.37,11293.67,0.53,1967300.0,0,2022-08-29,Approved,No,,0
LN002385,Kavya Gupta,Female,46.0,Married,BR002,Salaried,294300.0,546.0,2,585.47,Gold Loan,43500.0,6,11.04,0.0,0.33,53100.0,1,2022-04-11,Rejected,No,,0
LN000059,Rekha Kapoor,Female,27.0,Single,BR004,Business Owner,533900.0,700.0,1,4938.3,Home Loan,2391800.0,180,9.0,0.0,0.66,2676600.0,0,2023-02-10,Rejected,No,,0
LN002467,Reyansh Mehta,Male,49.0,Divorced,BR002,Business Owner,1423800.0,651.0,0,0.0,Business Loan,2458800.0,84,12.99,44717.03,0.38,2529500.0,0,2024-08-17,Approved,No,,0
LN004592,Suresh Patel,Male,39.0,Married,BR018,Salaried,405100.0,648.0,1,1429.11,Home Loan,2323100.0,300,9.52,0.0,0.64,2405500.0,1,2022-03-01,Rejected,No,,0
LN002619,Sneha Bhatt,Female,52.0,Married,BR009,Salaried,721500.0,629.0,1,7822.46,Education Loan,233800.0,84,11.71,4091.04,0.2,0.0,0,2022-04-24,Approved,No,,0
LN003155,Aditya Kapoor,Male,41.0,Single,BR001,Salaried,403700.0,727.0,1,3483.78,Business Loan,445600.0,36,12.23,14849.29,0.54,544700.0,0,2023-03-06,Approved,No,,0
LN004571,Ananya Nair,Female,56.0,Married,BR006,Business Owner,1527500.0,666.0,1,31368.71,Auto Loan,933200.0,60,10.34,0.0,0.4,0.0,1,2023-04-17,Rejected,No,,0
LN004491,Riya Naidu,Female,44.0,Single,BR008,Business Owner,384200.0,596.0,2,1329.4,Auto Loan,381300.0,84,11.04,0.0,0.25,0.0,0,2025-02-19,Rejected,No,,0
LN003265,Shreya Iyer,Female,61.0,Married,BR015,Salaried,282400.0,754.0,0,0.0,Auto Loan,114200.0,48,9.46,2866.88,0.12,0.0,3,2025-05-25,Approved,No,,0
LN001185,Deepak Agarwal,Male,39.0,Married,BR005,Business Owner,864000.0,713.0,1,1254.85,Home Loan,2926900.0,120,8.87,36871.12,0.53,3716800.0,0,2024-06-13,Approved,No,,0
LN003123,Saanvi Das,Female,32.0,Married,BR016,Self-Employed,1010400.0,725.0,0,0.0,Education Loan,906100.0,120,10.75,12353.65,0.15,0.0,0,2025-07-12,Approved,No,,0
LN001624,Geeta Rao,Female,32.0,Married,BR009,Salaried,392700.0,586.0,0,0.0,Gold Loan,107700.0,18,10.64,0.0,0.2,121200.0,2,2023-06-11,Rejected,No,,0
LN001056,Anil Reddy,Male,26.0,Married,BR007,Salaried,253800.0,523.0,2,3541.41,Home Loan,1402200.0,180,10.77,15735.44,0.91,1714500.0,0,2025-11-28,Approved,Yes,2025-12-28,48
LN002317,Vihaan Pillai,Male,45.0,Married,BR007,Business Owner,893900.0,632.0,1,5272.26,Business Loan,522300.0,60,13.18,11932.11,0.23,549800.0,0,2022-08-14,Approved,No,,0
LN003730,Sai Verma,Male,39.0,Single,BR014,Salaried,435100.0,593.0,0,0.0,Education Loan,401400.0,84,12.07,0.0,0.2,0.0,0,2022-09-22,Rejected,No,,0
LN003638,Krishna Gupta,Male,28.0,Single,BR006,Salaried,462400.0,616.0,0,0.0,Business Loan,805000.0,60,13.34,0.0,0.48,964600.0,1,2025-06-11,Rejected,No,,0
LN000301,Aditya Bhatt,Male,44.0,Married,BR001,Salaried,204900.0,665.0,1,2256.54,Personal Loan,54500.0,36,14.35,1871.96,0.24,0.0,1,2024-02-12,Approved,No,,0
LN001026,Nikhil Chauhan,Male,39.0,Single,BR002,Salaried,322600.0,545.0,1,2136.6,Auto Loan,227000.0,60,11.55,4998.02,0.27,0.0,0,2024-05-10,Approved,No,,0
LN002494,Vikram Sharma,Male,23.0,Married,BR004,Salaried,819200.0,786.0,0,0.0,Business Loan,812700.0,36,11.64,26853.74,0.39,821800.0,1,2025-10-12,Approved,No,,0
LN004956,Neha Iyer,Female,47.0,Divorced,BR002,Unemployed,,792.0,1,668.54,Personal Loan,49300.0,24,13.08,2345.66,0.32,0.0,0,2025-05-10,Approved,No,,0
LN003081,Manish Reddy,Male,37.0,Single,BR009,Salaried,477900.0,738.0,1,9413.36,Gold Loan,42300.0,18,9.12,2523.31,0.3,47900.0,0,2024-02-20,Approved,No,,0
LN000049,Anjali Malhotra,Female,34.0,Married,BR011,Self-Employed,414800.0,880.0,0,0.0,Personal Loan,103600.0,48,12.2,2738.37,0.08,0.0,0,2023-11-08,Approved,No,,0
LN004769,Anil Naidu,Male,21.0,Single,BR002,Salaried,621400.0,773.0,1,3167.28,Home Loan,2272000.0,240,8.27,19387.46,0.44,2888900.0,0,2024-02-04,Approved,No,,0
LN002593,Divya Gupta,Female,44.0,Married,BR005,Salaried,615500.0,,0,0.0,Business Loan,1244700.0,24,13.3,59350.85,1.16,1495100.0,0,2024-12-24,Approved,No,,0
LN004004,Aditya Mehta,Male,21.0,Divorced,BR010,Business Owner,384300.0,696.0,2,576.03,Personal Loan,170000.0,48,14.04,4648.91,0.16,0.0,0,2025-02-08,Approved,No,,0
LN003111,Deepak Rao,Male,31.0,Married,BR012,Salaried,277700.0,723.0,1,5055.09,Education Loan,245900.0,84,10.77,4180.73,0.4,0.0,0,2025-10-05,Approved,No,,0
LN002612,Meera Sharma,Female,35.0,Single,BR006,Salaried,882000.0,644.0,0,0.0,Auto Loan,511400.0,84,10.56,8638.55,0.12,0.0,1,2025-02-23,Approved,Yes,2025-08-12,1
LN002318,Karthik Iyer,Male,23.0,Single,BR003,Self-Employed,193200.0,616.0,0,0.0,Personal Loan,77400.0,48,14.84,2147.83,0.13,0.0,2,2024-07-25,Approved,Yes,2025-08-16,47
LN004185,Manish Mehta,Male,35.0,Married,BR014,Salaried,591400.0,773.0,0,0.0,Business Loan,1014800.0,24,11.77,47661.23,0.97,1394000.0,1,2024-04-21,Approved,No,,0
LN000167,Swati Agarwal,Female,51.0,Single,BR005,Salaried,287600.0,800.0,0,0.0,Personal Loan,94000.0,12,13.0,8395.82,0.35,0.0,1,2022-03-21,Approved,No,,0
LN001236,Vivaan Nair,Male,28.0,Married,BR017,Self-Employed,357100.0,807.0,0,0.0,Home Loan,1560400.0,180,7.93,14849.01,0.5,1946600.0,1,2024-12-31,Approved,No,,0
LN000250,Saanvi Joshi,Female,32.0,Married,BR010,Self-Employed,248300.0,678.0,1,4291.49,Personal Loan,102200.0,12,14.22,0.0,0.65,0.0,1,2022-04-20,Rejected,No,,0
LN001981,Rohan Nair,Male,39.0,Married,BR003,Salaried,613700.0,900.0,0,0.0,Auto Loan,259600.0,48,8.0,6337.59,0.12,0.0,0,2025-02-06,Approved,No,,0
LN004549,Pooja Naidu,Female,54.0,Married,BR008,Salaried,454200.0,856.0,0,0.0,Business Loan,818600.0,24,10.94,38130.38,1.01,1035700.0,0,2022-09-20,Approved,No,,0
LN001782,Karthik Verma,Male,35.0,Married,BR001,Salaried,376000.0,760.0,1,4311.63,Business Loan,382100.0,36,11.9,12672.95,0.54,430300.0,0,2022-05-01,Approved,No,,0
LN002677,Sai Das,Male,35.0,Married,BR006,Business Owner,649000.0,650.0,1,3014.22,Home Loan,3617800.0,120,9.5,46813.45,0.92,5024300.0,0,2022-10-26,Approved,No,,0
LN001162,Amit Pillai,Male,50.0,Single,BR011,Salaried,355700.0,659.0,1,4079.14,Personal Loan,146000.0,12,14.41,13137.1,0.58,0.0,0,2022-05-01,Approved,No,,0
LN002561,Vihaan Bhatt,Male,25.0,Married,BR008,Self-Employed,216400.0,790.0,0,0.0,Home Loan,704300.0,240,8.1,5934.96,0.33,968300.0,1,2025-10-01,Approved,No,,0
LN001693,Aditya Kapoor,Male,61.0,Married,BR008,Salaried,857700.0,467.0,1,8271.25,Home Loan,3022200.0,300,11.33,0.0,0.54,3291900.0,2,2022-08-28,Rejected,No,,0
LN001426,Manish Das,Male,54.0,Single,BR003,Salaried,688100.0,725.0,1,9102.62,Home Loan,3949600.0,240,8.75,34903.04,0.77,5087000.0,0,2023-05-09,Approved,No,,0
LN003423,Manish Iyer,Male,35.0,Married,BR006,Self-Employed,532500.0,633.0,1,3528.23,Auto Loan,525700.0,48,10.67,0.0,0.38,0.0,2,2024-11-26,Rejected,No,,0
LN003493,Krishna Patel,Male,25.0,Married,BR003,Salaried,425700.0,678.0,1,4455.75,Education Loan,283700.0,120,11.22,3943.38,0.24,0.0,0,2023-12-04,Approved,No,,0
LN001743,Pooja Iyer,Female,35.0,Single,BR005,Salaried,428400.0,690.0,0,0.0,Home Loan,2124400.0,300,9.1,0.0,0.5,2306200.0,0,2024-12-08,Rejected,No,,0
LN003305,Divya Reddy,Female,35.0,Single,BR005,Unemployed,166000.0,808.0,3,2942.35,Education Loan,119700.0,120,9.92,1576.55,0.33,0.0,1,2023-07-30,Approved,No,,0
LN004970,Deepak Joshi,Male,29.0,Married,BR001,Salaried,126400.0,852.0,3,590.59,Personal Loan,25000.0,48,12.48,664.25,0.12,0.0,0,2025-11-29,Approved,Yes,2025-12-29,15
LN005472,Aditya Singh,Male,36.0,Single,BR008,Business Owner,341900.0,558.0,0,0.0,Personal Loan,204700.0,12,15.42,0.0,0.65,0.0,1,2023-07-14,Rejected,No,,0
LN001271,Vihaan Naidu,Male,57.0,Married,BR008,Unemployed,255800.0,661.0,1,4874.77,Personal Loan,148900.0,36,14.39,5117.3,0.47,0.0,0,2023-01-07,Approved,Yes,2024-07-19,18
LN004356,Rohan Chatterjee,Male,24.0,Married,BR018,Business Owner,429000.0,698.0,0,0.0,Home Loan,1335300.0,180,9.02,13559.39,0.38,1395000.0,0,2025-08-09,Approved,Yes,2025-09-18,59
LN005214,Vikram Singh,Male,,Single,BR005,Self-Employed,245300.0,730.0,1,887.78,Personal Loan,94700.0,48,13.7,0.0,0.17,0.0,0,2024-06-27,Rejected,No,,0
LN001835,Sai Mehta,Male,45.0,Single,BR013,Business Owner,481300.0,,2,7666.9,Home Loan,1600300.0,180,9.69,16894.69,0.61,1764200.0,4,2024-10-09,Approved,Yes,2025-10-08,47
LN004121,Rohan Mehta,Male,43.0,Divorced,BR013,Salaried,250000.0,693.0,0,0.0,Personal Loan,92000.0,36,14.07,3147.47,0.15,0.0,1,2022-09-22,Approved,Yes,2024-05-29,12
LN003015,Manish Sharma,Male,30.0,Married,BR005,Self-Employed,448900.0,606.0,2,8633.57,Auto Loan,309800.0,60,10.94,0.0,0.41,0.0,1,2024-10-19,Rejected,No,,0
LN002850,Rohan Sharma,Male,44.0,Married,BR002,Unemployed,90000.0,614.0,0,0.0,Business Loan,212500.0,84,13.36,0.0,0.52,217900.0,3,2024-08-08,Rejected,No,,0
LN000945,Suresh Singh,Male,48.0,Married,BR007,Salaried,265600.0,601.0,1,1634.33,Home Loan,860700.0,240,9.99,8300.24,0.45,1169500.0,1,2022-05-07,Approved,No,,0
LN002314,Vihaan Gupta,Male,42.0,Married,BR010,Salaried,292500.0,736.0,1,687.64,Personal Loan,118900.0,48,13.64,3227.69,0.16,0.0,0,2023-04-09,Approved,Yes,2025-10-26,144
LN003226,Vihaan Naidu,Male,58.0,Single,BR002,Business Owner,391100.0,767.0,0,0.0,Education Loan,211600.0,84,10.33,0.0,0.11,0.0,0,2024-11-06,Rejected,No,,0
LN002818,Deepak Agarwal,Male,30.0,Married,BR010,Self-Employed,1076300.0,657.0,1,18311.91,Personal Loan,115900.0,24,14.43,0.0,0.27,0.0,0,2025-06-18,Rejected,No,,0
LN003719,Anjali Bhatt,Female,43.0,Divorced,BR018,Salaried,493800.0,625.0,0,0.0,Auto Loan,502100.0,60,10.75,0.0,0.26,0.0,0,2023-10-11,Rejected,No,,0
LN002002,Aarav Rao,Male,29.0,Married,BR002,Business Owner,327400.0,589.0,2,6169.38,Home Loan,1271900.0,240,10.11,12366.95,0.68,1506700.0,0,2023-05-14,Approved,No,,0
LN003052,Karthik Nair,Male,31.0,Single,BR008,Salaried,1072300.0,572.0,0,0.0,Personal Loan,182300.0,36,15.28,6344.51,0.07,0.0,1,2024-11-21,Approved,No,,0
LN000138,Amit Patel,Male,31.0,Married,BR015,Salaried,200400.0,599.0,1,1925.93,Auto Loan,167300.0,48,11.01,0.0,0.37,0.0,1,2023-08-23,Rejected,No,,0
LN005005,Deepak Chauhan,Male,31.0,Divorced,BR010,Business Owner,548200.0,723.0,0,0.0,Education Loan,505400.0,120,10.77,6896.25,0.15,0.0,1,2024-11-13,Approved,No,,0
LN002821,Pooja Kapoor,Female,45.0,Single,BR001,Salaried,523600.0,731.0,0,0.0,Auto Loan,473600.0,36,9.69,15212.9,0.35,0.0,0,2024-05-22,Approved,Yes,2025-07-23,58
LN000799,Nikhil Mehta,Male,21.0,Married,BR008,Salaried,570300.0,709.0,1,7472.39,Business Loan,651800.0,60,12.41,14634.34,0.47,669500.0,0,2022-12-04,Approved,Yes,2024-08-28,66
LN004130,Amit Kapoor,Male,29.0,Married,BR007,Salaried,324600.0,793.0,1,5828.09,Personal Loan,86800.0,24,13.07,4129.48,0.37,0.0,1,2023-11-27,Approved,No,,0
LN001552,Kavya Singh,Female,60.0,Single,BR007,Self-Employed,132100.0,629.0,1,559.56,Business Loan,313400.0,24,13.21,14930.54,1.41,345700.0,1,2025-09-13,Approved,No,,0
LN002036,Karthik Agarwal,Male,37.0,Single,BR011,Salaried,357600.0,715.0,1,7259.45,Business Loan,616900.0,24,12.35,0.0,1.22,862400.0,0,2024-01-12,Rejected,No,,0
LN002127,Vikram Joshi,Male,32.0,Married,BR011,Business Owner,398500.0,622.0,0,0.0,Personal Loan,152600.0,36,14.78,5273.5,0.16,0.0,1,2023-10-28,Approved,Yes,2024-12-23,76
LN002459,Deepak Naidu,Male,33.0,Married,BR005,Business Owner,379200.0,730.0,0,0.0,Auto Loan,390200.0,84,9.7,0.0,0.2,0.0,1,2024-09-07,Rejected,No,,0
LN003383,Amit Agarwal,Male,53.0,Married,BR014,Business Owner,,764.0,3,17992.91,Home Loan,5895100.0,180,8.36,0.0,0.9,6219400.0,0,2025-05-21,Rejected,No,,0
LN004840,Reyansh Sharma,Male,53.0,Married,BR008,Business Owner,1010900.0,718.0,0,0.0,Home Loan,5315000.0,180,8.82,0.0,0.63,5483600.0,2,2024-07-01,Rejected,No,,0
LN004157,Vikram Patel,Male,39.0,Single,BR011,Business Owner,1395800.0,617.0,0,0.0,Home Loan,6298200.0,120,9.83,82639.41,0.71,7062200.0,0,2025-10-07,Approved,No,,0
LN005279,Deepak Bhatt,Male,40.0,Divorced,BR016,Salaried,535800.0,847.0,0,0.0,Business Loan,1283900.0,60,11.03,27934.31,0.63,1708100.0,0,2024-05-05,Approved,No,,0
LN005360,Ananya Mehta,Female,38.0,Married,BR002,Salaried,549300.0,759.0,3,10076.11,Home Loan,43705500.0,180,8.41,28538.85,0.84,2985200.0,1,2025-04-19,Approved,No,,0
LN002491,Amit Nair,Male,48.0,Married,BR005,Business Owner,281100.0,647.0,3,5401.14,Personal Loan,84200.0,48,14.53,2323.34,0.33,0.0,1,2024-03-27,Approved,Yes,2025-08-16,1
LN001047,Amit Gupta,Male,35.0,Married,BR015,Salaried,514500.0,520.0,0,0.0,Business Loan,688600.0,36,14.3,23635.17,0.55,750200.0,1,2023-07-21,Approved,No,,0
LN002620,Vivaan Malhotra,Male,49.0,Married,BR004,Salaried,555700.0,714.0,0,0.0,Personal Loan,140900.0,36,13.86,4806.05,0.1,0.0,2,2022-09-12,Approved,No,,0
LN004657,Aadhya Patel,Female,44.0,Divorced,BR003,Self-Employed,201300.0,704.0,1,3054.64,Personal Loan,91100.0,48,13.96,2487.61,0.33,0.0,0,2022-09-01,Approved,No,,0
LN001924,Manish Joshi,Male,30.0,Married,BR010,Salaried,264400.0,720.0,1,1717.27,Personal Loan,141200.0,48,13.8,3844.35,0.25,0.0,0,2023-05-20,Approved,No,,0
LN000561,Sneha Chauhan,Female,43.0,Single,BR009,Business Owner,396000.0,489.0,0,0.0,Home Loan,1799400.0,300,11.11,0.0,0.54,2295000.0,0,2023-03-03,Rejected,No,,0
LN004869,Amit Naidu,Male,38.0,Single,BR009,Self-Employed,400800.0,546.0,0,0.0,Personal Loan,40600.0,24,15.54,0.0,0.06,0.0,0,2022-06-15,Rejected,No,,0
LN001588,Rohan Verma,Male,37.0,Single,BR001,Salaried,309300.0,594.0,0,0.0,Education Loan,209800.0,36,12.06,0.0,0.27,0.0,2,2024-09-22,Rejected,No,,0
LN003256,Swati Agarwal,Female,42.0,Married,BR014,Business Owner,468200.0,402.0,1,2560.68,Auto Loan,224100.0,48,12.98,0.0,0.22,0.0,1,2023-09-23,Rejected,No,,0
LN005332,Diya Patel,Female,27.0,Married,BR013,Salaried,577700.0,690.0,1,591.48,Home Loan,2630300.0,300,9.1,22253.78,0.47,3513400.0,0,2024-02-22,Approved,No,,0
LN000970,Aarav Pillai,Male,42.0,Single,BR006,Salaried,344600.0,581.0,0,0.0,Business Loan,805100.0,36,13.69,0.0,0.95,941400.0,1,2024-03-13,Rejected,No,,0
LN004916,Krishna Agarwal,Male,34.0,Married,BR001,Salaried,356000.0,712.0,3,1275.9,Home Loan,1208100.0,120,8.88,15225.35,0.56,1423100.0,0,2024-07-14,Approved,No,,0
LN001194,Kavya Patel,Female,42.0,Single,BR003,Business Owner,483000.0,818.0,1,275.21,Education Loan,392400.0,84,9.82,6477.87,0.17,0.0,1,2022-03-28,Approved,No,,0
LN004194,Vihaan Agarwal,Male,37.0,Single,BR005,Salaried,289000.0,727.0,1,5781.25,Home Loan,1106700.0,120,8.73,13858.01,0.82,1439100.0,0,2025-02-17,Approved,No,,0
LN005105,Reyansh Mehta,Male,23.0,Married,BR009,Salaried,627100.0,695.0,2,9041.31,Personal Loan,76500.0,12,14.05,6870.51,0.3,0.0,0,2022-12-15,Approved,No,,0
LN000931,Sneha Chauhan,Female,27.0,Married,BR007,Self-Employed,337400.0,464.0,2,2693.48,Home Loan,1235400.0,240,11.36,0.0,0.56,1264200.0,3,2024-12-22,Rejected,No,,0
LN004498,Nikhil Malhotra,Male,36.0,Married,BR015,Salaried,527000.0,621.0,0,0.0,Business Loan,404000.0,36,13.29,13668.86,0.31,531600.0,2,2023-11-16,Approved,No,,0
LN000456,Deepak Gupta,Male,28.0,Married,BR013,Salaried,307600.0,681.0,1,4651.47,Home Loan,1142900.0,120,9.19,14595.56,0.75,1355100.0,0,2023-01-30,Approved,No,,0
LN004581,Rahul Pillai,Male,29.0,Married,BR006,Self-Employed,123600.0,622.0,1,1471.72,Home Loan,604000.0,240,9.78,0.0,0.7,830500.0,1,2025-01-06,Rejected,No,,0
LN004473,Nikhil Naidu,Male,40.0,Married,BR008,Salaried,1223700.0,702.0,1,1620.99,Gold Loan,170300.0,12,9.48,14930.92,0.16,174400.0,1,2022-01-10,Approved,Yes,2022-09-17,39
LN001444,Vikram Agarwal,Male,48.0,Married,BR003,Self-Employed,383400.0,690.0,0,0.0,Gold Loan,60900.0,24,9.6,2799.0,0.09,64700.0,0,2025-04-06,Approved,No,,0
LN002387,Amit Bhatt,Male,45.0,Married,BR012,Salaried,,675.0,1,2835.89,Education Loan,260700.0,60,11.25,0.0,0.32,0.0,1,2022-05-20,Rejected,No,,0
LN003304,Aditya Reddy,Male,53.0,Single,BR003,Salaried,427400.0,540.0,0,0.0,Business Loan,263500.0,84,14.1,0.0,0.14,334100.0,0,2023-03-22,Rejected,No,,0
LN001850,Rahul Nair,Male,38.0,Single,BR002,Self-Employed,408200.0,739.0,0,0.0,Auto Loan,318900.0,36,9.61,10231.71,0.3,0.0,1,2025-12-11,Approved,No,,0
LN004131,Manish Chatterjee,Male,43.0,Divorced,BR015,Salaried,,720.0,2,4775.9,Personal Loan,82100.0,36,13.8,2798.01,0.16,0.0,0,2025-04-16,Approved,No,,0
LN003294,Nikhil Mehta,Male,47.0,Married,BR003,Salaried,602500.0,791.0,1,10647.57,Gold Loan,91500.0,24,8.59,0.0,0.29,96800.0,0,2025-05-12,Rejected,No,,0
LN000965,Nikhil Malhotra,Male,50.0,Single,BR017,Salaried,798400.0,597.0,1,11413.22,Personal Loan,321600.0,12,15.03,29031.63,0.61,0.0,1,2025-06-03,Approved,No,,0
LN001124,Rohan Pillai,Male,21.0,Married,BR011,Self-Employed,1185600.0,660.0,0,0.0,Personal Loan,662600.0,24,14.4,31938.69,0.32,0.0,1,2023-05-03,Approved,No,,0
LN000846,Amit Mehta,Male,38.0,Single,BR006,Salaried,109600.0,759.0,2,160.96,Auto Loan,56100.0,36,9.41,1794.69,0.21,0.0,0,2022-10-16,Approved,No,,0
LN003363,Karthik Verma,Male,31.0,Single,BR012,Salaried,452800.0,770.0,0,0.0,Home Loan,1545000.0,180,8.3,15033.64,0.4,1604700.0,2,2022-10-03,Approved,No,,0
LN004040,Aarav Kapoor,Male,,Single,BR016,Business Owner,333700.0,578.0,0,0.0,Personal Loan,49000.0,36,15.22,0.0,0.06,0.0,1,2025-07-07,Rejected,No,,0
LN005149,Neha Reddy,Female,31.0,Married,BR011,Business Owner,221500.0,506.0,0,0.0,Personal Loan,63800.0,24,15.94,0.0,0.17,0.0,1,2022-06-17,Rejected,No,,0
LN000830,Sai Chatterjee,Male,24.0,Married,BR007,Self-Employed,200000.0,569.0,0,0.0,Gold Loan,54500.0,12,10.81,0.0,0.29,54900.0,1,2022-04-01,Rejected,No,,0
LN002265,Vikram Singh,Male,43.0,Married,BR010,Salaried,591100.0,652.0,0,0.0,Education Loan,412700.0,36,11.48,13605.27,0.28,0.0,0,2025-07-08,Approved,Yes,2025-09-19,169
LN005073,Amit Chatterjee,Male,27.0,Single,BR010,Salaried,239100.0,649.0,2,3296.51,Home Loan,1353100.0,120,9.51,17516.19,1.04,1853100.0,1,2025-11-16,Approved,No,,0
LN005178,Aditya Bhatt,Male,23.0,Single,BR016,Salaried,452000.0,806.0,1,3819.03,Personal Loan,49700.0,12,12.94,4437.67,0.22,0.0,1,2024-11-16,Approved,Yes,2025-05-16,100
LN005187,Vikram Mehta,Male,41.0,Married,BR002,Salaried,364100.0,586.0,2,4953.64,Auto Loan,297700.0,60,11.14,6493.52,0.38,0.0,1,2024-10-24,Approved,No,,0
LN001391,Vivaan Patel,Male,33.0,Single,BR017,Salaried,456100.0,591.0,1,2496.07,Business Loan,937500.0,60,13.59,21615.22,0.63,1229700.0,2,2023-05-10,Approved,No,,0
LN003932,Ishaan Nair,Male,26.0,Single,BR012,Self-Employed,154900.0,550.0,0,0.0,Education Loan,47600.0,36,12.5,0.0,0.12,0.0,0,2025-11-19,Rejected,No,,0
LN001620,Rajesh Chatterjee,Male,21.0,Single,BR012,Salaried,356300.0,669.0,2,2675.57,Auto Loan,233400.0,60,10.31,0.0,0.26,0.0,1,2025-05-24,Rejected,No,,0
LN000129,Vivaan Patel,Male,46.0,Single,BR003,Salaried,,619.0,1,8938.77,Auto Loan,285600.0,84,10.81,4861.68,0.36,0.0,1,2022-07-17,Approved,Yes,2025-12-07,57
LN000247,Aarav Iyer,Male,59.0,Married,BR012,Business Owner,397600.0,636.0,2,504.82,Auto Loan,334500.0,84,10.64,0.0,0.19,0.0,3,2025-04-14,Rejected,No,,0
LN002045,Vivaan Singh,Male,25.0,Single,BR007,Business Owner,678300.0,804.0,0,0.0,Education Loan,313800.0,60,9.96,6661.15,0.12,0.0,1,2022-09-23,Approved,No,,0
LN004681,Reyansh Kapoor,Male,35.0,Single,BR004,Business Owner,724300.0,460.0,0,0.0,Education Loan,230100.0,120,13.4,0.0,0.06,0.0,1,2024-11-21,Rejected,No,,0
LN002456,Diya Singh,Female,24.0,Married,BR014,Salaried,397100.0,611.0,2,924.11,Personal Loan,58700.0,48,14.89,1630.39,0.08,0.0,2,2024-04-10,Approved,Yes,2025-08-19,225
LN004806,Vivaan Das,Male,43.0,Married,BR002,Business Owner,795900.0,798.0,0,0.0,Personal Loan,430600.0,24,13.02,20475.55,0.31,0.0,1,2023-07-24,Approved,No,,0
LN002135,Krishna Singh,Male,37.0,Married,BR002,Business Owner,653500.0,668.0,0,0.0,Home Loan,2653200.0,300,9.32,0.0,0.42,2762600.0,0,2023-03-14,Rejected,No,,0
LN004298,Krishna Nair,Male,46.0,Married,BR003,Business Owner,177700.0,651.0,0,0.0,Auto Loan,138000.0,48,10.49,3532.6,0.24,0.0,0,2023-02-09,Approved,No,,0
LN004365,Ishaan Chauhan,Male,36.0,Single,BR004,Salaried,399500.0,748.0,0,0.0,Home Loan,2072500.0,300,8.52,0.0,0.5,2693500.0,0,2025-11-25,Rejected,No,,0
LN005378,Rohan Bhatt,Male,29.0,Married,BR011,Salaried,321900.0,771.0,0,0.0,Auto Loan,353000.0,36,9.29,11273.01,0.42,0.0,1,2022-01-13,Approved,Yes,2022-02-27,18
LN004395,Deepak Reddy,Male,48.0,Married,BR011,Salaried,304900.0,550.0,2,6324.31,Gold Loan,26000.0,12,11.0,0.0,0.34,30200.0,1,2024-11-08,Rejected,No,,0
LN001560,Neha Bhatt,Female,44.0,Married,BR015,Unemployed,117100.0,791.0,1,1978.64,Education Loan,59000.0,60,10.09,1256.19,0.33,0.0,0,2022-01-23,Approved,No,,0
LN004152,Anil Nair,Male,41.0,Married,BR005,Self-Employed,493800.0,892.0,0,0.0,Education Loan,356800.0,60,9.08,0.0,0.18,0.0,0,2022-12-07,Rejected,No,,0
LN002812,Ananya Das,Female,26.0,Married,BR005,Salaried,602500.0,660.0,0,0.0,Home Loan,3260400.0,300,9.4,28259.69,0.56,3727000.0,0,2025-02-27,Approved,No,,0
LN001068,Vivaan Verma,Male,22.0,Single,BR008,Salaried,473000.0,747.0,2,2812.67,Home Loan,2253000.0,180,8.53,22225.82,0.64,2403500.0,1,2023-08-29,Approved,No,,0
LN002528,Arjun Mehta,Male,42.0,Married,BR001,Salaried,390400.0,713.0,1,6376.43,Gold Loan,36500.0,6,9.37,6250.66,0.39,45600.0,0,2022-05-20,Approved,No,,0
LN005481,Vihaan Agarwal,Male,42.0,Married,BR006,Salaried,743500.0,620.0,2,5834.14,Personal Loan,211100.0,24,14.8,0.0,0.26,0.0,0,2024-10-16,Rejected,No,,0
LN001849,Rahul Bhatt,Male,24.0,Single,BR007,Business Owner,358000.0,802.0,0,0.0,Home Loan,1306100.0,180,7.98,12466.7,0.42,1473700.0,0,2023-06-24,Approved,No,,0
LN000454,Karthik Pillai,Male,40.0,Divorced,BR006,Salaried,687200.0,702.0,0,0.0,Personal Loan,118200.0,12,13.98,10611.73,0.19,0.0,0,2023-04-28,Approved,No,,0
LN005446,Neha Patel,Female,36.0,Divorced,BR010,Salaried,464300.0,584.0,0,0.0,Auto Loan,458300.0,60,11.16,0.0,0.26,0.0,1,2022-02-15,Rejected,No,,0
LN005341,Rekha Patel,Female,21.0,Married,BR003,Self-Employed,369300.0,712.0,2,6706.79,Education Loan,254000.0,36,10.88,8301.21,0.49,0.0,0,2022-05-14,Approved,Yes,2024-04-28,79
LN001480,Arjun Chauhan,Male,44.0,Married,BR002,Salaried,300800.0,799.0,1,5050.83,Personal Loan,39400.0,24,13.01,1873.33,0.28,0.0,3,2022-09-12,Approved,No,,0
LN003247,Rekha Iyer,Female,30.0,Married,BR001,Self-Employed,331800.0,840.0,0,0.0,Education Loan,289300.0,36,9.6,0.0,0.34,0.0,0,2023-03-16,Rejected,No,,0
LN002906,Sai Sharma,Male,28.0,Single,BR005,Salaried,486200.0,700.0,1,1439.47,Education Loan,330600.0,60,11.0,7188.05,0.21,0.0,0,2022-06-18,Approved,No,,0
LN002429,Kavya Singh,Female,38.0,Married,BR007,Salaried,473600.0,752.0,1,1104.13,Home Loan,2218400.0,120,8.48,27481.26,0.72,2317900.0,0,2023-11-18,Approved,No,,0
LN002145,Shreya Rao,Female,43.0,Married,BR013,Salaried,528000.0,717.0,0,0.0,Personal Loan,294400.0,24,13.83,14111.36,0.32,0.0,0,2023-04-25,Approved,No,,0
LN003987,Aditya Kapoor,Male,43.0,Single,BR017,Business Owner,182600.0,534.0,3,568.2,Gold Loan,25000.0,12,11.16,2211.41,0.18,31700.0,0,2022-07-27,Approved,No,,0
LN002073,Rajesh Patel,Male,31.0,Single,BR001,Salaried,224000.0,552.0,1,2962.58,Personal Loan,25000.0,12,15.48,2262.12,0.28,0.0,0,2023-12-26,Approved,No,,0
LN001059,Suresh Patel,Male,,Single,BR007,Salaried,792500.0,439.0,2,4513.14,Home Loan,4229100.0,120,11.61,0.0,0.97,4890400.0,3,2025-01-02,Rejected,No,,0
LN001864,Rohan Singh,Male,21.0,Single,BR005,Business Owner,335400.0,593.0,1,2997.24,Personal Loan,100600.0,48,15.07,0.0,0.21,0.0,1,2022-01-06,Rejected,No,,0
LN000565,Suresh Pillai,Male,34.0,Married,BR007,Salaried,1091100.0,768.0,1,9880.06,Personal Loan,443500.0,48,13.32,11968.55,0.24,0.0,0,2025-11-09,Approved,No,,0
LN003414,Anil Bhatt,Male,32.0,Single,BR002,Salaried,313300.0,717.0,0,0.0,Home Loan,1061800.0,240,8.83,9437.51,0.36,1359600.0,0,2025-09-05,Approved,No,,0
LN002672,Priya Chauhan,Female,28.0,Divorced,BR002,Salaried,381900.0,652.0,2,6635.84,Personal Loan,101700.0,24,14.48,4906.0,0.36,0.0,0,2022-04-29,Approved,No,,0
LN000990,Manish Iyer,Male,38.0,Married,BR016,Salaried,129000.0,647.0,1,548.39,Personal Loan,60900.0,48,14.53,1680.42,0.21,0.0,1,2024-02-15,Approved,Yes,2025-02-08,62
LN002013,Deepak Nair,Male,35.0,Divorced,BR007,Business Owner,226200.0,781.0,0,0.0,Home Loan,1151200.0,120,8.19,14083.08,0.75,1352700.0,0,2023-11-13,Approved,No,,0
LN004368,Kavya Nair,Female,40.0,Married,BR013,Salaried,305800.0,630.0,1,1428.25,Personal Loan,96700.0,36,14.7,0.0,0.19,0.0,1,2022-11-12,Rejected,No,,0
LN003281,Ishita Chatterjee,Female,26.0,Married,BR004,Salaried,543000.0,802.0,2,11190.6,Auto Loan,366700.0,84,8.98,5896.14,0.38,0.0,0,2025-01-29,Approved,No,,0
LN001239,Suresh Gupta,Male,34.0,Married,BR005,Salaried,339600.0,628.0,0,0.0,Business Loan,245000.0,24,13.22,0.0,0.41,270700.0,1,2023-05-11,Rejected,No,,0
LN000824,Ishita Reddy,Female,26.0,Single,BR003,Unemployed,227100.0,662.0,0,0.0,Personal Loan,131600.0,36,14.38,0.0,0.24,0.0,0,2024-05-28,Rejected,No,,0
LN000326,Kritika Joshi,Female,59.0,Divorced,BR005,Salaried,370900.0,703.0,0,0.0,Home Loan,1381300.0,240,8.97,12401.28,0.4,1575800.0,0,2022-03-14,Approved,No,,0
LN002962,Vivaan Chatterjee,Male,35.0,Married,BR008,Salaried,1018400.0,571.0,1,17625.59,Personal Loan,111100.0,24,15.29,5402.19,0.27,0.0,2,2023-08-10,Approved,Yes,2023-12-06,54
LN000746,Ishaan Naidu,Male,41.0,Single,BR010,Business Owner,449500.0,748.0,0,0.0,Personal Loan,137900.0,24,13.52,6589.75,0.18,0.0,0,2024-07-19,Approved,No,,0
LN004857,Reyansh Joshi,Male,48.0,Married,BR002,Salaried,1036900.0,674.0,0,0.0,Auto Loan,1118600.0,84,10.26,0.0,0.22,0.0,0,2022-07-10,Rejected,No,,0
LN004171,Rekha Pillai,Female,26.0,Single,BR003,Salaried,505800.0,711.0,2,8324.83,Education Loan,358100.0,36,10.89,11705.09,0.48,0.0,1,2022-03-10,Approved,No,,0
LN001085,Suresh Chauhan,Male,38.0,Married,BR007,Business Owner,739200.0,651.0,1,11509.9,Education Loan,413700.0,120,11.49,5814.07,0.28,0.0,0,2024-04-12,Approved,No,,0
LN005142,Vihaan Reddy,Male,38.0,Single,BR005,Salaried,945500.0,794.0,0,0.0,Business Loan,1223800.0,24,11.56,57357.37,0.73,1295200.0,1,2023-03-28,Approved,No,,0
LN000671,Vikram Verma,Male,31.0,Married,BR003,Salaried,523600.0,639.0,0,0.0,Business Loan,1258900.0,36,13.11,42484.05,0.97,1530700.0,1,2025-10-26,Approved,No,,0
LN004650,Rahul Patel,Male,51.0,Married,BR009,Business Owner,563400.0,621.0,1,399.1,Home Loan,2491000.0,300,9.79,0.0,0.48,2629000.0,0,2025-05-27,Rejected,No,,0
LN005177,Anil Verma,Male,26.0,Single,BR009,Self-Employed,280300.0,678.0,0,0.0,Home Loan,1363400.0,300,9.22,11647.7,0.5,1861600.0,1,2022-01-24,Approved,No,,0
LN005101,Rahul Malhotra,Male,44.0,Married,BR011,Self-Employed,227500.0,755.0,1,1538.04,Auto Loan,145900.0,36,9.45,0.0,0.33,0.0,1,2023-08-11,Rejected,No,,0
LN005110,Manish Bhatt,Male,46.0,Married,BR005,Salaried,481700.0,593.0,0,0.0,Auto Loan,503000.0,84,11.07,0.0,0.22,0.0,4,2024-06-24,Rejected,No,,0
LN002156,Nikhil Patel,Male,47.0,Single,BR010,Salaried,494700.0,704.0,1,2892.74,Business Loan,1122200.0,24,12.46,53067.24,1.36,1537300.0,0,2024-01-31,Approved,No,,0
LN003173,Aditya Rao,Male,21.0,Single,BR012,Salaried,358800.0,666.0,2,2821.29,Personal Loan,152900.0,12,14.34,13752.92,0.55,0.0,0,2023-07-17,Approved,No,,0
LN000483,Manish Chauhan,Male,27.0,Divorced,BR016,Self-Employed,,782.0,2,5381.79,Business Loan,292300.0,24,11.68,0.0,0.53,312600.0,1,2025-01-14,Rejected,No,,0
LN003503,Arjun Joshi,Male,45.0,Married,BR002,Self-Employed,422800.0,674.0,0,0.0,Personal Loan,142500.0,48,14.26,3912.63,0.11,0.0,0,2025-07-28,Approved,No,,0
LN000832,Ishaan Mehta,Male,26.0,Single,BR005,Salaried,422400.0,725.0,0,0.0,Personal Loan,189900.0,24,13.75,9095.23,0.26,0.0,1,2022-05-30,Approved,No,,0
LN000744,Nikhil Sharma,Male,32.0,Married,BR006,Unemployed,94600.0,573.0,2,1736.89,Home Loan,514900.0,180,10.27,0.0,0.93,629400.0,1,2022-08-19,Rejected,No,,0
LN000602,Aarav Joshi,Male,31.0,Married,BR014,Self-Employed,642200.0,780.0,1,1738.41,Business Loan,1006300.0,24,11.7,47229.18,0.91,1192700.0,2,2025-03-15,Approved,No,,0
LN000340,Amit Singh,Male,55.0,Single,BR010,Salaried,,669.0,2,13713.1,Personal Loan,89100.0,12,14.31,8013.03,0.38,0.0,1,2025-05-24,Approved,No,,0
LN003133,Anil Reddy,Male,46.0,Single,BR001,Self-Employed,262900.0,663.0,1,1156.61,Home Loan,1455000.0,180,9.37,0.0,0.74,1692900.0,0,2023-11-13,Rejected,No,,0
LN001863,Anil Joshi,Male,43.0,Married,BR006,Salaried,289700.0,619.0,1,1208.12,Business Loan,528900.0,84,13.31,9711.09,0.45,657500.0,1,2022-04-25,Approved,No,,0
LN000914,Manish Das,Male,32.0,Married,BR007,Self-Employed,418500.0,737.0,1,8138.82,Business Loan,424100.0,24,12.13,0.0,0.81,427000.0,0,2022-03-15,Rejected,No,,0
LN004528,Ishaan Patel,Male,29.0,Married,BR006,Salaried,333600.0,686.0,1,5877.74,Education Loan,201900.0,60,11.14,4403.9,0.37,0.0,0,2022-02-09,Approved,No,,0
LN003576,Sunita Patel,Female,27.0,Single,BR005,Salaried,693800.0,515.0,3,5728.1,Personal Loan,111500.0,36,15.85,0.0,0.17,0.0,2,2023-03-11,Rejected,No,,0
LN000370,Rajesh Chauhan,Male,46.0,Married,BR017,Salaried,547300.0,586.0,1,7719.39,Personal Loan,228900.0,36,15.14,0.0,0.34,0.0,0,2023-02-21,Rejected,No,,0
LN002275,Sneha Nair,Female,38.0,Single,BR012,Self-Employed,1275700.0,686.0,1,15606.96,Business Loan,1109200.0,24,12.64,52546.03,0.64,1181900.0,0,2023-09-12,Approved,No,,0
LN001703,Riya Nair,Female,45.0,Married,BR014,Salaried,725100.0,809.0,3,5589.0,Business Loan,1622500.0,60,11.41,35609.74,0.68,2022800.0,0,2025-09-09,Approved,No,,0
LN001992,Krishna Bhatt,Male,34.0,Single,BR011,Self-Employed,274500.0,630.0,1,1934.5,Personal Loan,136200.0,48,14.7,0.0,0.25,0.0,1,2025-10-14,Rejected,No,,0
LN005477,Anjali Chatterjee,Female,51.0,Single,BR010,Salaried,509800.0,597.0,1,10142.85,Personal Loan,220700.0,48,15.03,0.0,0.38,0.0,1,2025-10-26,Rejected,No,,0
LN002254,Nikhil Mehta,Male,41.0,Married,BR004,Salaried,568800.0,769.0,0,0.0,Personal Loan,176800.0,24,13.31,0.0,0.18,0.0,2,2025-04-15,Rejected,No,,0
LN004920,Rahul Singh,Male,38.0,Married,BR016,Salaried,547200.0,784.0,1,8052.7,Auto Loan,421200.0,84,9.16,6810.97,0.33,0.0,1,2023-04-05,Approved,No,,0
LN000681,Diya Agarwal,Female,29.0,Single,BR009,Salaried,519300.0,686.0,2,7701.07,Home Loan,2052400.0,240,9.14,18651.17,0.61,2362100.0,1,2024-02-03,Approved,No,,0
LN000780,Swati Gupta,Female,37.0,Married,BR017,Salaried,483700.0,773.0,0,0.0,Gold Loan,31800.0,24,8.77,1449.42,0.04,32800.0,0,2023-01-04,Approved,No,,0
LN002172,Rohan Verma,Male,48.0,Single,BR008,Salaried,447200.0,757.0,0,0.0,Education Loan,194200.0,60,10.43,0.0,0.11,0.0,1,2022-04-21,Rejected,No,,0
LN005437,Vikram Pillai,Male,40.0,Married,BR006,Self-Employed,177400.0,621.0,1,499.35,Auto Loan,106000.0,48,10.79,0.0,0.22,0.0,1,2025-09-04,Rejected,No,,0
LN000818,Vivaan Chauhan,Male,47.0,Single,BR003,Unemployed,90000.0,560.0,1,1868.44,Auto Loan,81200.0,48,11.4,0.0,0.53,0.0,2,2024-01-22,Rejected,No,,0
LN004541,Amit Chatterjee,Male,24.0,Single,BR016,Salaried,575700.0,605.0,1,1151.68,Personal Loan,314000.0,24,14.95,15217.35,0.34,0.0,1,2022-04-25,Approved,No,,0
LN000405,Kavya Nair,Female,29.0,Married,BR001,Salaried,146400.0,759.0,2,907.0,Gold Loan,25000.0,24,8.91,1141.09,0.17,30800.0,1,2023-06-14,Approved,No,,0
LN005349,Arjun Rao,Male,35.0,Married,BR011,Self-Employed,419000.0,613.0,1,5708.78,Personal Loan,90600.0,48,14.87,0.0,0.24,0.0,1,2025-05-05,Rejected,No,,0
LN004089,Sunita Iyer,Female,28.0,Married,BR001,Self-Employed,202400.0,669.0,0,0.0,Personal Loan,36200.0,48,14.31,994.86,0.06,0.0,0,2023-06-30,Approved,Yes,2025-12-28,105
LN001168,Divya Bhatt,Female,42.0,Single,BR015,Salaried,598400.0,658.0,1,10944.67,Auto Loan,365500.0,84,10.42,6147.35,0.34,0.0,1,2022-10-04,Approved,Yes,2024-06-12,211
LN003021,Krishna Malhotra,Male,39.0,Single,BR011,Self-Employed,,704.0,2,13883.56,Home Loan,2396500.0,240,8.96,21500.32,0.57,3135700.0,1,2023-12-11,Approved,No,,0
LN005383,Ananya Das,Female,59.0,Divorced,BR008,Salaried,335300.0,655.0,0,0.0,Personal Loan,117900.0,48,14.45,3248.47,0.12,0.0,0,2024-01-24,Approved,No,,0
LN001791,Rajesh Iyer,Male,28.0,Single,BR003,Self-Employed,478400.0,709.0,1,4992.91,Gold Loan,133000.0,12,9.41,11656.35,0.42,175600.0,0,2025-12-18,Approved,Yes,,16
LN001475,Kavya Sharma,Female,45.0,Married,BR003,Unemployed,118100.0,613.0,2,1981.19,Home Loan,660700.0,120,9.87,0.0,1.08,821200.0,2,2024-03-09,Rejected,No,,0
LN002057,Pooja Mehta,Female,38.0,Single,BR007,Salaried,251100.0,629.0,0,0.0,Auto Loan,105800.0,60,10.71,0.0,0.11,0.0,1,2023-03-23,Rejected,No,,0
LN001958,Meera Mehta,Female,27.0,Married,BR013,Salaried,970700.0,662.0,1,13915.09,Auto Loan,413200.0,36,10.38,13406.64,0.34,0.0,0,2024-01-10,Approved,No,,0
LN004513,Geeta Kapoor,Female,46.0,Single,BR005,Salaried,493900.0,668.0,1,1820.87,Home Loan,1549200.0,240,9.32,14258.97,0.39,1568300.0,0,2023-09-05,Approved,No,,0
LN002460,Aadhya Iyer,Female,30.0,Single,BR009,Business Owner,988300.0,628.0,0,0.0,Gold Loan,172100.0,24,10.22,7959.03,0.1,238300.0,3,2022-10-15,Approved,No,,0
LN001870,Krishna Reddy,Male,54.0,Single,BR012,Self-Employed,796500.0,644.0,5,10149.42,Personal Loan,278900.0,36,14.56,0.0,0.3,0.0,1,2025-11-05,Rejected,No,,0
LN003125,Vivaan Iyer,Male,28.0,Single,BR008,Salaried,357200.0,818.0,0,0.0,Personal Loan,63100.0,36,12.82,2120.62,0.07,0.0,0,2023-03-24,Approved,No,,0
LN001385,Vikram Singh,Male,34.0,Married,BR011,Self-Employed,739900.0,718.0,0,0.0,Personal Loan,121200.0,48,13.82,0.0,0.05,0.0,1,2022-05-14,Rejected,No,,0
LN004658,Vivaan Bhatt,Male,45.0,Married,BR006,Self-Employed,342600.0,528.0,2,2259.23,Auto Loan,300500.0,84,11.72,5259.75,0.26,0.0,1,2025-08-15,Approved,No,,0
LN005202,Rahul Gupta,Male,45.0,Married,BR006,Business Owner,511800.0,609.0,0,0.0,Auto Loan,515300.0,84,10.91,8798.83,0.21,0.0,1,2022-09-04,Approved,No,,0
LN001542,Riya Nair,Female,30.0,Single,BR001,Salaried,291600.0,513.0,1,1147.47,Auto Loan,204600.0,60,11.87,0.0,0.23,0.0,0,2023-04-05,Rejected,No,,0
LN005119,Meera Patel,Female,37.0,Married,BR003,Salaried,231900.0,534.0,1,2530.39,Personal Loan,59300.0,36,15.66,2074.87,0.24,0.0,1,2023-04-01,Approved,No,,0
LN000091,Arjun Singh,Male,21.0,Married,BR006,Business Owner,307700.0,761.0,0,0.0,Auto Loan,203600.0,36,9.39,6511.44,0.25,0.0,0,2022-06-24,Approved,No,,0
LN000366,Rahul Agarwal,Male,28.0,Married,BR008,Business Owner,421500.0,770.0,0,0.0,Education Loan,404600.0,120,10.3,5414.26,0.15,0.0,0,2022-07-28,Approved,No,,0
LN000184,Kavya Patel,Female,57.0,Married,BR005,Business Owner,363400.0,660.0,0,0.0,Personal Loan,197900.0,48,14.4,0.0,0.18,0.0,1,2022-04-21,Rejected,No,,0
LN001977,Swati Mehta,Female,39.0,Married,BR007,Salaried,296000.0,762.0,0,0.0,Home Loan,1491200.0,180,8.38,14579.73,0.59,1842400.0,2,2023-11-15,Approved,No,,0
LN005152,Rekha Verma,Female,34.0,Single,BR007,Salaried,944800.0,758.0,2,5461.82,Personal Loan,316100.0,48,13.42,8546.21,0.18,0.0,0,2022-11-23,Approved,No,,0
LN003816,Anjali Gupta,Female,46.0,Single,BR002,Business Owner,525700.0,582.0,0,0.0,Business Loan,1144200.0,84,13.68,0.0,0.48,1536600.0,1,2022-06-17,Rejected,No,,0
LN002427,Pooja Joshi,Female,53.0,Single,BR016,Business Owner,468600.0,633.0,1,9255.83,Auto Loan,283400.0,84,10.67,4803.47,0.36,0.0,1,2023-10-10,Approved,No,,0
LN003458,Sneha Sharma,Female,43.0,Single,BR006,Business Owner,525500.0,722.0,0,0.0,Personal Loan,184600.0,36,13.78,6289.48,0.14,0.0,0,2023-10-28,Approved,No,,0
LN004626,Arjun Mehta,Male,46.0,Married,BR006,Self-Employed,267600.0,775.0,0,0.0,Education Loan,119500.0,120,10.25,1595.79,0.07,0.0,0,2025-02-28,Approved,No,,0
LN000447,Karthik Mehta,Male,40.0,Single,BR018,Business Owner,944600.0,670.0,1,13724.38,Personal Loan,169500.0,36,14.3,0.0,0.25,0.0,0,2023-09-26,Rejected,No,,0
LN005468,Aarav Bhatt,Male,53.0,Married,BR012,Salaried,445900.0,630.0,1,7280.57,Personal Loan,254900.0,12,14.7,22970.78,0.81,0.0,2,2022-11-13,Approved,No,,0
LN001174,Sai Kapoor,Male,41.0,Single,BR001,Salaried,462800.0,696.0,0,0.0,Auto Loan,540200.0,48,10.04,13711.25,0.36,0.0,1,2025-01-29,Approved,No,,0
LN000949,Vivaan Singh,Male,42.0,Married,BR018,Salaried,178100.0,604.0,2,3681.42,Auto Loan,206600.0,48,10.96,0.0,0.61,0.0,2,2022-10-26,Rejected,No,,0
LN002519,Arjun Kapoor,Male,44.0,Married,BR002,Salaried,361600.0,730.0,2,1745.17,Gold Loan,105700.0,6,9.2,0.0,0.66,146800.0,2,2024-01-16,Rejected,No,,0
LN001267,Deepak Patel,Male,52.0,Married,BR015,Salaried,578900.0,650.0,1,6710.5,Home Loan,3068700.0,240,9.5,0.0,0.73,3330300.0,1,2024-05-21,Rejected,No,,0
LN004224,Neha Iyer,Female,53.0,Married,BR001,Salaried,327300.0,646.0,1,3751.12,Business Loan,609800.0,84,13.04,11106.72,0.54,827400.0,0,2025-10-08,Approved,No,,0
LN003190,Ishaan Nair,Male,45.0,Married,BR005,Salaried,260900.0,755.0,0,0.0,Personal Loan,38900.0,48,13.45,1052.3,0.05,0.0,1,2025-05-12,Approved,Yes,2025-06-22,54
LN004566,Vikram Reddy,Male,,Single,BR012,Business Owner,1386800.0,776.0,0,0.0,Home Loan,5571500.0,300,8.24,43891.27,0.38,6407300.0,2,2022-11-11,Approved,Yes,2023-05-16,46
LN001188,Kavya Gupta,Female,42.0,Single,BR008,Salaried,247000.0,519.0,1,4161.17,Auto Loan,244900.0,60,11.81,5424.18,0.47,0.0,2,2023-04-16,Approved,Yes,2023-08-01,53
LN000814,Ishaan Patel,Male,32.0,Married,BR003,Salaried,630000.0,692.0,0,0.0,Business Loan,642200.0,60,12.58,14474.32,0.28,843700.0,0,2022-08-10,Approved,No,,0
LN003584,Nikhil Singh,Male,47.0,Married,BR008,Self-Employed,320400.0,754.0,2,5754.46,Personal Loan,132400.0,24,13.46,0.0,0.45,0.0,1,2024-03-22,Rejected,No,,0
LN000310,Reyansh Joshi,Male,45.0,Married,BR004,Business Owner,304600.0,604.0,1,2075.42,Business Loan,358500.0,36,13.46,12158.87,0.56,386300.0,1,2025-11-21,Approved,No,,0
LN002647,Divya Chauhan,Female,49.0,Single,BR007,Unemployed,139900.0,775.0,1,2538.33,Personal Loan,48100.0,36,13.25,1626.48,0.36,0.0,0,2024-02-26,Approved,No,,0
LN000345,Neha Pillai,Female,27.0,Single,BR014,Salaried,320100.0,566.0,2,3438.59,Personal Loan,175600.0,48,15.34,0.0,0.31,0.0,2,2022-07-08,Rejected,No,,0
LN001963,Karthik Nair,Male,31.0,Single,BR008,Salaried,1018900.0,730.0,0,0.0,Home Loan,4076700.0,120,8.7,50982.35,0.6,5256000.0,2,2022-09-12,Approved,No,,0
LN004630,Reyansh Das,Male,31.0,Married,BR007,Business Owner,901200.0,677.0,0,0.0,Home Loan,4428800.0,180,9.23,45527.81,0.61,6090800.0,0,2023-07-13,Approved,No,,0
LN005108,Ishita Patel,Female,22.0,Married,BR014,Salaried,299200.0,622.0,0,0.0,Auto Loan,136000.0,36,10.78,4438.31,0.18,0.0,1,2024-09-04,Approved,Yes,2025-05-28,207
LN000480,Nikhil Gupta,Male,31.0,Divorced,BR014,Salaried,481800.0,690.0,0,0.0,Home Loan,1640800.0,120,9.1,20873.86,0.52,2147300.0,0,2022-07-04,Approved,No,,0
LN000163,Manish Joshi,Male,21.0,Married,BR005,Salaried,245100.0,644.0,1,71.97,Auto Loan,210500.0,84,10.56,3555.76,0.18,0.0,1,2025-11-13,Approved,No,,0
LN005292,Manish Bhatt,Male,59.0,Married,BR017,Business Owner,1052400.0,633.0,0,0.0,Personal Loan,621000.0,12,14.67,55953.76,0.64,0.0,1,2024-03-14,Approved,No,,0
LN004755,Ishita Naidu,Female,45.0,Single,BR018,Business Owner,1075000.0,648.0,1,15015.97,Personal Loan,124800.0,48,14.52,0.0,0.21,0.0,0,2025-10-27,Rejected,No,,0
LN003914,Suresh Agarwal,Male,21.0,Married,BR003,Business Owner,2704700.0,662.0,0,0.0,Gold Loan,554900.0,24,9.88,25575.1,0.11,682200.0,0,2023-06-11,Approved,No,,0
LN003700,Rohan Agarwal,Male,33.0,Married,BR012,Salaried,464700.0,657.0,1,8378.0,Home Loan,1613800.0,240,9.43,14969.04,0.6,2119100.0,0,2023-02-19,Approved,No,,0
LN001910,Anjali Reddy,Female,32.0,Married,BR001,Salaried,302100.0,760.0,2,2253.46,Education Loan,261700.0,36,10.4,8493.55,0.43,0.0,0,2022-04-27,Approved,No,,0
LN004526,Vivaan Kapoor,Male,42.0,Divorced,BR010,Salaried,749400.0,814.0,3,6151.85,Personal Loan,273200.0,48,12.86,7310.3,0.22,0.0,0,2025-05-09,Approved,No,,0
LN000594,Riya Sharma,Female,53.0,Married,BR004,Business Owner,323200.0,766.0,0,0.0,Business Loan,758400.0,24,11.84,35643.88,1.32,869400.0,2,2024-02-04,Approved,Yes,2025-04-25,55
LN001528,Ishaan Singh,Male,27.0,Married,BR015,Salaried,283500.0,815.0,2,4880.3,Home Loan,1366600.0,300,7.85,10412.21,0.65,1838000.0,0,2022-08-10,Approved,No,,0
LN003032,Krishna Chauhan,Male,41.0,Married,BR009,Self-Employed,199900.0,615.0,2,3797.08,Personal Loan,71900.0,48,14.85,0.0,0.35,0.0,1,2023-06-17,Rejected,No,,0
LN002900,Priya Bhatt,Female,24.0,Married,BR009,Salaried,168500.0,757.0,1,900.75,Business Loan,90500.0,60,11.93,2009.92,0.21,97500.0,0,2024-10-17,Approved,No,,0
LN002819,Krishna Joshi,Male,21.0,Married,BR001,Self-Employed,445600.0,584.0,1,3267.68,Auto Loan,425200.0,60,11.16,0.0,0.34,0.0,2,2025-11-21,Rejected,No,,0
LN003528,Priya Pillai,Female,37.0,Married,BR003,Self-Employed,495600.0,536.0,0,0.0,Home Loan,2763900.0,300,10.64,26373.08,0.64,3852100.0,2,2023-10-04,Approved,Yes,2024-11-02,11
LN003331,Sai Kapoor,Male,25.0,Divorced,BR008,Self-Employed,798000.0,541.0,0,0.0,Auto Loan,880900.0,36,11.59,0.0,0.44,0.0,0,2024-10-31,Rejected,No,,0
LN002412,Shreya Chatterjee,Female,46.0,Married,BR005,Salaried,487100.0,745.0,1,8499.81,Personal Loan,120900.0,36,13.55,4105.7,0.31,0.0,0,2023-06-19,Approved,No,,0
LN005209,Ishaan Chatterjee,Male,41.0,Married,BR007,Salaried,471600.0,,1,3672.03,Education Loan,283200.0,36,11.03,0.0,0.33,0.0,0,2025-01-26,Rejected,No,,0
LN001573,Anjali Das,Female,25.0,Single,BR008,Salaried,223600.0,655.0,1,2181.36,Business Loan,522800.0,24,12.95,24842.59,1.45,589300.0,0,2023-04-02,Approved,Yes,2024-03-12,44
LN003201,Aditya Iyer,Male,38.0,Single,BR001,Salaried,343800.0,,1,63.07,Business Loan,641000.0,24,11.63,30063.46,1.05,791500.0,0,2023-05-23,Approved,No,,0
LN004883,Anil Chauhan,Male,21.0,Married,BR007,Self-Employed,374200.0,657.0,0,0.0,Auto Loan,237900.0,84,10.43,4002.48,0.13,0.0,0,2025-06-10,Approved,No,,0
LN001516,Vikram Agarwal,Male,49.0,Married,BR007,Business Owner,940800.0,755.0,0,0.0,Business Loan,1184200.0,60,11.95,26311.96,0.34,1541900.0,3,2024-03-10,Approved,No,,0
LN000538,Geeta Gupta,Female,34.0,Divorced,BR005,Salaried,657100.0,646.0,1,8432.84,Auto Loan,705400.0,36,10.54,0.0,0.57,0.0,3,2025-10-12,Rejected,No,,0
LN000443,Sai Chatterjee,Male,44.0,Married,BR003,Salaried,281900.0,620.0,0,0.0,Personal Loan,168000.0,48,14.8,0.0,0.2,0.0,1,2025-08-25,Rejected,No,,0
LN003470,Vihaan Reddy,Male,53.0,Married,BR011,Unemployed,111100.0,518.0,0,0.0,Personal Loan,65800.0,48,15.82,1858.73,0.2,0.0,4,2022-12-13,Approved,Yes,2025-11-14,10
LN002410,Rahul Iyer,Male,65.0,Single,BR015,Salaried,372900.0,648.0,2,370.63,Education Loan,234800.0,120,11.52,0.0,0.12,0.0,0,2022-02-21,Rejected,No,,0
LN002244,Manish Mehta,Male,34.0,Married,BR014,Self-Employed,333300.0,578.0,1,3289.49,Home Loan,1811700.0,120,10.22,0.0,0.99,2422200.0,0,2023-10-11,Rejected,No,,0
LN005059,Rekha Verma,Female,33.0,Married,BR002,Business Owner,512700.0,,1,4270.18,Auto Loan,237900.0,36,9.82,7656.27,0.28,0.0,0,2022-03-31,Approved,No,,0
LN002635,Riya Rao,Female,26.0,Married,BR013,Salaried,349900.0,487.0,0,0.0,Home Loan,1195000.0,300,11.13,11824.83,0.41,1597800.0,0,2025-11-22,Approved,No,,0
LN004691,Amit Chatterjee,Male,25.0,Married,BR003,Salaried,599600.0,765.0,3,3634.47,Personal Loan,71000.0,48,13.35,1917.11,0.11,0.0,1,2023-06-25,Approved,No,,0
LN000453,Swati Patel,Female,28.0,Single,BR001,Salaried,365200.0,648.0,2,3276.98,Education Loan,304100.0,60,11.52,6691.01,0.33,0.0,1,2023-08-29,Approved,Yes,2023-12-24,104
LN000256,Vikram Singh,Male,39.0,Single,BR009,Salaried,,758.0,1,12802.2,Education Loan,403200.0,120,10.42,5422.53,0.23,0.0,1,2023-10-29,Approved,No,,0
LN002735,Ishita Bhatt,Female,56.0,Married,BR009,Salaried,992700.0,790.0,3,15489.04,Personal Loan,479000.0,24,13.1,22795.04,0.46,0.0,0,2022-09-03,Approved,Yes,2023-06-08,32
LN002580,Amit Rao,Male,21.0,Married,BR014,Salaried,358900.0,701.0,0,0.0,Personal Loan,178700.0,24,13.99,8579.06,0.29,0.0,2,2025-10-24,Approved,No,,0
LN000758,Krishna Chauhan,Male,43.0,Divorced,BR017,Self-Employed,236900.0,512.0,2,430.29,Education Loan,90600.0,36,12.88,3047.44,0.18,0.0,1,2023-06-19,Approved,No,,0
LN001763,Ishaan Sharma,Male,40.0,Single,BR003,Business Owner,1102800.0,708.0,0,0.0,Gold Loan,231700.0,6,9.42,39684.57,0.43,261100.0,0,2025-08-15,Approved,No,,0
LN004336,Rekha Rao,Female,54.0,Single,BR008,Self-Employed,451300.0,858.0,1,5506.7,Home Loan,1788700.0,240,7.42,14322.27,0.53,2207300.0,0,2022-01-26,Approved,No,,0
LN004085,Rajesh Joshi,Male,26.0,Married,BR002,Salaried,601800.0,748.0,2,7168.63,Auto Loan,635000.0,48,9.52,15959.26,0.46,0.0,1,2023-03-20,Approved,Yes,2023-10-03,15
LN003692,Anil Patel,Male,35.0,Married,BR014,Salaried,249000.0,890.0,1,2072.02,Auto Loan,150200.0,60,8.1,3052.71,0.25,0.0,0,2025-06-22,Approved,No,,0
LN000727,Aditya Agarwal,Male,25.0,Married,BR005,Salaried,289800.0,572.0,0,0.0,Auto Loan,209500.0,36,11.28,0.0,0.29,0.0,3,2023-09-30,Rejected,No,,0
LN004604,Aarav Singh,Male,51.0,Single,BR009,Salaried,399300.0,580.0,0,0.0,Personal Loan,211600.0,48,15.2,5910.46,0.18,0.0,2,2025-05-24,Approved,No,,0
LN003624,Reyansh Singh,Male,35.0,Married,BR014,Self-Employed,322400.0,803.0,0,0.0,Personal Loan,144400.0,24,12.97,6863.0,0.26,0.0,0,2022-08-05,Approved,No,,0
LN001224,Karthik Rao,Male,30.0,Divorced,BR018,Self-Employed,206800.0,704.0,1,219.13,Home Loan,1192000.0,240,8.96,10694.09,0.63,1482100.0,2,2024-03-30,Approved,Yes,2025-01-27,1
LN001783,Rekha Singh,Female,24.0,Married,BR008,Salaried,281600.0,605.0,2,1034.61,Business Loan,364700.0,60,13.45,8382.3,0.4,378200.0,1,2025-10-05,Approved,No,,0
LN005003,Ananya Malhotra,Female,44.0,Married,BR001,Self-Employed,1015400.0,670.0,1,13665.27,Business Loan,731800.0,84,12.8,13233.44,0.32,765000.0,0,2024-06-22,Approved,No,,0
LN003560,Nikhil Gupta,Male,21.0,Married,BR005,Self-Employed,650900.0,634.0,1,2571.64,Personal Loan,352600.0,24,14.66,0.0,0.36,0.0,2,2022-12-04,Rejected,No,,0
LN000976,Pooja Singh,Female,29.0,Married,BR007,Salaried,987900.0,597.0,0,0.0,Gold Loan,116300.0,24,10.53,0.0,0.07,161500.0,1,2024-02-27,Rejected,No,,0
LN004641,Vivaan Patel,Male,45.0,Married,BR003,Salaried,353300.0,571.0,0,0.0,Personal Loan,205900.0,36,15.29,7166.87,0.24,0.0,0,2025-03-18,Approved,No,,0
LN004080,Riya Mehta,Female,37.0,Single,BR008,Salaried,393100.0,879.0,2,1988.7,Personal Loan,47500.0,24,12.21,2240.65,0.13,0.0,0,2022-02-05,Approved,No,,0
LN001937,Suresh Chauhan,Male,24.0,Single,BR001,Salaried,569300.0,727.0,0,0.0,Personal Loan,341000.0,36,13.73,0.0,0.24,0.0,1,2023-09-15,Rejected,No,,0
LN003020,Saanvi Mehta,Female,32.0,Married,BR003,Self-Employed,311200.0,782.0,1,1597.82,Personal Loan,95800.0,12,13.18,8564.69,0.39,0.0,0,2022-04-21,Approved,No,,0
LN001765,Swati Bhatt,Female,39.0,Divorced,BR013,Salaried,1214700.0,606.0,2,19494.28,Auto Loan,635500.0,36,10.94,20787.4,0.4,0.0,0,2022-01-04,Approved,Yes,2022-03-06,304
LN002855,Meera Chauhan,Female,33.0,Single,BR007,Business Owner,968200.0,690.0,2,4158.55,Gold Loan,114600.0,6,9.6,19638.35,0.29,118000.0,0,2024-07-06,Approved,Yes,2024-10-04,16
LN005000,Arjun Verma,Male,45.0,Married,BR012,Self-Employed,172200.0,713.0,0,0.0,Personal Loan,58800.0,48,13.87,1602.96,0.11,0.0,0,2022-03-20,Approved,No,,0
LN004574,Deepak Reddy,Male,42.0,Single,BR016,Salaried,404400.0,595.0,0,0.0,Personal Loan,241100.0,48,15.05,6716.11,0.2,0.0,1,2024-09-24,Approved,No,,0
LN000165,Amit Chauhan,Male,33.0,Single,BR006,Business Owner,662300.0,708.0,0,0.0,Education Loan,423000.0,120,10.92,5807.69,0.11,0.0,1,2023-05-22,Approved,Yes,2024-01-17,4
LN000322,Sai Malhotra,Male,46.0,Single,BR004,Salaried,409700.0,608.0,1,8338.5,Personal Loan,190900.0,36,14.92,0.0,0.44,0.0,2,2023-12-17,Rejected,No,,0
LN003192,Priya Chatterjee,Female,30.0,Single,BR006,Salaried,202100.0,748.0,0,0.0,Personal Loan,53300.0,36,13.52,1809.27,0.11,0.0,1,2023-08-28,Approved,Yes,2024-10-10,38
LN002844,Ishaan Chauhan,Male,40.0,Single,BR014,Salaried,,707.0,0,0.0,Education Loan,306600.0,120,10.93,0.0,0.1,0.0,2,2022-09-27,Rejected,No,,0
LN002803,Nikhil Chauhan,Male,39.0,Single,BR001,Self-Employed,205400.0,824.0,0,0.0,Home Loan,1146900.0,300,7.76,8670.4,0.51,1313800.0,0,2022-03-23,Approved,No,,0
LN004860,Vihaan Agarwal,Male,46.0,Married,BR010,Self-Employed,352200.0,583.0,0,0.0,Personal Loan,161600.0,48,15.17,0.0,0.15,0.0,1,2025-08-31,Rejected,No,,0
LN004759,Nikhil Sharma,Male,49.0,Single,BR012,Business Owner,641300.0,705.0,3,12181.25,Personal Loan,317200.0,24,13.95,15222.2,0.51,0.0,0,2025-03-16,Approved,No,,0
LN004936,Krishna Kapoor,Male,40.0,Married,BR008,Self-Employed,782000.0,679.0,0,0.0,Gold Loan,94500.0,12,9.71,0.0,0.13,130100.0,1,2024-09-04,Rejected,No,,0
LN005257,Ishaan Nair,Male,27.0,Single,BR014,Unemployed,234100.0,621.0,0,0.0,Home Loan,920400.0,240,9.79,8754.38,0.45,1148700.0,0,2025-10-11,Approved,No,,0
LN000362,Deepak Patel,Male,21.0,Married,BR009,Salaried,437100.0,717.0,0,0.0,Gold Loan,46600.0,12,9.33,0.0,0.11,54900.0,0,2023-12-04,Rejected,No,,0
LN003119,Kavya Bhatt,Female,44.0,Married,BR010,Salaried,116100.0,749.0,2,1550.81,Business Loan,246500.0,36,12.01,0.0,1.01,261300.0,1,2025-09-14,Rejected,No,,0
LN001803,Kritika Patel,Female,58.0,Married,BR018,Self-Employed,543700.0,691.0,0,0.0,Personal Loan,232100.0,12,14.09,0.0,0.46,0.0,0,2024-04-25,Rejected,No,,0
LN003817,Manish Das,Male,35.0,Married,BR010,Unemployed,90000.0,783.0,0,0.0,Home Loan,412700.0,240,8.17,0.0,0.47,433100.0,0,2023-06-28,Rejected,No,,0
LN000318,Karthik Das,Male,50.0,Single,BR016,Self-Employed,451200.0,812.0,0,0.0,Business Loan,947000.0,36,11.38,31174.26,0.83,1100900.0,1,2024-02-18,Approved,No,,0
LN003873,Amit Singh,Male,35.0,Married,BR014,Salaried,416100.0,449.0,1,7547.39,Home Loan,1413000.0,180,11.51,16515.51,0.69,1459600.0,0,2023-01-15,Approved,Yes,2023-08-27,17
LN001738,Vihaan Malhotra,Male,45.0,Married,BR003,Salaried,826100.0,541.0,3,10941.77,Business Loan,1043500.0,60,14.09,24329.14,0.51,1099100.0,2,2025-03-08,Approved,No,,0
LN004148,Ishita Pillai,Female,23.0,Married,BR003,Salaried,913900.0,749.0,1,6860.26,Business Loan,1399300.0,36,12.01,46483.47,0.7,1816600.0,0,2022-07-22,Approved,No,,0
LN003653,Anjali Gupta,Female,31.0,Married,BR005,Salaried,676500.0,700.0,2,6465.64,Gold Loan,117600.0,12,9.5,10311.58,0.3,160300.0,0,2025-06-12,Approved,Yes,2025-07-18,82
LN003400,Nikhil Malhotra,Male,38.0,Married,BR002,Salaried,675800.0,682.0,0,0.0,Home Loan,2598300.0,120,9.18,33167.81,0.59,2976500.0,0,2022-04-29,Approved,No,,0
LN005203,Arjun Kapoor,Male,33.0,Married,BR016,Salaried,324100.0,512.0,1,424.0,Personal Loan,193200.0,36,15.88,0.0,0.27,0.0,3,2023-02-20,Rejected,No,,0
LN003140,Aadhya Patel,Female,47.0,Married,BR015,Salaried,578000.0,687.0,1,10679.2,Education Loan,504000.0,36,11.13,16531.36,0.56,0.0,0,2025-01-26,Approved,No,,0
LN001044,Suresh Naidu,Male,33.0,Married,BR009,Salaried,326800.0,599.0,3,4120.33,Home Loan,1011900.0,180,10.01,10880.12,0.55,1199200.0,1,2022-03-21,Approved,No,,0
LN005271,Vivaan Sharma,Male,39.0,Single,BR010,Self-Employed,468100.0,652.0,0,0.0,Auto Loan,194800.0,84,10.48,3282.43,0.08,0.0,0,2025-04-26,Approved,No,,0
LN004327,Geeta Mehta,Female,42.0,Single,BR001,Salaried,754700.0,764.0,2,9537.73,Business Loan,672200.0,84,11.86,11815.9,0.34,685400.0,0,2024-06-07,Approved,No,,0
LN001633,Arjun Reddy,Male,41.0,Single,BR006,Self-Employed,161000.0,691.0,0,0.0,Personal Loan,25000.0,24,14.09,1201.39,0.09,0.0,1,2025-06-11,Approved,No,,0
LN002118,Priya Chauhan,Female,21.0,Single,BR015,Self-Employed,381400.0,729.0,0,0.0,Personal Loan,58700.0,48,13.71,0.0,0.05,0.0,0,2022-07-23,Rejected,No,,0
LN004313,Vihaan Bhatt,Male,45.0,Single,BR002,Salaried,500200.0,599.0,1,9093.37,Business Loan,1025200.0,36,13.51,34795.42,1.05,1271700.0,0,2025-05-06,Approved,Yes,2025-08-25,23
LN000171,Amit Chatterjee,Male,45.0,Single,BR017,Salaried,,574.0,1,2709.48,Personal Loan,69700.0,24,15.26,3388.14,0.51,0.0,1,2022-12-02,Approved,Yes,2023-05-09,1
LN005167,Kritika Das,Female,34.0,Married,BR018,Salaried,787200.0,758.0,1,8504.5,Auto Loan,865300.0,60,9.42,18139.1,0.41,0.0,0,2025-03-19,Approved,No,,0
LN000660,Swati Mehta,Female,26.0,Married,BR015,Salaried,623200.0,490.0,1,101.65,Business Loan,1061500.0,24,14.6,51267.07,0.99,1309500.0,2,2025-12-12,Approved,No,,0
LN005450,Vikram Naidu,Male,37.0,Married,BR012,Business Owner,564300.0,792.0,2,8210.6,Gold Loan,93500.0,24,8.58,4253.53,0.27,126100.0,0,2022-05-16,Approved,No,,0
LN002267,Sai Rao,Male,42.0,Married,BR011,Salaried,412800.0,661.0,0,0.0,Auto Loan,191500.0,48,10.39,0.0,0.14,0.0,0,2024-11-03,Rejected,No,,0
LN003968,Sai Chauhan,Male,21.0,Single,BR011,Business Owner,708000.0,643.0,1,744.47,Personal Loan,151500.0,12,14.57,0.0,0.24,0.0,0,2025-11-15,Rejected,No,,0
LN004433,Nikhil Naidu,Male,48.0,Married,BR001,Business Owner,320400.0,603.0,0,0.0,Gold Loan,84100.0,6,10.47,14447.8,0.54,96300.0,1,2025-05-28,Approved,Yes,2025-08-23,35
LN003699,Deepak Agarwal,Male,27.0,Single,BR004,Salaried,685700.0,774.0,0,0.0,Home Loan,3625800.0,240,8.26,0.0,0.54,4818300.0,0,2023-04-20,Rejected,No,,0
LN005132,Anil Kapoor,Male,42.0,Single,BR014,Business Owner,299100.0,710.0,0,0.0,Personal Loan,121200.0,12,13.9,10876.5,0.44,0.0,3,2022-03-30,Approved,No,,0
LN003347,Suresh Mehta,Male,36.0,Married,BR004,Self-Employed,633400.0,663.0,0,0.0,Auto Loan,482800.0,36,10.37,15662.6,0.3,0.0,0,2025-04-14,Approved,No,,0
LN001726,Pooja Joshi,Female,44.0,Married,BR004,Business Owner,611800.0,790.0,2,6177.78,Business Loan,762100.0,60,11.6,16798.85,0.45,895500.0,2,2022-08-19,Approved,No,,0
LN005303,Vikram Iyer,Male,30.0,Single,BR008,Salaried,589400.0,668.0,0,0.0,Business Loan,973500.0,60,12.82,0.0,0.45,986900.0,0,2024-12-13,Rejected,No,,0
LN000490,Aditya Iyer,Male,44.0,Single,BR015,Salaried,625400.0,752.0,0,0.0,Personal Loan,112900.0,12,13.48,10109.36,0.19,0.0,0,2022-06-16,Approved,Yes,2023-03-23,64
LN001112,Swati Joshi,Female,48.0,Married,BR006,Business Owner,289800.0,638.0,2,5403.88,Auto Loan,304600.0,60,10.62,0.0,0.5,0.0,0,2023-02-17,Rejected,No,,0
LN005331,Rajesh Reddy,Male,34.0,Divorced,BR005,Salaried,294000.0,686.0,1,1292.12,Personal Loan,151600.0,48,14.14,4153.35,0.22,0.0,0,2025-08-15,Approved,Yes,2025-10-31,199
LN001662,Geeta Chatterjee,Female,39.0,Divorced,BR007,Business Owner,383800.0,715.0,0,0.0,Gold Loan,112800.0,6,9.35,19316.01,0.6,129400.0,0,2024-08-07,Approved,No,,0
LN001043,Karthik Mehta,Male,38.0,Married,BR002,Salaried,427100.0,687.0,0,0.0,Personal Loan,198400.0,12,14.13,17825.9,0.5,0.0,1,2025-09-25,Approved,Yes,2025-11-21,2
LN004292,Manish Sharma,Male,33.0,Married,BR006,Self-Employed,350000.0,706.0,0,0.0,Auto Loan,219600.0,84,9.94,0.0,0.12,0.0,0,2022-06-24,Rejected,No,,0
LN004118,Divya Patel,Female,38.0,Single,BR010,Salaried,879600.0,791.0,1,6448.7,Personal Loan,483400.0,48,13.09,12990.02,0.27,0.0,1,2023-01-23,Approved,No,,0
LN000136,Anjali Joshi,Female,35.0,Married,BR004,Self-Employed,163800.0,602.0,0,0.0,Home Loan,888300.0,120,9.98,0.0,0.86,936000.0,1,2024-11-30,Rejected,No,,0
LN004589,Vikram Gupta,Male,55.0,Single,BR001,Business Owner,254900.0,732.0,0,0.0,Education Loan,228800.0,120,10.68,0.0,0.15,0.0,1,2023-01-27,Rejected,No,,0
LN000476,Rekha Joshi,Female,28.0,Single,BR015,Self-Employed,176000.0,743.0,0,0.0,Personal Loan,39500.0,24,13.57,0.0,0.13,0.0,0,2023-05-14,Rejected,No,,0
LN001885,Kavya Chatterjee,Female,33.0,Single,BR006,Self-Employed,336100.0,820.0,1,4321.5,Education Loan,291300.0,120,9.8,3817.36,0.29,0.0,2,2023-07-03,Approved,No,,0
LN000618,Amit Chauhan,Male,46.0,Divorced,BR008,Salaried,192200.0,706.0,0,0.0,Education Loan,86800.0,60,10.94,1884.65,0.12,0.0,0,2023-02-22,Approved,No,,0
LN003454,Manish Agarwal,Male,44.0,Single,BR005,Salaried,321600.0,781.0,3,4029.09,Gold Loan,53800.0,12,8.69,4697.16,0.33,63500.0,0,2022-08-24,Approved,No,,0
LN004654,Geeta Bhatt,Female,33.0,Divorced,BR001,Salaried,405300.0,717.0,0,0.0,Auto Loan,418200.0,48,9.83,0.0,0.31,0.0,1,2024-06-08,Rejected,No,,0
LN004782,Sai Kapoor,Male,26.0,Married,BR007,Salaried,165900.0,736.0,1,700.64,Home Loan,927100.0,180,8.64,0.0,0.72,1027000.0,1,2025-09-11,Rejected,No,,0
LN001144,Shreya Nair,Female,44.0,Single,BR014,Self-Employed,388000.0,639.0,0,0.0,Education Loan,292800.0,36,11.61,0.0,0.3,0.0,0,2024-09-09,Rejected,No,,0
LN001635,Saanvi Singh,Female,33.0,Single,BR007,Self-Employed,564700.0,652.0,1,380.64,Home Loan,3221900.0,120,9.48,0.0,0.89,4256400.0,1,2024-12-09,Rejected,No,,0
LN002656,Amit Das,Male,48.0,Married,BR004,Salaried,274400.0,725.0,0,0.0,Auto Loan,193000.0,36,9.75,6204.94,0.27,0.0,1,2022-03-31,Approved,No,,0
LN003163,Riya Chauhan,Female,38.0,Single,BR001,Self-Employed,532000.0,631.0,3,3135.15,Auto Loan,521900.0,84,10.69,8851.36,0.27,0.0,0,2022-08-24,Approved,Yes,2024-08-14,57
LN004553,Arjun Reddy,Male,26.0,Married,BR009,Self-Employed,1151300.0,702.0,2,9768.96,Personal Loan,197600.0,48,13.98,5397.73,0.16,0.0,1,2024-07-06,Approved,No,,0
LN002391,Arjun Agarwal,Male,38.0,Single,BR004,Salaried,789300.0,712.0,0,0.0,Business Loan,787800.0,84,12.38,14067.42,0.21,964000.0,0,2025-12-30,Approved,No,,0
LN001862,Sai Chauhan,Male,31.0,Married,BR008,Salaried,726100.0,732.0,1,8665.23,Gold Loan,143800.0,12,9.18,12587.53,0.35,191800.0,0,2022-06-29,Approved,No,,0
LN004308,Neha Iyer,Female,36.0,Married,BR017,Salaried,572000.0,614.0,2,95.25,Home Loan,2566200.0,120,9.86,33713.89,0.71,3526700.0,3,2025-02-26,Approved,No,,0
LN001747,Sai Kapoor,Male,28.0,Married,BR014,Salaried,483300.0,712.0,1,2885.4,Personal Loan,143700.0,12,13.88,0.0,0.39,0.0,0,2023-03-01,Rejected,No,,0
LN000377,Rahul Rao,Male,35.0,Married,BR008,Salaried,385800.0,887.0,1,6469.67,Business Loan,339200.0,24,10.63,15751.17,0.69,401200.0,1,2022-08-31,Approved,Yes,2024-03-18,3
LN004642,Priya Iyer,Female,28.0,Single,BR010,Self-Employed,617500.0,679.0,0,0.0,Personal Loan,238000.0,12,14.21,21392.86,0.42,0.0,0,2025-07-22,Approved,Yes,2025-08-29,9
LN002261,Aditya Kapoor,Male,29.0,Married,BR007,Self-Employed,392500.0,588.0,1,1030.68,Home Loan,1371800.0,240,10.12,13347.42,0.44,1890500.0,1,2025-06-10,Approved,No,,0
LN000421,Deepak Bhatt,Male,44.0,Divorced,BR013,Salaried,410100.0,513.0,1,2269.67,Personal Loan,123800.0,36,15.87,0.0,0.19,0.0,1,2024-05-27,Rejected,No,,0
LN005498,Rahul Naidu,Male,52.0,Married,BR016,Salaried,575400.0,700.0,1,6542.58,Auto Loan,269200.0,84,10.0,0.0,0.23,0.0,1,2025-01-10,Rejected,No,,0
LN004099,Aadhya Kapoor,Female,47.0,Single,BR001,Business Owner,165400.0,619.0,0,0.0,Education Loan,57300.0,36,11.81,1897.98,0.14,0.0,2,2022-12-19,Approved,No,,0
LN003798,Vikram Naidu,Male,36.0,Married,BR009,Salaried,308100.0,574.0,0,0.0,Education Loan,234200.0,120,12.26,3395.38,0.13,0.0,0,2025-03-29,Approved,No,,0
LN005114,Arjun Singh,Male,28.0,Married,BR010,Salaried,367200.0,614.0,1,4586.07,Auto Loan,248100.0,60,10.86,5376.99,0.33,0.0,2,2025-05-16,Approved,No,,0
LN005348,Priya Chatterjee,Female,41.0,Married,BR003,Salaried,190900.0,767.0,2,183.44,Personal Loan,62400.0,12,13.33,5583.06,0.36,0.0,1,2025-04-03,Approved,No,,0
LN002727,Reyansh Reddy,Male,35.0,Married,BR004,Self-Employed,276400.0,610.0,0,0.0,Home Loan,1512100.0,300,9.9,0.0,0.59,1871000.0,3,2024-12-07,Rejected,No,,0
LN004249,Ishaan Sharma,Male,,Single,BR017,Self-Employed,238600.0,657.0,2,3292.26,Personal Loan,110700.0,36,14.43,0.0,0.36,0.0,0,2023-10-28,Rejected,No,,0
LN001163,Divya Das,Female,50.0,Married,BR007,Salaried,325500.0,584.0,2,3526.19,Education Loan,130000.0,84,12.16,2305.99,0.22,0.0,1,2023-08-06,Approved,No,,0
LN003577,Deepak Rao,Male,27.0,Single,BR009,Unemployed,90000.0,849.0,0,0.0,Education Loan,48400.0,36,9.51,0.0,0.21,0.0,0,2025-04-03,Rejected,No,,0
LN002814,Geeta Mehta,Female,38.0,Married,BR010,Salaried,488500.0,606.0,1,8987.17,Business Loan,815600.0,60,13.44,18741.63,0.68,991200.0,0,2025-03-24,Approved,No,,0
LN004560,Aarav Gupta,Male,59.0,Single,BR004,Salaried,985700.0,761.0,1,6739.83,Auto Loan,473200.0,60,9.39,9912.66,0.2,0.0,0,2024-07-19,Approved,No,,0
LN002080,Vivaan Das,Male,37.0,Married,BR008,Business Owner,458000.0,638.0,0,0.0,Business Loan,241000.0,60,13.12,5498.31,0.14,257500.0,2,2023-08-16,Approved,Yes,2025-02-02,25
LN000076,Priya Joshi,Female,44.0,Married,BR016,Salaried,509100.0,603.0,1,3624.22,Personal Loan,195100.0,24,14.97,9456.96,0.31,0.0,0,2023-04-15,Approved,No,,0
LN000624,Aarav Iyer,Male,27.0,Single,BR003,Self-Employed,336000.0,789.0,0,0.0,Education Loan,159100.0,36,10.11,5141.93,0.18,0.0,0,2025-07-27,Approved,No,,0
LN001830,Ishita Iyer,Female,40.0,Divorced,BR009,Salaried,,722.0,1,4313.99,Home Loan,813500.0,120,8.78,10208.47,0.73,960100.0,1,2024-01-16,Approved,No,,0
LN001481,Sai Bhatt,Male,50.0,Single,BR004,Business Owner,1008500.0,525.0,0,0.0,Business Loan,512900.0,60,14.25,12000.87,0.14,621200.0,0,2023-11-23,Approved,No,,0
LN005402,Anjali Agarwal,Female,43.0,Married,BR001,Self-Employed,1452700.0,523.0,0,0.0,Personal Loan,706400.0,36,15.77,0.0,0.2,0.0,1,2025-08-20,Rejected,No,,0
LN000909,Reyansh Sharma,Male,39.0,Single,BR009,Unemployed,283800.0,690.0,0,0.0,Gold Loan,57100.0,6,9.6,0.0,0.41,68400.0,1,2024-11-21,Rejected,No,,0
LN000672,Aarav Nair,Male,,Single,BR013,Self-Employed,235700.0,704.0,1,84.72,Auto Loan,255400.0,36,9.96,0.0,0.42,0.0,0,2024-01-13,Rejected,No,,0
LN000688,Swati Mehta,Female,28.0,Married,BR004,Business Owner,645600.0,646.0,1,4028.87,Gold Loan,182600.0,6,10.04,31330.71,0.66,220200.0,1,2024-05-28,Approved,Yes,2024-09-19,59
LN003303,Arjun Reddy,Male,38.0,Single,BR010,Business Owner,549900.0,661.0,3,6988.2,Home Loan,2543500.0,300,9.39,22028.3,0.63,2992100.0,0,2024-04-21,Approved,No,,0
LN002019,Suresh Chauhan,Male,48.0,Single,BR017,Self-Employed,541100.0,711.0,1,2862.67,Auto Loan,546100.0,36,9.89,17592.92,0.45,0.0,1,2025-07-02,Approved,No,,0
LN002769,Arjun Singh,Male,40.0,Married,BR003,Business Owner,533000.0,642.0,2,5850.92,Personal Loan,111900.0,24,14.58,5403.35,0.25,0.0,1,2025-09-14,Approved,No,,0
LN003590,Diya Naidu,Female,21.0,Single,BR013,Salaried,598500.0,663.0,0,0.0,Business Loan,1129400.0,36,12.87,37983.27,0.76,1443800.0,1,2023-09-17,Approved,No,,0
LN000623,Aarav Joshi,Male,30.0,Married,BR005,Salaried,597500.0,402.0,2,2744.01,Personal Loan,5209500.0,24,16.98,0.0,0.4,0.0,3,2022-03-09,Rejected,No,,0
LN005129,Vihaan Pillai,Male,44.0,Single,BR004,Salaried,296700.0,629.0,1,528.5,Business Loan,250400.0,60,13.21,5724.32,0.25,347000.0,1,2025-03-08,Approved,No,,0
LN003766,Reyansh Chauhan,Male,38.0,Single,BR011,Self-Employed,270900.0,743.0,2,1402.05,Auto Loan,163900.0,48,9.57,0.0,0.24,0.0,0,2023-07-03,Rejected,No,,0
LN002839,Ananya Naidu,Female,48.0,Single,BR006,Unemployed,109900.0,674.0,2,1787.01,Personal Loan,26100.0,24,14.26,1256.34,0.33,0.0,0,2023-04-02,Approved,Yes,2025-02-20,76
LN002901,Rajesh Das,Male,40.0,Single,BR004,Salaried,380300.0,698.0,0,0.0,Personal Loan,158400.0,24,14.02,0.0,0.24,0.0,0,2025-02-22,Rejected,No,,0
LN004504,Kritika Rao,Female,30.0,Married,BR008,Salaried,864600.0,664.0,1,1909.25,Home Loan,2854600.0,300,9.36,24663.31,0.37,3330100.0,1,2024-06-02,Approved,No,,0
LN001501,Nikhil Verma,Male,31.0,Married,BR005,Self-Employed,281000.0,530.0,0,0.0,Gold Loan,25000.0,18,11.2,0.0,0.06,33700.0,2,2022-07-31,Rejected,No,,0
LN001777,Aarav Kapoor,Male,54.0,Married,BR005,Salaried,586200.0,681.0,1,10101.7,Business Loan,819300.0,24,12.69,38831.82,1.0,1061700.0,0,2022-01-19,Approved,Yes,2023-10-24,10
LN001251,Vikram Pillai,Male,38.0,Married,BR013,Business Owner,1747800.0,793.0,2,28562.82,Gold Loan,511900.0,12,8.57,44664.4,0.5,561000.0,0,2024-09-01,Approved,No,,0
LN000216,Amit Das,Male,32.0,Single,BR010,Salaried,289900.0,763.0,0,0.0,Personal Loan,33900.0,24,13.37,1617.57,0.07,0.0,1,2022-03-10,Approved,No,,0
LN004342,Aarav Rao,Male,25.0,Single,BR001,Salaried,602200.0,727.0,0,0.0,Personal Loan,335100.0,48,13.73,9111.78,0.18,0.0,0,2022-01-04,Approved,No,,0
LN003704,Rohan Naidu,Male,32.0,Married,BR005,Unemployed,163000.0,561.0,0,0.0,Home Loan,607400.0,120,10.39,0.0,0.6,823200.0,1,2023-12-05,Rejected,No,,0
LN002705,Aarav Mehta,Male,39.0,Married,BR007,Salaried,666500.0,634.0,1,10283.34,Personal Loan,116600.0,24,14.66,0.0,0.29,0.0,4,2024-04-11,Rejected,No,,0
LN000471,Manish Verma,Male,37.0,Single,BR009,Salaried,,831.0,0,0.0,Auto Loan,358000.0,36,8.69,0.0,0.29,0.0,0,2023-10-18,Rejected,No,,0
LN002520,Rekha Reddy,Female,37.0,Single,BR007,Salaried,320700.0,761.0,0,0.0,Personal Loan,79000.0,36,13.39,2676.69,0.1,0.0,1,2022-03-24,Approved,No,,0
LN001745,Rajesh Iyer,Male,21.0,Single,BR002,Salaried,393900.0,801.0,0,0.0,Business Loan,615100.0,36,11.49,20280.62,0.62,765600.0,1,2022-08-20,Approved,No,,0
LN000611,Reyansh Reddy,Male,43.0,Married,BR014,Business Owner,501900.0,750.0,0,0.0,Personal Loan,296600.0,24,13.5,14170.66,0.34,0.0,0,2023-07-25,Approved,Yes,2024-06-07,4
LN001900,Aditya Patel,Male,,Married,BR009,Business Owner,439900.0,626.0,2,8987.02,Business Loan,1062600.0,84,13.24,19469.7,0.78,1169900.0,1,2024-02-05,Approved,No,,0
LN002981,Aditya Naidu,Male,30.0,Married,BR008,Salaried,390500.0,696.0,1,1281.53,Personal Loan,180000.0,12,14.04,16165.07,0.54,0.0,1,2024-04-02,Approved,No,,0
LN004757,Aarav Pillai,Male,42.0,Married,BR001,Salaried,534800.0,732.0,1,1102.53,Personal Loan,200400.0,48,13.68,0.0,0.15,0.0,1,2023-06-03,Rejected,No,,0
LN000787,Aarav Das,Male,21.0,Single,BR001,Salaried,1017900.0,634.0,2,10940.42,Business Loan,1476300.0,84,13.16,26985.38,0.45,1995600.0,1,2023-11-04,Approved,No,,0
LN003326,Ishaan Mehta,Male,24.0,Married,BR004,Self-Employed,518200.0,841.0,2,8018.96,Home Loan,2094700.0,300,7.59,0.0,0.55,2458300.0,0,2023-12-08,Rejected,No,,0
LN003778,Rajesh Chauhan,Male,27.0,Divorced,BR003,Business Owner,653900.0,660.0,1,12126.49,Home Loan,2323400.0,180,9.4,24121.52,0.67,2340900.0,0,2025-02-18,Approved,Yes,2025-03-23,86
LN003239,Meera Das,Female,27.0,Single,BR008,Salaried,337800.0,786.0,0,0.0,Gold Loan,31900.0,24,8.64,0.0,0.05,36300.0,0,2024-12-01,Rejected,No,,0
LN002669,Aarav Rao,Male,24.0,Married,BR010,Business Owner,555200.0,737.0,2,2781.85,Gold Loan,49700.0,12,9.13,4349.34,0.15,60500.0,1,2024-05-19,Approved,No,,0
LN003662,Sai Reddy,Male,25.0,Married,BR012,Business Owner,580700.0,705.0,0,0.0,Education Loan,332300.0,120,10.95,4568.03,0.09,0.0,1,2024-03-09,Approved,No,,0
LN000729,Meera Chauhan,Female,22.0,Married,BR004,Self-Employed,848100.0,649.0,2,5427.35,Home Loan,4922200.0,120,9.51,63719.02,0.98,5509300.0,3,2024-02-25,Approved,No,,0
LN001229,Ishita Patel,Female,38.0,Single,BR003,Salaried,280000.0,710.0,0,0.0,Personal Loan,52400.0,48,13.9,1429.28,0.06,0.0,0,2024-07-25,Approved,No,,0
LN001215,Manish Chauhan,Male,40.0,Married,BR014,Business Owner,993300.0,681.0,1,841.28,Education Loan,689100.0,60,11.19,15048.08,0.19,0.0,0,2024-12-26,Approved,No,,0
LN004758,Rajesh Naidu,Male,40.0,Married,BR010,Salaried,169300.0,605.0,1,2651.87,Personal Loan,25000.0,36,14.95,0.0,0.25,0.0,3,2025-03-28,Rejected,No,,0
LN003237,Aarav Chauhan,Male,35.0,Married,BR011,Self-Employed,358300.0,576.0,1,868.56,Auto Loan,257300.0,60,11.24,0.0,0.22,0.0,1,2022-10-21,Rejected,No,,0
LN001901,Vihaan Mehta,Male,21.0,Divorced,BR003,Salaried,185900.0,648.0,3,174.38,Auto Loan,189400.0,60,10.52,4072.82,0.27,0.0,2,2024-05-20,Approved,Yes,2025-01-03,26
LN000573,Aarav Rao,Male,34.0,Married,BR003,Self-Employed,961200.0,862.0,0,0.0,Personal Loan,432600.0,36,12.38,14447.15,0.18,0.0,0,2023-08-10,Approved,No,,0
LN001275,Suresh Naidu,Male,33.0,Married,BR009,Salaried,395800.0,636.0,2,4710.84,Business Loan,288500.0,24,13.14,0.0,0.56,381500.0,0,2025-05-28,Rejected,No,,0
LN003591,Vivaan Rao,Male,42.0,Single,BR003,Salaried,220800.0,790.0,1,1344.25,Gold Loan,28200.0,24,8.6,1283.14,0.14,38000.0,0,2025-03-29,Approved,No,,0
LN001001,Suresh Malhotra,Male,38.0,Married,BR011,Self-Employed,343200.0,576.0,1,6773.09,Business Loan,802800.0,84,13.74,14929.41,0.76,1045300.0,0,2023-08-31,Approved,Yes,2025-04-24,169
LN002969,Ananya Kapoor,Female,34.0,Married,BR017,Salaried,316100.0,661.0,2,6303.78,Gold Loan,87400.0,6,9.89,14989.73,0.81,119200.0,0,2025-11-12,Approved,No,,0
LN003465,Aadhya Sharma,Female,52.0,Single,BR010,Salaried,416000.0,523.0,2,7524.5,Business Loan,820600.0,84,14.27,0.0,0.66,942500.0,2,2023-02-09,Rejected,No,,0
LN004285,Sunita Sharma,Female,37.0,Married,BR004,Salaried,742600.0,794.0,2,8196.06,Auto Loan,612200.0,84,9.06,9868.39,0.29,0.0,0,2024-01-22,Approved,No,,0
LN003206,Aditya Kapoor,Male,26.0,Married,BR001,Salaried,520300.0,485.0,1,2177.21,Education Loan,407700.0,60,13.15,9307.76,0.26,0.0,0,2025-05-20,Approved,Yes,2025-11-22,48
LN004859,Neha Verma,Female,33.0,Divorced,BR010,Salaried,297500.0,576.0,1,926.45,Auto Loan,349600.0,36,11.24,11485.23,0.5,0.0,0,2024-12-13,Approved,No,,0
LN005327,Suresh Iyer,Male,31.0,Married,BR012,Salaried,393800.0,575.0,0,0.0,Education Loan,385700.0,120,12.25,0.0,0.17,0.0,0,2023-12-22,Rejected,No,,0
LN001562,Aditya Mehta,Male,27.0,Single,BR010,Salaried,509100.0,630.0,0,0.0,Personal Loan,289500.0,36,14.7,9993.13,0.24,0.0,0,2022-03-01,Approved,No,,0
LN004805,Aditya Rao,Male,55.0,Single,BR011,Salaried,456400.0,635.0,0,0.0,Auto Loan,524600.0,60,10.65,11314.72,0.3,0.0,0,2022-05-23,Approved,No,,0
LN003478,Manish Nair,Male,38.0,Single,BR003,Salaried,446800.0,779.0,0,0.0,Education Loan,255700.0,60,10.21,5459.33,0.15,0.0,0,2024-12-08,Approved,No,,0
LN004056,Nikhil Sharma,Male,21.0,Single,BR007,Self-Employed,538300.0,698.0,1,4979.24,Home Loan,2096300.0,120,9.02,26577.74,0.7,2458800.0,0,2022-10-01,Approved,No,,0
LN000693,Aditya Verma,Male,53.0,Married,BR017,Salaried,356100.0,534.0,1,6418.12,Home Loan,2044700.0,300,10.66,19539.81,0.87,2823600.0,1,2025-07-31,Approved,Yes,2025-10-01,35
LN004234,Sunita Iyer,Female,21.0,Married,BR007,Salaried,1123100.0,519.0,3,9029.42,Gold Loan,271900.0,24,11.31,12711.84,0.23,296400.0,1,2025-08-30,Approved,No,,0
LN001654,Rahul Joshi,Male,34.0,Married,BR014,Salaried,554200.0,470.0,0,0.0,Auto Loan,330000.0,48,12.3,0.0,0.19,0.0,2,2022-12-19,Rejected,No,,0
LN001625,Amit Sharma,Male,29.0,Single,BR014,Unemployed,104400.0,677.0,1,1586.38,Home Loan,410000.0,240,9.23,3749.74,0.61,525500.0,0,2022-12-09,Approved,No,,0
LN005256,Aditya Rao,Male,40.0,Single,BR005,Salaried,1137400.0,744.0,1,8928.36,Auto Loan,957100.0,84,9.56,15672.25,0.26,0.0,0,2025-08-29,Approved,No,,0
LN000576,Rohan Pillai,Male,32.0,Single,BR008,Salaried,420400.0,585.0,1,5207.65,Auto Loan,468300.0,48,11.15,0.0,0.5,0.0,0,2025-06-09,Rejected,No,,0
LN003005,Kavya Joshi,Female,51.0,Married,BR005,Self-Employed,359700.0,740.0,0,0.0,Home Loan,1291900.0,240,8.6,11293.31,0.38,1430800.0,0,2023-12-17,Approved,No,,0
LN000350,Riya Gupta,Female,27.0,Divorced,BR007,Unemployed,90000.0,731.0,1,1767.77,Home Loan,317400.0,240,8.69,0.0,0.61,323500.0,1,2025-12-16,Rejected,No,,0
LN001637,Aditya Verma,Male,39.0,Married,BR005,Business Owner,650000.0,817.0,1,13451.07,Personal Loan,258600.0,24,12.83,12273.68,0.47,0.0,0,2022-07-09,Approved,No,,0
LN004764,Reyansh Malhotra,Male,36.0,Divorced,BR007,Salaried,329300.0,576.0,2,4480.31,Education Loan,157200.0,120,12.24,2277.23,0.25,0.0,1,2023-06-20,Approved,No,,0
LN000186,Ishita Verma,Female,21.0,Divorced,BR017,Self-Employed,289700.0,843.0,1,5233.08,Personal Loan,59900.0,24,12.57,2835.67,0.33,0.0,0,2025-06-26,Approved,No,,0
LN001460,Suresh Reddy,Male,48.0,Single,BR008,Salaried,297400.0,639.0,1,14.07,Education Loan,180500.0,120,11.61,2549.12,0.1,0.0,1,2025-10-12,Approved,No,,0
LN004461,Diya Bhatt,Female,21.0,Single,BR001,Salaried,421100.0,601.0,0,0.0,Home Loan,2355100.0,120,9.99,0.0,0.89,2369100.0,1,2025-04-11,Rejected,No,,0
LN005185,Sai Kapoor,Male,35.0,Married,BR010,Salaried,501200.0,678.0,3,10174.38,Home Loan,1871000.0,120,9.22,23924.38,0.82,2493900.0,1,2025-05-03,Approved,Yes,2025-11-27,75
LN005466,Diya Rao,Female,47.0,Married,BR001,Business Owner,259300.0,720.0,1,4102.11,Business Loan,318200.0,24,12.3,0.0,0.89,393900.0,0,2025-01-12,Rejected,No,,0
LN000187,Neha Reddy,Female,24.0,Single,BR011,Unemployed,90000.0,738.0,0,0.0,Personal Loan,34000.0,48,13.62,0.0,0.12,0.0,1,2023-05-01,Rejected,No,,0
LN003120,Vivaan Sharma,Male,21.0,Single,BR001,Unemployed,185700.0,680.0,1,3655.27,Gold Loan,51600.0,6,9.7,8844.94,0.81,62900.0,0,2022-05-13,Approved,No,,0
LN004073,Saanvi Nair,Female,36.0,Single,BR017,Business Owner,287200.0,674.0,1,4493.91,Personal Loan,139500.0,48,14.26,3830.26,0.35,0.0,0,2024-03-06,Approved,No,,0
LN002396,Kritika Bhatt,Female,50.0,Married,BR015,Business Owner,752400.0,679.0,0,0.0,Business Loan,414900.0,24,12.71,19668.63,0.31,563600.0,1,2022-05-21,Approved,No,,0
LN000783,Swati Gupta,Female,46.0,Single,BR003,Salaried,268500.0,578.0,0,0.0,Business Loan,582400.0,60,13.72,0.0,0.6,750300.0,1,2023-01-20,Rejected,No,,0
LN000774,Manish Joshi,Male,33.0,Married,BR002,Self-Employed,709800.0,654.0,1,5774.77,Auto Loan,748000.0,84,10.46,12596.19,0.31,0.0,1,2025-12-16,Approved,Yes,,61
LN004621,Geeta Joshi,Female,27.0,Single,BR016,Unemployed,90000.0,712.0,1,979.59,Personal Loan,46000.0,24,13.88,2205.99,0.42,0.0,2,2023-01-11,Approved,No,,0
LN005433,Sai Mehta,Male,51.0,Single,BR013,Business Owner,589500.0,695.0,1,7076.19,Personal Loan,78600.0,48,14.05,2149.83,0.19,0.0,2,2024-02-19,Approved,No,,0
LN004058,Vivaan Bhatt,Male,45.0,Single,BR003,Salaried,827500.0,666.0,0,0.0,Personal Loan,254500.0,12,14.34,22891.56,0.33,0.0,0,2024-05-24,Approved,No,,0
LN004143,Kritika Joshi,Female,39.0,Single,BR006,Salaried,405700.0,711.0,0,0.0,Home Loan,1568400.0,240,8.89,14000.54,0.41,2048100.0,1,2022-10-09,Approved,No,,0
LN001449,Reyansh Chatterjee,Male,21.0,Single,BR009,Self-Employed,408800.0,682.0,2,2073.23,Personal Loan,222600.0,36,14.18,7627.42,0.28,0.0,1,2023-10-18,Approved,No,,0
LN002881,Rahul Mehta,Male,29.0,Married,BR015,Business Owner,553900.0,827.0,0,0.0,Education Loan,345400.0,60,9.73,7292.93,0.16,0.0,0,2022-11-04,Approved,No,,0
LN000847,Anjali Agarwal,Female,60.0,Married,BR003,Self-Employed,663100.0,711.0,3,4703.18,Home Loan,2059500.0,300,8.89,17128.38,0.4,2111700.0,0,2024-06-01,Approved,No,,0
LN000545,Pooja Malhotra,Female,37.0,Single,BR011,Self-Employed,676700.0,753.0,0,0.0,Business Loan,569500.0,24,11.97,26800.36,0.48,720300.0,0,2025-08-15,Approved,No,,0
LN004026,Manish Verma,Male,32.0,Married,BR011,Business Owner,941700.0,706.0,1,11674.61,Home Loan,3588000.0,240,8.94,32143.84,0.56,4002700.0,0,2022-07-16,Approved,Yes,2025-06-30,99
LN000446,Ishita Gupta,Female,44.0,Single,BR009,Self-Employed,214100.0,695.0,0,0.0,Education Loan,78700.0,60,11.05,0.0,0.1,0.0,0,2025-05-19,Rejected,No,,0
LN002012,Vikram Das,Male,58.0,Single,BR007,Business Owner,480800.0,692.0,2,6019.23,Home Loan,2306800.0,120,9.08,29321.54,0.88,2328300.0,0,2025-07-22,Approved,Yes,2025-10-27,14
LN003786,Ananya Rao,Female,40.0,Married,BR008,Salaried,367800.0,606.0,2,7290.46,Education Loan,170500.0,84,11.94,3004.32,0.34,0.0,2,2024-10-20,Approved,No,,0
LN003951,Amit Mehta,Male,58.0,Married,BR017,Salaried,497200.0,594.0,1,9764.03,Auto Loan,227600.0,84,11.06,3904.25,0.33,0.0,1,2022-06-20,Approved,No,,0
LN005340,Suresh Rao,Male,44.0,Single,BR012,Salaried,489300.0,720.0,0,0.0,Auto Loan,535100.0,48,9.8,13520.18,0.33,0.0,0,2024-07-07,Approved,No,,0
LN003345,Karthik Chatterjee,Male,31.0,Single,BR001,Business Owner,302200.0,505.0,0,0.0,Education Loan,213300.0,60,12.95,4847.77,0.19,0.0,1,2022-06-07,Approved,No,,0
LN000915,Suresh Kapoor,Male,31.0,Divorced,BR008,Self-Employed,722400.0,521.0,2,5154.97,Home Loan,3168000.0,240,10.79,0.0,0.62,4158200.0,0,2023-12-21,Rejected,No,,0
LN003711,Rahul Reddy,Male,32.0,Single,BR003,Salaried,381900.0,703.0,0,0.0,Home Loan,1341600.0,180,8.97,0.0,0.43,1621400.0,0,2025-05-09,Rejected,No,,0
LN000284,Amit Reddy,Male,52.0,Married,BR017,Salaried,602100.0,535.0,0,0.0,Business Loan,1004800.0,60,14.15,23458.15,0.47,1059200.0,0,2024-06-14,Approved,No,,0
LN002151,Vihaan Reddy,Male,34.0,Single,BR018,Unemployed,90000.0,707.0,0,0.0,Auto Loan,42700.0,84,9.93,0.0,0.09,0.0,0,2025-12-17,Rejected,No,,0
LN003907,Diya Reddy,Female,38.0,Single,BR007,Salaried,225200.0,704.0,3,2893.14,Personal Loan,98800.0,48,13.96,2697.87,0.3,0.0,0,2025-04-18,Approved,No,,0
LN003267,Amit Naidu,Male,54.0,Married,BR001,Salaried,435500.0,803.0,1,5679.74,Auto Loan,386300.0,60,8.97,8013.33,0.38,0.0,0,2025-09-04,Approved,No,,0
LN005212,Rohan Kapoor,Male,47.0,Married,BR003,Salaried,812300.0,510.0,1,2188.0,Personal Loan,401100.0,12,15.9,0.0,0.57,0.0,1,2022-04-08,Rejected,No,,0
LN003485,Aarav Gupta,Male,39.0,Married,BR009,Salaried,448100.0,722.0,0,0.0,Business Loan,489700.0,36,12.28,16330.61,0.44,647300.0,0,2025-10-19,Approved,No,,0
LN002601,Aarav Iyer,Male,48.0,Single,BR002,Self-Employed,339500.0,862.0,1,5908.95,Business Loan,679600.0,36,10.88,22210.63,0.99,849000.0,0,2024-02-22,Approved,No,,0
LN000369,Reyansh Verma,Male,43.0,Single,BR010,Business Owner,886300.0,782.0,0,0.0,Personal Loan,441100.0,12,13.18,0.0,0.53,0.0,0,2025-02-02,Rejected,No,,0
LN004591,Sai Naidu,Male,26.0,Married,BR010,Business Owner,313700.0,765.0,1,5303.09,Gold Loan,25900.0,18,8.85,1541.8,0.26,26900.0,1,2022-06-29,Approved,No,,0
LN001543,Arjun Pillai,Male,43.0,Divorced,BR008,Salaried,158500.0,762.0,0,0.0,Home Loan,889800.0,240,8.38,7654.44,0.58,1207700.0,1,2022-12-23,Approved,No,,0
LN001348,Manish Iyer,Male,24.0,Married,BR001,Salaried,235600.0,683.0,0,0.0,Home Loan,831400.0,240,9.17,7571.46,0.39,1010600.0,1,2025-08-22,Approved,Yes,2025-12-03,36
LN002092,Kavya Gupta,Female,27.0,Single,BR012,Self-Employed,336100.0,627.0,0,0.0,Education Loan,140600.0,84,11.73,2461.72,0.09,0.0,1,2024-08-31,Approved,Yes,2025-01-29,61
LN000520,Swati Pillai,Female,37.0,Single,BR014,Salaried,625200.0,778.0,1,12619.4,Education Loan,293700.0,60,10.22,0.0,0.36,0.0,1,2025-04-05,Rejected,No,,0
LN000569,Sneha Das,Female,57.0,Divorced,BR002,Salaried,443600.0,676.0,0,0.0,Auto Loan,349800.0,84,10.24,5850.56,0.16,0.0,0,2022-03-27,Approved,No,,0
LN002987,Vihaan Mehta,Male,33.0,Married,BR007,Self-Employed,606700.0,420.0,2,37.42,Home Loan,3426600.0,120,11.8,0.0,0.97,4670200.0,0,2022-06-16,Rejected,No,,0
LN002828,Aarav Bhatt,Male,32.0,Single,BR009,Unemployed,177100.0,778.0,0,0.0,Personal Loan,40600.0,48,13.22,1093.63,0.07,0.0,2,2024-01-30,Approved,No,,0
LN005001,Shreya Das,Female,24.0,Married,BR013,Salaried,538200.0,900.0,2,7354.01,Personal Loan,221500.0,36,12.0,7356.97,0.33,0.0,1,2025-02-13,Approved,No,,0
LN003927,Rajesh Agarwal,Male,33.0,Single,BR014,Salaried,568300.0,815.0,2,4409.44,Personal Loan,143100.0,36,12.85,4811.27,0.19,0.0,0,2023-04-15,Approved,No,,0
LN004768,Priya Reddy,Female,21.0,Single,BR010,Business Owner,399100.0,659.0,0,0.0,Personal Loan,233200.0,24,14.41,11241.83,0.34,0.0,0,2025-03-07,Approved,No,,0
LN003280,Rohan Agarwal,Male,41.0,Single,BR002,Salaried,385900.0,861.0,3,7586.09,Auto Loan,252700.0,60,8.39,5171.14,0.4,0.0,1,2025-09-30,Approved,No,,0
LN000543,Deepak Rao,Male,44.0,Married,BR002,Salaried,603800.0,717.0,0,0.0,Auto Loan,474200.0,60,9.83,10035.73,0.2,0.0,0,2023-09-08,Approved,No,,0
LN005285,Rahul Chauhan,Male,28.0,Single,BR004,Salaried,595500.0,580.0,2,473.51,Home Loan,2796100.0,180,10.2,30390.07,0.62,2847200.0,0,2022-05-13,Approved,Yes,2024-03-11,163
LN003371,Suresh Gupta,Male,28.0,Single,BR007,Business Owner,,675.0,1,2200.64,Personal Loan,47400.0,36,14.25,1625.78,0.1,0.0,0,2022-05-26,Approved,Yes,2023-03-31,3
LN004602,Sai Das,Male,24.0,Married,BR010,Salaried,336500.0,604.0,3,394.74,Business Loan,441300.0,84,13.46,8138.89,0.3,535800.0,0,2023-05-26,Approved,Yes,2023-12-11,35
LN000695,Swati Patel,Female,24.0,Single,BR001,Salaried,335200.0,423.0,2,4942.72,Personal Loan,171900.0,36,16.77,0.0,0.4,0.0,0,2024-01-09,Rejected,No,,0
LN003880,Vivaan Chatterjee,Male,47.0,Married,BR007,Business Owner,215000.0,705.0,0,0.0,Education Loan,161900.0,60,10.95,3516.06,0.2,0.0,0,2024-01-28,Approved,Yes,2024-06-12,127
LN000901,Aadhya Das,Female,35.0,Divorced,BR012,Salaried,236400.0,692.0,1,3084.6,Personal Loan,26200.0,48,14.08,717.01,0.19,0.0,1,2022-04-16,Approved,No,,0
LN005305,Arjun Singh,Male,45.0,Single,BR010,Salaried,790800.0,734.0,1,11081.66,Auto Loan,431900.0,48,9.66,10883.71,0.33,0.0,1,2023-11-14,Approved,No,,0
LN001076,Pooja Kapoor,Female,21.0,Single,BR006,Self-Employed,756000.0,748.0,2,10201.03,Home Loan,4232100.0,240,8.52,0.0,0.75,5636600.0,0,2023-01-21,Rejected,No,,0
LN001191,Vikram Chauhan,Male,33.0,Single,BR009,Salaried,377000.0,815.0,6,5976.62,Home Loan,1878100.0,300,7.85,14309.36,0.65,2251300.0,0,2025-03-11,Approved,No,,0
LN000813,Aadhya Malhotra,Female,40.0,Married,BR004,Salaried,388700.0,770.0,1,7009.96,Gold Loan,50200.0,24,8.8,2288.77,0.29,50800.0,0,2025-10-20,Approved,No,,0
LN001631,Sunita Kapoor,Female,29.0,Married,BR001,Self-Employed,242700.0,647.0,0,0.0,Home Loan,986600.0,180,9.53,10320.19,0.51,1329700.0,2,2025-02-14,Approved,No,,0
LN000093,Vikram Chauhan,Male,37.0,Married,BR013,Salaried,646100.0,812.0,0,0.0,Auto Loan,301900.0,60,8.88,6249.38,0.12,0.0,0,2022-07-23,Approved,No,,0
LN002020,Suresh Verma,Male,32.0,Single,BR001,Salaried,552000.0,481.0,0,0.0,Auto Loan,231600.0,84,12.19,4111.94,0.09,0.0,0,2024-01-23,Approved,No,,0
LN004162,Geeta Rao,Female,36.0,Single,BR010,Salaried,278100.0,852.0,0,0.0,Home Loan,890400.0,240,7.48,7162.12,0.31,987600.0,0,2023-07-16,Approved,No,,0
LN000280,Sai Mehta,Male,34.0,Single,BR001,Self-Employed,245700.0,615.0,0,0.0,Auto Loan,249500.0,84,10.85,0.0,0.21,0.0,0,2022-07-09,Rejected,No,,0
LN002921,Geeta Verma,Female,42.0,Divorced,BR008,Salaried,183500.0,735.0,0,0.0,Personal Loan,86800.0,12,13.65,0.0,0.51,0.0,0,2023-08-29,Rejected,No,,0
LN005136,Aditya Chatterjee,Male,33.0,Single,BR015,Self-Employed,381200.0,765.0,2,3560.5,Personal Loan,156600.0,48,13.35,0.0,0.25,0.0,0,2022-12-18,Rejected,No,,0
LN000674,Ishita Nair,Female,22.0,Married,BR015,Business Owner,1605400.0,686.0,2,7303.21,Education Loan,1485100.0,60,11.14,32393.46,0.3,0.0,1,2024-11-15,Approved,No,,0
LN001086,Nikhil Pillai,Male,30.0,Single,BR006,Self-Employed,631400.0,629.0,0,0.0,Personal Loan,342400.0,24,14.71,0.0,0.31,0.0,2,2022-12-10,Rejected,No,,0
LN003339,Nikhil Naidu,Male,38.0,Single,BR003,Business Owner,102700.0,716.0,2,661.72,Education Loan,47200.0,120,10.84,0.0,0.15,0.0,0,2023-11-28,Rejected,No,,0
LN004140,Priya Chatterjee,Female,24.0,Married,BR002,Salaried,292700.0,749.0,0,0.0,Education Loan,137600.0,120,10.51,1857.48,0.08,0.0,0,2022-08-06,Approved,No,,0
LN000275,Priya Bhatt,Female,34.0,Married,BR014,Salaried,630100.0,720.0,0,0.0,Auto Loan,476400.0,36,9.8,0.0,0.29,0.0,1,2023-10-03,Rejected,No,,0
LN000880,Rohan Sharma,Male,58.0,Married,BR010,Business Owner,561500.0,674.0,0,0.0,Auto Loan,596100.0,48,10.26,0.0,0.32,0.0,1,2025-10-22,Rejected,No,,0
LN002402,Ishita Malhotra,Female,32.0,Single,BR007,Business Owner,298500.0,637.0,0,0.0,Personal Loan,160800.0,12,14.63,14485.48,0.58,0.0,1,2022-08-14,Approved,Yes,2023-03-19,80
LN000531,Anil Pillai,Male,25.0,Single,BR003,Salaried,578400.0,674.0,0,0.0,Home Loan,1901500.0,300,9.26,16297.22,0.34,2196500.0,1,2024-08-24,Approved,No,,0
LN000149,Amit Reddy,Male,29.0,Single,BR009,Salaried,403900.0,628.0,0,0.0,Personal Loan,190400.0,24,14.72,9206.55,0.27,0.0,2,2022-01-19,Approved,Yes,2022-05-04,53
LN000535,Deepak Joshi,Male,53.0,Married,BR012,Unemployed,180700.0,538.0,0,0.0,Personal Loan,97000.0,12,15.62,0.0,0.58,0.0,2,2022-06-24,Rejected,No,,0
LN005089,Riya Kapoor,Female,27.0,Single,BR002,Salaried,264600.0,497.0,0,0.0,Auto Loan,204100.0,48,12.03,5377.74,0.24,0.0,1,2022-11-03,Approved,No,,0
LN003712,Arjun Joshi,Male,22.0,Single,BR017,Salaried,286800.0,833.0,0,0.0,Education Loan,205400.0,84,9.67,3374.96,0.14,0.0,0,2023-05-20,Approved,No,,0
LN000861,Aarav Rao,Male,22.0,Divorced,BR018,Salaried,196900.0,533.0,0,0.0,Business Loan,99400.0,84,14.17,1872.1,0.11,117500.0,1,2025-12-18,Approved,No,,0
LN000376,Sai Mehta,Male,30.0,Married,BR005,Salaried,416000.0,693.0,1,2584.19,Education Loan,188200.0,120,11.07,2599.92,0.15,0.0,0,2025-05-02,Approved,Yes,2025-10-03,70
LN000018,Vikram Pillai,Male,41.0,Married,BR005,Salaried,544100.0,570.0,0,0.0,Business Loan,337600.0,24,13.8,16177.27,0.36,458500.0,2,2024-12-13,Approved,No,,0
LN001113,Rohan Nair,Male,26.0,Married,BR009,Salaried,362600.0,677.0,0,0.0,Gold Loan,60600.0,18,9.73,3631.93,0.12,79100.0,1,2022-01-19,Approved,Yes,2022-05-22,1
LN000686,Suresh Naidu,Male,50.0,Single,BR010,Self-Employed,833400.0,605.0,0,0.0,Business Loan,608900.0,24,13.45,0.0,0.42,623200.0,0,2022-08-01,Rejected,No,,0
LN001575,Geeta Singh,Female,26.0,Divorced,BR012,Salaried,721300.0,736.0,2,8300.09,Home Loan,2395500.0,120,8.64,29880.44,0.64,2575600.0,0,2025-01-29,Approved,No,,0
LN002241,Rajesh Verma,Male,26.0,Married,BR009,Self-Employed,311600.0,629.0,1,2884.51,Business Loan,417200.0,24,13.21,0.0,0.88,476700.0,0,2025-12-13,Rejected,No,,0
LN005395,Swati Rao,Female,38.0,Married,BR012,Business Owner,383000.0,641.0,2,5776.75,Education Loan,251500.0,84,11.59,4384.71,0.32,0.0,3,2024-03-25,Approved,Yes,2024-08-02,43
LN002525,Rekha Malhotra,Female,35.0,Married,BR010,Business Owner,1156000.0,611.0,2,14378.47,Auto Loan,661400.0,36,10.89,21618.95,0.37,0.0,0,2024-12-26,Approved,No,,0
LN002021,Rahul Chauhan,Male,36.0,Single,BR002,Self-Employed,287400.0,874.0,2,1778.29,Home Loan,1661300.0,300,7.26,12018.7,0.58,1910900.0,0,2023-03-25,Approved,No,,0
LN001416,Kavya Malhotra,Female,32.0,Married,BR010,Salaried,651000.0,672.0,0,0.0,Home Loan,3746800.0,120,9.28,48032.51,0.89,3805200.0,0,2025-05-23,Approved,No,,0
LN000659,Vihaan Pillai,Male,44.0,Single,BR018,Unemployed,117500.0,612.0,2,1736.1,Home Loan,562800.0,240,9.88,5386.47,0.73,638400.0,2,2025-08-09,Approved,Yes,2025-11-04,164
LN002389,Arjun Bhatt,Male,41.0,Divorced,BR005,Salaried,375900.0,630.0,0,0.0,Personal Loan,115900.0,24,14.7,5603.1,0.18,0.0,0,2025-01-22,Approved,No,,0
LN004059,Vivaan Chauhan,Male,32.0,Married,BR011,Self-Employed,286500.0,712.0,1,1998.82,Home Loan,1035700.0,180,8.88,10430.95,0.52,1296600.0,0,2024-05-18,Approved,No,,0
LN000534,Suresh Bhatt,Male,52.0,Single,BR002,Salaried,336900.0,538.0,1,1534.76,Education Loan,125700.0,60,12.62,2835.67,0.16,0.0,0,2024-08-10,Approved,No,,0
LN004068,Sunita Reddy,Female,25.0,Single,BR011,Salaried,328900.0,656.0,2,6680.7,Auto Loan,276000.0,48,10.44,7058.54,0.5,0.0,0,2023-12-17,Approved,No,,0
LN000124,Rahul Iyer,Male,27.0,Divorced,BR002,Business Owner,127900.0,780.0,2,1173.69,Home Loan,528100.0,300,8.2,4146.18,0.5,573600.0,0,2024-10-02,Approved,No,,0
LN002434,Arjun Kapoor,Male,34.0,Single,BR012,Salaried,488000.0,705.0,1,3627.58,Business Loan,1002900.0,84,12.45,17946.18,0.53,1080200.0,0,2023-03-15,Approved,No,,0
LN004944,Arjun Das,Male,22.0,Married,BR008,Salaried,469400.0,666.0,0,0.0,Home Loan,2045100.0,300,9.34,17641.04,0.45,2421900.0,0,2024-06-24,Approved,No,,0
LN002341,Saanvi Chatterjee,Female,37.0,Single,BR014,Self-Employed,216400.0,900.0,0,0.0,Personal Loan,124700.0,36,12.0,0.0,0.23,0.0,0,2024-03-16,Rejected,No,,0
LN001306,Swati Sharma,Female,59.0,Divorced,BR008,Salaried,162500.0,634.0,0,0.0,Personal Loan,90200.0,36,14.66,3111.82,0.23,0.0,0,2022-10-19,Approved,No,,0
LN003949,Riya Pillai,Female,42.0,Married,BR012,Salaried,607700.0,706.0,2,10124.61,Education Loan,472600.0,84,10.94,8077.16,0.36,0.0,0,2025-02-19,Approved,No,,0
LN002313,Aditya Pillai,Male,24.0,Single,BR001,Salaried,468100.0,808.0,0,0.0,Auto Loan,503900.0,60,8.92,10440.58,0.27,0.0,0,2023-08-12,Approved,No,,0
LN004294,Vivaan Pillai,Male,39.0,Married,BR002,Business Owner,630000.0,839.0,1,6937.4,Personal Loan,159100.0,48,12.61,4237.52,0.21,0.0,0,2024-02-27,Approved,No,,0
LN001398,Vihaan Das,Male,49.0,Single,BR002,Self-Employed,277200.0,847.0,0,0.0,Business Loan,604400.0,36,11.03,19795.87,0.86,653900.0,1,2025-05-25,Approved,No,,0
LN002633,Krishna Malhotra,Male,36.0,Single,BR011,Salaried,482100.0,621.0,0,0.0,Business Loan,518000.0,36,13.29,17525.91,0.44,646300.0,1,2022-10-25,Approved,No,,0
LN002278,Rahul Sharma,Male,22.0,Single,BR007,Salaried,329000.0,525.0,1,3956.17,Personal Loan,165900.0,36,15.75,5812.1,0.36,0.0,0,2022-04-19,Approved,Yes,2023-08-04,53
LN004069,Arjun Patel,Male,36.0,Married,BR001,Salaried,236800.0,,0,0.0,Personal Loan,62100.0,48,14.38,1708.84,0.09,0.0,0,2022-11-23,Approved,No,,0
LN005074,Diya Pillai,Female,40.0,Married,BR005,Business Owner,471100.0,530.0,1,1446.22,Education Loan,322200.0,60,12.7,7281.65,0.22,0.0,2,2024-07-22,Approved,No,,0
LN003034,Meera Chatterjee,Female,33.0,Single,BR014,Self-Employed,826200.0,586.0,0,0.0,Business Loan,854600.0,24,13.64,40886.62,0.59,1142700.0,2,2022-04-05,Approved,Yes,2023-05-29,18
LN002945,Nikhil Das,Male,36.0,Divorced,BR005,Salaried,637900.0,553.0,0,0.0,Business Loan,397600.0,60,13.97,0.0,0.17,469800.0,2,2024-11-08,Rejected,No,,0
LN002799,Sai Naidu,Male,45.0,Single,BR013,Business Owner,389500.0,621.0,1,3907.19,Personal Loan,180900.0,24,14.79,8753.2,0.39,0.0,1,2025-01-05,Approved,No,,0
LN000455,Vikram Iyer,Male,52.0,Married,BR010,Salaried,253900.0,735.0,0,0.0,Home Loan,1068700.0,120,8.65,13336.24,0.63,1080900.0,1,2025-05-25,Approved,Yes,2025-08-07,38
LN002319,Anjali Patel,Female,33.0,Single,BR016,Business Owner,551800.0,563.0,1,10229.05,Home Loan,2629200.0,240,10.37,26020.21,0.79,3508600.0,1,2022-02-03,Approved,No,,0
LN000023,Saanvi Singh,Female,37.0,Married,BR013,Business Owner,356800.0,789.0,0,0.0,Auto Loan,219700.0,60,9.11,4572.35,0.15,0.0,2,2025-09-26,Approved,Yes,2025-11-05,11
LN003999,Nikhil Reddy,Male,39.0,Single,BR002,Salaried,339200.0,774.0,1,1274.41,Personal Loan,84200.0,36,13.26,2847.59,0.15,0.0,1,2024-08-09,Approved,No,,0
LN004361,Diya Gupta,Female,21.0,Married,BR007,Self-Employed,215100.0,730.0,2,858.04,Home Loan,804100.0,120,8.7,10055.91,0.61,817900.0,0,2023-11-24,Approved,No,,0
LN003978,Ishita Mehta,Female,28.0,Single,BR012,Self-Employed,177700.0,608.0,4,168.69,Auto Loan,122200.0,60,10.92,2652.05,0.19,0.0,2,2024-01-26,Approved,No,,0
LN001362,Rekha Kapoor,Female,46.0,Single,BR018,Business Owner,670100.0,497.0,0,0.0,Education Loan,379700.0,60,13.03,8645.17,0.15,0.0,3,2024-05-27,Approved,Yes,2025-05-25,34
LN001071,Ishita Rao,Female,41.0,Single,BR008,Self-Employed,168000.0,633.0,0,0.0,Home Loan,906900.0,240,9.67,0.0,0.61,1212800.0,2,2023-05-16,Rejected,No,,0
LN001149,Amit Gupta,Male,22.0,Single,BR009,Self-Employed,1119400.0,831.0,0,0.0,Home Loan,4279200.0,120,7.69,51220.21,0.55,4914600.0,1,2025-05-29,Approved,No,,0
LN001683,Sai Chatterjee,Male,49.0,Married,BR009,Business Owner,465900.0,633.0,1,9255.84,Auto Loan,552300.0,48,10.67,14186.13,0.6,0.0,1,2024-10-15,Approved,Yes,2025-08-19,9
LN002557,Krishna Singh,Male,49.0,Divorced,BR009,Salaried,326100.0,618.0,0,0.0,Home Loan,1610300.0,120,9.82,21120.05,0.78,1836700.0,1,2025-01-30,Approved,No,,0
LN003669,Ishaan Sharma,Male,36.0,Single,BR002,Self-Employed,457000.0,668.0,0,0.0,Home Loan,1943500.0,180,9.32,20083.95,0.53,2401000.0,0,2023-12-13,Approved,No,,0
LN002285,Vivaan Joshi,Male,26.0,Married,BR009,Business Owner,493000.0,844.0,0,0.0,Auto Loan,513900.0,36,8.56,16236.85,0.4,0.0,0,2024-01-14,Approved,No,,0
LN004452,Anjali Mehta,Female,54.0,Single,BR001,Self-Employed,200700.0,575.0,0,0.0,Business Loan,256900.0,36,13.75,0.0,0.52,292000.0,0,2022-06-01,Rejected,No,,0
LN002549,Riya Bhatt,Female,50.0,Married,BR008,Self-Employed,497400.0,599.0,1,8205.74,Gold Loan,30200.0,12,10.51,0.0,0.26,32100.0,1,2023-03-10,Rejected,No,,0
LN002682,Vikram Agarwal,Male,40.0,Single,BR005,Salaried,268200.0,699.0,3,3536.59,Education Loan,237600.0,84,11.01,4069.54,0.34,0.0,0,2025-08-10,Approved,No,,0
LN002929,Kritika Pillai,Female,31.0,Divorced,BR018,Business Owner,169900.0,673.0,1,3147.59,Home Loan,766200.0,120,9.27,9818.21,0.92,795700.0,0,2024-02-12,Approved,Yes,2025-01-13,40
LN002144,Meera Verma,Female,45.0,Single,BR007,Salaried,838600.0,554.0,0,0.0,Personal Loan,477800.0,36,15.46,16670.93,0.24,0.0,0,2025-05-13,Approved,Yes,2025-09-11,59
LN002657,Sai Iyer,Male,34.0,Single,BR011,Self-Employed,463200.0,572.0,0,0.0,Home Loan,1834600.0,300,10.28,17034.5,0.44,2482200.0,0,2025-07-08,Approved,No,,0
LN004644,Ishita Nair,Female,29.0,Married,BR003,Salaried,333400.0,752.0,2,5559.1,Home Loan,1344600.0,240,8.48,11651.74,0.62,1390200.0,0,2024-04-30,Approved,No,,0
LN001004,Nikhil Reddy,Male,29.0,Married,BR006,Salaried,328000.0,855.0,0,0.0,Personal Loan,164700.0,12,12.45,14668.09,0.54,0.0,1,2022-12-01,Approved,No,,0
LN004044,Ishita Joshi,Female,,Single,BR001,Self-Employed,364000.0,718.0,1,4205.03,Business Loan,247300.0,60,12.32,5541.13,0.32,293400.0,0,2024-01-30,Approved,Yes,2025-02-17,15
LN004338,Reyansh Sharma,Male,48.0,Married,BR005,Business Owner,1112000.0,664.0,0,0.0,Personal Loan,216700.0,48,14.36,5960.85,0.06,0.0,0,2023-04-06,Approved,No,,0
LN001511,Geeta Chauhan,Female,40.0,Single,BR003,Salaried,521600.0,733.0,0,0.0,Auto Loan,301800.0,36,9.67,9691.55,0.22,0.0,0,2022-07-29,Approved,No,,0
LN002266,Manish Joshi,Male,46.0,Married,BR013,Salaried,1110500.0,708.0,4,7405.32,Home Loan,6059400.0,240,8.92,54206.62,0.67,7992500.0,0,2023-12-18,Approved,No,,0
LN005479,Sai Joshi,Male,30.0,Married,BR008,Business Owner,315500.0,784.0,1,2099.37,Personal Loan,44500.0,24,13.16,0.0,0.16,0.0,0,2023-01-06,Rejected,No,,0
LN000229,Riya Pillai,Female,38.0,Married,BR014,Salaried,340000.0,549.0,1,4216.88,Personal Loan,114100.0,36,15.51,0.0,0.29,0.0,4,2024-02-13,Rejected,No,,0
LN000435,Diya Rao,Female,21.0,Single,BR014,Salaried,550500.0,799.0,0,0.0,Home Loan,2321900.0,300,8.01,17936.18,0.39,2829400.0,1,2023-03-31,Approved,Yes,2024-08-27,1
LN004472,Rajesh Das,Male,29.0,Divorced,BR006,Salaried,456800.0,727.0,0,0.0,Home Loan,2361800.0,120,8.73,29574.26,0.78,2894500.0,0,2022-11-15,Approved,No,,0
LN003903,Saanvi Joshi,Female,44.0,Married,BR015,Salaried,408600.0,629.0,1,1520.04,Auto Loan,366900.0,48,10.71,0.0,0.32,0.0,0,2025-05-25,Rejected,No,,0
LN004697,Karthik Sharma,Male,25.0,Single,BR010,Salaried,505100.0,735.0,1,5509.48,Education Loan,180300.0,60,10.65,3888.76,0.22,0.0,1,2023-09-13,Approved,No,,0
LN002249,Kavya Pillai,Female,34.0,Single,BR009,Business Owner,911500.0,631.0,2,18478.88,Home Loan,3214800.0,240,9.69,30366.14,0.64,4235500.0,0,2022-04-04,Approved,Yes,2022-08-16,7
LN001292,Aadhya Agarwal,Female,42.0,Single,BR001,Salaried,431200.0,644.0,0,0.0,Auto Loan,435700.0,84,10.56,0.0,0.2,0.0,1,2024-04-28,Rejected,No,,0
LN003611,Sneha Patel,Female,39.0,Single,BR014,Salaried,267800.0,473.0,0,0.0,Auto Loan,284200.0,48,12.27,7521.81,0.34,0.0,0,2024-08-18,Approved,No,,0
LN002136,Pooja Joshi,Female,26.0,Married,BR003,Business Owner,674000.0,749.0,0,0.0,Auto Loan,750300.0,60,9.51,15761.36,0.28,0.0,0,2025-11-14,Approved,No,,0
LN001979,Divya Agarwal,Female,39.0,Married,BR006,Salaried,260800.0,713.0,1,3149.99,Personal Loan,145700.0,24,13.87,6986.53,0.47,0.0,0,2022-08-18,Approved,No,,0
LN002419,Divya Rao,Female,39.0,Divorced,BR010,Self-Employed,324900.0,510.0,0,0.0,Home Loan,1545700.0,180,10.9,0.0,0.65,2021300.0,2,2024-03-28,Rejected,No,,0
LN005308,Aarav Joshi,Male,29.0,Married,BR005,Salaried,950800.0,656.0,1,10338.51,Home Loan,3211100.0,300,9.44,27921.46,0.48,3669900.0,0,2024-08-18,Approved,No,,0
LN002615,Aadhya Rao,Female,22.0,Single,BR005,Self-Employed,906200.0,681.0,2,18418.86,Home Loan,3949400.0,300,9.19,33658.58,0.69,5141600.0,1,2025-11-29,Approved,No,,0
LN002974,Rajesh Iyer,Male,29.0,Married,BR011,Salaried,334800.0,443.0,1,4703.36,Home Loan,1145900.0,120,11.57,16156.76,0.75,1284500.0,1,2023-03-01,Approved,No,,0
LN003013,Kritika Sharma,Female,21.0,Married,BR010,Salaried,491600.0,712.0,0,0.0,Home Loan,2487000.0,120,8.88,31342.98,0.77,3170700.0,0,2024-08-13,Approved,No,,0
LN002522,Aarav Agarwal,Male,42.0,Married,BR008,Salaried,627600.0,537.0,1,11114.05,Education Loan,195400.0,60,12.63,0.0,0.3,0.0,1,2023-06-05,Rejected,No,,0
LN003389,Anjali Das,Female,31.0,Single,BR016,Salaried,365200.0,704.0,0,0.0,Personal Loan,45900.0,36,13.96,1567.86,0.05,0.0,0,2023-08-17,Approved,No,,0
LN000984,Sai Pillai,Male,21.0,Single,BR012,Business Owner,383800.0,744.0,1,1704.2,Auto Loan,246200.0,60,9.56,5177.88,0.22,0.0,0,2024-03-08,Approved,No,,0
LN000372,Shreya Gupta,Female,44.0,Single,BR002,Unemployed,93300.0,705.0,1,1461.36,Education Loan,92900.0,120,10.95,0.0,0.35,0.0,1,2023-09-01,Rejected,No,,0
LN002256,Karthik Rao,Male,30.0,Single,BR004,Salaried,380900.0,749.0,1,3219.03,Auto Loan,343100.0,36,9.51,10992.11,0.45,0.0,2,2023-03-12,Approved,No,,0
LN004459,Vivaan Mehta,Male,30.0,Married,BR009,Business Owner,284000.0,900.0,0,0.0,Education Loan,251500.0,60,9.0,5220.73,0.22,0.0,0,2025-11-24,Approved,No,,0
LN001912,Vikram Das,Male,51.0,Single,BR018,Salaried,591000.0,652.0,3,2370.15,Auto Loan,680400.0,36,10.48,0.0,0.5,0.0,2,2022-01-19,Rejected,No,,0
LN003004,Aditya Chauhan,Male,51.0,Single,BR008,Salaried,477600.0,493.0,0,0.0,Home Loan,1635000.0,240,11.07,0.0,0.43,1680100.0,2,2022-02-15,Rejected,No,,0
LN001549,Riya Mehta,Female,38.0,Married,BR013,Business Owner,618900.0,764.0,0,0.0,Home Loan,2014800.0,240,8.36,17306.79,0.34,2549900.0,0,2023-10-17,Approved,No,,0
LN001173,Anil Bhatt,Male,21.0,Single,BR012,Self-Employed,255600.0,755.0,1,3659.73,Gold Loan,26000.0,18,8.95,1548.94,0.24,30600.0,0,2025-07-22,Approved,No,,0
LN003128,Neha Malhotra,Female,21.0,Married,BR009,Self-Employed,448700.0,777.0,0,0.0,Business Loan,976200.0,24,11.73,0.0,1.23,1263100.0,0,2025-04-01,Rejected,No,,0
LN004177,Priya Iyer,Female,31.0,Single,BR012,Self-Employed,457200.0,649.0,2,3944.61,Personal Loan,238200.0,36,14.51,0.0,0.32,0.0,1,2022-12-22,Rejected,No,,0
LN004888,Rajesh Gupta,Male,23.0,Single,BR006,Self-Employed,880000.0,653.0,0,0.0,Education Loan,535300.0,36,11.47,0.0,0.24,0.0,0,2024-07-20,Rejected,No,,0
LN001837,Ishita Rao,Female,26.0,Divorced,BR001,Salaried,700100.0,685.0,3,4176.92,Auto Loan,797100.0,48,10.15,0.0,0.42,0.0,0,2025-07-24,Rejected,No,,0
LN001980,Ananya Patel,Female,42.0,Married,BR001,Salaried,1129600.0,846.0,2,19434.29,Personal Loan,154000.0,12,12.54,13721.65,0.35,0.0,0,2025-01-14,Approved,No,,0
LN003592,Sai Iyer,Male,32.0,Married,BR002,Self-Employed,702700.0,624.0,1,5100.93,Business Loan,562400.0,24,13.26,26806.25,0.54,751300.0,1,2024-06-24,Approved,Yes,2025-05-18,30
LN003500,Ishita Mehta,Female,44.0,Married,BR010,Business Owner,297200.0,477.0,1,5145.6,Education Loan,241100.0,60,13.23,0.0,0.43,0.0,0,2025-10-31,Rejected,No,,0
LN001871,Suresh Naidu,Male,38.0,Married,BR005,Salaried,374500.0,824.0,1,2364.62,Personal Loan,42900.0,24,12.76,2034.71,0.14,0.0,1,2023-01-09,Approved,No,,0
LN001078,Vivaan Reddy,Male,41.0,Married,BR017,Business Owner,139500.0,826.0,3,571.62,Business Loan,84300.0,36,11.24,2769.46,0.29,112300.0,1,2024-11-14,Approved,No,,0
LN004822,Amit Rao,Male,38.0,Married,BR008,Salaried,691700.0,661.0,1,12046.28,Home Loan,3932100.0,120,9.39,50643.9,1.09,4777400.0,0,2023-02-26,Approved,No,,0
LN003404,Kavya Das,Female,30.0,Married,BR012,Salaried,201800.0,718.0,2,3373.89,Auto Loan,96200.0,60,9.82,2035.46,0.32,0.0,2,2025-07-31,Approved,No,,0
LN004373,Deepak Reddy,Male,21.0,Single,BR002,Self-Employed,414100.0,563.0,0,0.0,Personal Loan,50000.0,48,15.37,0.0,0.04,0.0,1,2022-08-10,Rejected,No,,0
LN002133,Arjun Chatterjee,Male,36.0,Married,BR008,Salaried,576600.0,837.0,2,9067.42,Gold Loan,167600.0,24,8.13,7590.04,0.35,212900.0,0,2022-10-10,Approved,No,,0
LN001404,Aadhya Verma,Female,23.0,Married,BR016,Salaried,342900.0,806.0,2,1607.89,Personal Loan,86400.0,36,12.94,2908.66,0.16,0.0,0,2022-03-15,Approved,No,,0
LN005181,Nikhil Reddy,Male,33.0,Married,BR001,Salaried,201100.0,771.0,1,717.46,Business Loan,412800.0,60,11.79,9138.76,0.59,469600.0,1,2025-10-09,Approved,No,,0
LN000192,Geeta Naidu,Female,22.0,Single,BR013,Salaried,861800.0,479.0,1,7371.4,Home Loan,3651700.0,180,11.21,0.0,0.69,4494100.0,4,2023-07-29,Rejected,No,,0
LN000205,Arjun Mehta,Male,28.0,Married,BR007,Salaried,869900.0,678.0,0,0.0,Home Loan,3118700.0,240,9.22,28502.53,0.39,4122400.0,0,2023-11-27,Approved,No,,0
LN004903,Krishna Pillai,Male,33.0,Married,BR004,Salaried,514300.0,834.0,2,3957.35,Auto Loan,514000.0,48,8.66,12708.09,0.39,0.0,0,2024-10-06,Approved,No,,0
LN003165,Krishna Sharma,Male,35.0,Married,BR001,Salaried,308100.0,677.0,1,3900.14,Home Loan,1396900.0,240,9.23,0.0,0.65,1455600.0,2,2024-11-03,Rejected,No,,0
LN004455,Manish Verma,Male,50.0,Married,BR001,Salaried,652300.0,,1,9524.38,Personal Loan,280900.0,36,13.91,9588.22,0.35,0.0,1,2025-11-24,Approved,No,,0
LN002198,Amit Mehta,Male,47.0,Married,BR004,Salaried,370700.0,609.0,1,3358.7,Personal Loan,215600.0,12,14.91,19450.54,0.74,0.0,3,2024-04-11,Approved,No,,0
LN001956,Rahul Chatterjee,Male,45.0,Married,BR010,Salaried,253000.0,715.0,2,5249.24,Auto Loan,193200.0,60,9.85,0.0,0.44,0.0,1,2023-04-27,Rejected,No,,0
LN004926,Rekha Verma,Female,35.0,Single,BR001,Salaried,481700.0,583.0,0,0.0,Home Loan,1453900.0,240,10.17,14194.6,0.35,1913600.0,1,2023-07-12,Approved,No,,0
LN000199,Aarav Sharma,Male,32.0,Married,BR003,Salaried,599300.0,642.0,0,0.0,Personal Loan,306300.0,36,14.58,0.0,0.21,0.0,5,2023-11-18,Rejected,No,,0
LN002910,Divya Mehta,Female,24.0,Married,BR004,Salaried,463000.0,627.0,1,670.43,Home Loan,2589600.0,240,9.73,24528.73,0.65,2842700.0,2,2023-12-31,Approved,No,,0
LN002869,Vikram Gupta,Male,26.0,Single,BR006,Unemployed,90000.0,763.0,1,876.89,Home Loan,497600.0,240,8.37,0.0,0.69,590600.0,1,2025-04-18,Rejected,No,,0
LN002088,Aarav Agarwal,Male,45.0,Married,BR011,Business Owner,263900.0,636.0,1,1936.45,Business Loan,242000.0,24,13.14,11521.04,0.61,321500.0,3,2022-02-21,Approved,No,,0
LN000827,Aditya Patel,Male,37.0,Married,BR005,Business Owner,1039100.0,793.0,1,14928.65,Gold Loan,83300.0,12,8.57,7268.11,0.26,106000.0,0,2025-09-30,Approved,No,,0
LN000189,Shreya Agarwal,Female,21.0,Married,BR002,Salaried,241400.0,838.0,0,0.0,Business Loan,497900.0,24,11.12,23233.79,1.15,556300.0,1,2025-02-11,Approved,No,,0
LN002031,Vivaan Sharma,Male,23.0,Divorced,BR007,Business Owner,460000.0,694.0,0,0.0,Personal Loan,243700.0,12,14.06,0.0,0.57,0.0,1,2022-01-27,Rejected,No,,0
LN003848,Sunita Iyer,Female,37.0,Single,BR014,Salaried,162400.0,743.0,1,2156.23,Auto Loan,107200.0,48,9.57,0.0,0.36,0.0,1,2024-05-09,Rejected,No,,0
LN004545,Deepak Bhatt,Male,39.0,Single,BR007,Salaried,242100.0,753.0,0,0.0,Auto Loan,244700.0,36,9.47,7835.03,0.39,0.0,1,2025-08-31,Approved,No,,0
LN005500,Priya Bhatt,Female,35.0,Married,BR004,Salaried,512100.0,773.0,0,0.0,Home Loan,2850200.0,120,8.27,34988.76,0.82,3946600.0,2,2023-02-03,Approved,No,,0
LN005323,Aditya Mehta,Male,46.0,Married,BR002,Self-Employed,337200.0,516.0,0,0.0,Home Loan,1569200.0,180,10.84,17678.14,0.63,2045100.0,0,2023-04-25,Approved,Yes,2025-04-28,49
LN005058,Krishna Sharma,Male,46.0,Married,BR008,Salaried,444100.0,731.0,1,169.91,Auto Loan,229900.0,36,9.69,0.0,0.2,0.0,2,2025-03-08,Rejected,No,,0
LN005416,Saanvi Chauhan,Female,43.0,Single,BR007,Self-Employed,266300.0,699.0,0,0.0,Auto Loan,128700.0,60,10.01,0.0,0.12,0.0,1,2024-02-26,Rejected,No,,0
LN004679,Krishna Rao,Male,24.0,Single,BR005,Business Owner,284700.0,707.0,0,0.0,Personal Loan,89800.0,48,13.93,2450.77,0.1,0.0,0,2023-12-31,Approved,Yes,2024-02-21,75
LN000090,Aditya Iyer,Male,37.0,Married,BR002,Salaried,477000.0,681.0,2,5015.19,Auto Loan,374800.0,60,10.19,7998.48,0.33,0.0,1,2024-11-07,Approved,Yes,2025-10-13,49
LN002408,Vihaan Pillai,Male,35.0,Single,BR008,Business Owner,272000.0,717.0,2,5625.42,Gold Loan,41000.0,18,9.33,2449.71,0.36,44700.0,0,2025-03-27,Approved,No,,0
LN002692,Diya Singh,Female,36.0,Single,BR017,Salaried,268100.0,650.0,2,101.39,Auto Loan,263700.0,36,10.5,8570.89,0.39,0.0,0,2024-02-22,Approved,No,,0
LN000899,Aarav Iyer,Male,32.0,Divorced,BR004,Self-Employed,305900.0,675.0,0,0.0,Home Loan,1321300.0,300,9.25,11315.37,0.44,1793000.0,0,2023-04-30,Approved,No,,0
LN004914,Vikram Gupta,Male,21.0,Single,BR002,Salaried,229800.0,862.0,0,0.0,Home Loan,839200.0,240,7.38,6699.09,0.35,1145300.0,0,2023-06-25,Approved,No,,0
LN005046,Amit Verma,Male,38.0,Divorced,BR015,Self-Employed,894800.0,757.0,0,0.0,Education Loan,302000.0,84,10.43,0.0,0.07,0.0,1,2022-04-26,Rejected,No,,0
LN004689,Aadhya Mehta,Female,34.0,Married,BR010,Salaried,369100.0,550.0,2,3357.15,Auto Loan,223700.0,60,11.5,4919.75,0.27,0.0,0,2022-11-14,Approved,No,,0
LN001709,Nikhil Verma,Male,42.0,Married,BR003,Salaried,383700.0,663.0,1,2352.36,Gold Loan,90500.0,6,9.87,15520.51,0.56,118300.0,1,2022-05-09,Approved,No,,0
LN001877,Sunita Sharma,Female,33.0,Married,BR002,Salaried,323200.0,660.0,0,0.0,Home Loan,1613000.0,300,9.4,13980.77,0.52,1953700.0,0,2023-03-14,Approved,No,,0
LN001753,Priya Verma,Female,42.0,Married,BR008,Self-Employed,927400.0,719.0,2,1873.21,Home Loan,3750800.0,180,8.81,37620.34,0.51,4373800.0,0,2023-12-06,Approved,No,,0
LN002239,Rajesh Rao,Male,40.0,Single,BR002,Salaried,411800.0,699.0,0,0.0,Personal Loan,142500.0,12,14.01,12795.33,0.37,0.0,1,2022-02-06,Approved,No,,0
LN002605,Suresh Patel,Male,56.0,Single,BR013,Salaried,176400.0,847.0,0,0.0,Home Loan,802000.0,120,7.53,9532.44,0.65,1100000.0,1,2022-09-15,Approved,Yes,2025-04-24,102
LN003387,Kavya Kapoor,Female,32.0,Married,BR005,Business Owner,631300.0,682.0,1,9873.64,Education Loan,204500.0,84,11.18,3520.92,0.25,0.0,1,2025-04-30,Approved,No,,0
LN001957,Suresh Agarwal,Male,28.0,Married,BR002,Salaried,475800.0,704.0,0,0.0,Personal Loan,249500.0,48,13.96,6812.95,0.17,0.0,1,2024-04-21,Approved,No,,0
LN002457,Suresh Gupta,Male,45.0,Single,BR008,Self-Employed,699500.0,590.0,0,0.0,Business Loan,1240100.0,84,13.6,0.0,0.39,1660100.0,1,2025-11-26,Rejected,No,,0
LN002037,Sai Sharma,Male,34.0,Single,BR007,Salaried,325900.0,692.0,0,0.0,Home Loan,1944200.0,120,9.08,24712.56,0.91,2135400.0,1,2024-06-24,Approved,No,,0
LN002766,Rajesh Pillai,Male,28.0,Married,BR003,Business Owner,1001100.0,746.0,0,0.0,Auto Loan,413600.0,84,9.54,6768.35,0.08,0.0,2,2023-05-22,Approved,No,,0
LN003913,Saanvi Joshi,Female,40.0,Single,BR001,Self-Employed,251500.0,530.0,1,2439.85,Auto Loan,226900.0,84,11.7,0.0,0.31,0.0,2,2023-01-08,Rejected,No,,0
LN000771,Rajesh Agarwal,Male,37.0,Single,BR012,Salaried,430700.0,529.0,0,0.0,Personal Loan,167000.0,48,15.71,4708.06,0.13,0.0,1,2023-11-15,Approved,Yes,2025-02-15,104
LN005396,Reyansh Rao,Male,,Divorced,BR010,Salaried,261600.0,732.0,2,3234.45,Home Loan,1147600.0,120,8.68,14339.31,0.81,1348300.0,0,2022-07-12,Approved,No,,0
LN004949,Rahul Verma,Male,29.0,Single,BR005,Salaried,316600.0,686.0,1,4703.11,Personal Loan,176800.0,36,14.14,6054.63,0.41,0.0,0,2023-04-26,Approved,No,,0
LN003740,Vihaan Chatterjee,Male,39.0,Married,BR001,Self-Employed,158700.0,809.0,0,0.0,Home Loan,585400.0,180,7.91,0.0,0.42,643300.0,0,2024-08-17,Rejected,No,,0
LN005033,Reyansh Rao,Male,25.0,Divorced,BR001,Salaried,494500.0,713.0,1,7693.22,Personal Loan,112500.0,48,13.87,0.0,0.26,0.0,2,2022-02-28,Rejected,No,,0
LN000852,Rahul Naidu,Male,35.0,Divorced,BR016,Self-Employed,152400.0,595.0,1,2505.97,Education Loan,119600.0,60,12.05,0.0,0.41,0.0,1,2025-07-23,Rejected,No,,0
LN004720,Anil Kapoor,Male,31.0,Single,BR011,Self-Employed,371800.0,526.0,1,3065.49,Personal Loan,84200.0,12,15.74,0.0,0.35,0.0,0,2023-08-07,Rejected,No,,0
LN000867,Nikhil Chatterjee,Male,44.0,Married,BR002,Business Owner,1797000.0,666.0,0,0.0,Personal Loan,406500.0,48,14.34,11177.67,0.07,0.0,0,2023-04-21,Approved,No,,0
LN001663,Nikhil Kapoor,Male,56.0,Married,BR010,Salaried,535800.0,658.0,0,0.0,Personal Loan,316900.0,48,14.42,8726.67,0.2,0.0,0,2024-11-26,Approved,No,,0
LN004467,Vihaan Bhatt,Male,32.0,Married,BR003,Salaried,851600.0,700.0,2,11468.88,Gold Loan,205400.0,12,9.5,18010.19,0.42,224700.0,0,2025-12-23,Approved,No,,0
LN004716,Deepak Bhatt,Male,47.0,Married,BR001,Unemployed,338500.0,693.0,0,0.0,Gold Loan,25000.0,24,9.57,0.0,0.04,28300.0,0,2022-10-24,Rejected,No,,0
LN001482,Neha Singh,Female,34.0,Single,BR005,Self-Employed,820700.0,621.0,0,0.0,Personal Loan,406800.0,48,14.79,11278.29,0.16,0.0,1,2024-07-27,Approved,No,,0
LN001160,Vikram Chatterjee,Male,35.0,Single,BR002,Business Owner,523300.0,741.0,2,10054.54,Gold Loan,53300.0,6,9.09,9120.33,0.44,70300.0,0,2024-07-23,Approved,No,,0
LN001089,Rahul Iyer,Male,28.0,Divorced,BR013,Business Owner,310100.0,632.0,4,1974.9,Auto Loan,307300.0,48,10.68,0.0,0.38,0.0,4,2022-05-03,Rejected,No,,0
LN004176,Reyansh Das,Male,21.0,Married,BR016,Salaried,450600.0,683.0,3,5888.1,Home Loan,2682000.0,300,9.17,22820.29,0.76,2763300.0,0,2023-06-12,Approved,Yes,2025-03-10,26
LN001799,Anjali Patel,Female,26.0,Single,BR010,Business Owner,161300.0,664.0,2,1964.65,Personal Loan,37400.0,12,14.36,0.0,0.4,0.0,2,2025-04-16,Rejected,No,,0
LN000666,Krishna Agarwal,Male,59.0,Married,BR004,Business Owner,857100.0,597.0,0,0.0,Home Loan,2625000.0,180,10.03,28256.58,0.4,3045700.0,1,2025-05-11,Approved,No,,0
LN000320,Aadhya Rao,Female,23.0,Married,BR015,Self-Employed,410200.0,603.0,0,0.0,Personal Loan,50600.0,12,14.97,0.0,0.13,0.0,0,2025-12-06,Rejected,No,,0
LN004429,Aditya Bhatt,Male,34.0,Married,BR003,Salaried,,702.0,1,1039.95,Auto Loan,415600.0,48,9.98,10536.7,0.39,0.0,0,2023-07-27,Approved,No,,0
LN003309,Aarav Naidu,Male,45.0,Single,BR005,Unemployed,181800.0,805.0,1,1871.93,Gold Loan,25000.0,24,8.45,0.0,0.2,28900.0,0,2025-11-12,Rejected,No,,0
LN001507,Riya Reddy,Female,53.0,Married,BR005,Business Owner,504800.0,621.0,1,912.03,Home Loan,2089200.0,120,9.79,0.0,0.67,2873000.0,1,2025-09-14,Rejected,No,,0
LN005343,Sai Verma,Male,21.0,Single,BR010,Unemployed,237400.0,706.0,1,3008.18,Personal Loan,124300.0,48,13.94,0.0,0.32,0.0,0,2024-01-13,Rejected,No,,0
LN003075,Riya Chatterjee,Female,43.0,Married,BR006,Salaried,233900.0,713.0,1,1210.28,Home Loan,1241700.0,300,8.87,10309.99,0.59,1302300.0,1,2024-04-29,Approved,No,,0
LN004763,Manish Nair,Male,48.0,Married,BR008,Salaried,200700.0,787.0,0,0.0,Personal Loan,25000.0,48,13.13,672.3,0.04,0.0,0,2024-07-24,Approved,No,,0
LN000736,Rajesh Chauhan,Male,37.0,Divorced,BR011,Salaried,305200.0,766.0,1,5845.75,Personal Loan,117200.0,12,13.34,0.0,0.64,0.0,1,2024-09-02,Rejected,No,,0
LN004825,Pooja Kapoor,Female,21.0,Married,BR015,Unemployed,149100.0,670.0,0,0.0,Home Loan,573900.0,120,9.3,0.0,0.59,749000.0,1,2025-12-02,Rejected,No,,0
LN002747,Arjun Patel,Male,40.0,Married,BR002,Salaried,818700.0,839.0,0,0.0,Auto Loan,367600.0,84,8.61,5841.85,0.09,0.0,0,2024-03-24,Approved,No,,0
LN001846,Meera Naidu,Female,27.0,Married,BR004,Business Owner,297900.0,695.0,0,0.0,Personal Loan,167000.0,24,14.05,0.0,0.32,0.0,0,2022-01-16,Rejected,No,,0
LN002386,Vivaan Patel,Male,21.0,Married,BR006,Salaried,367900.0,501.0,0,0.0,Auto Loan,372500.0,60,11.99,8284.17,0.27,0.0,1,2022-08-11,Approved,No,,0
LN004917,Vihaan Kapoor,Male,21.0,Married,BR003,Salaried,499200.0,531.0,1,2918.21,Personal Loan,119900.0,24,15.69,5852.93,0.21,0.0,0,2023-02-08,Approved,Yes,2023-06-07,46
LN003755,Vivaan Verma,Male,34.0,Married,BR011,Salaried,713100.0,599.0,0,0.0,Education Loan,638600.0,120,12.01,9165.75,0.15,0.0,2,2025-06-21,Approved,Yes,2025-11-18,9
LN004469,Ananya Pillai,Female,48.0,Single,BR002,Salaried,602700.0,626.0,0,0.0,Auto Loan,370300.0,60,10.74,8003.29,0.16,0.0,0,2022-04-22,Approved,Yes,2024-03-27,42
LN001731,Kritika Bhatt,Female,39.0,Divorced,BR012,Business Owner,1515100.0,732.0,2,1862.28,Business Loan,1869400.0,84,12.18,33180.24,0.28,1923500.0,0,2025-03-11,Approved,No,,0
LN004708,Amit Patel,Male,,Married,BR004,Business Owner,418800.0,819.0,0,0.0,Gold Loan,103400.0,12,8.31,9009.43,0.26,137300.0,0,2023-12-17,Approved,No,,0
LN004501,Suresh Kapoor,Male,,Single,BR010,Business Owner,410500.0,698.0,0,0.0,Personal Loan,91300.0,24,14.02,0.0,0.13,0.0,1,2025-09-08,Rejected,No,,0
LN004449,Aditya Pillai,Male,,Married,BR008,Salaried,869500.0,597.0,0,0.0,Auto Loan,930200.0,48,11.03,0.0,0.33,0.0,1,2025-04-26,Rejected,No,,0
LN002221,Arjun Iyer,Male,34.0,Married,BR007,Business Owner,244400.0,778.0,2,828.68,Home Loan,1169300.0,300,8.22,9195.92,0.49,1344900.0,0,2023-09-05,Approved,No,,0
LN005435,Nikhil Sharma,Male,28.0,Single,BR005,Salaried,546100.0,699.0,2,4618.84,Auto Loan,615600.0,60,10.01,13082.71,0.39,0.0,0,2023-04-04,Approved,No,,0
LN003056,Sai Malhotra,Male,30.0,Married,BR013,Salaried,579100.0,472.0,0,0.0,Personal Loan,103300.0,48,16.28,2942.39,0.06,0.0,2,2022-04-05,Approved,No,,0
LN005330,Reyansh Singh,Male,34.0,Married,BR007,Business Owner,652800.0,649.0,1,12162.25,Education Loan,339600.0,36,11.51,11200.27,0.43,0.0,1,2022-04-15,Approved,No,,0
LN005095,Vivaan Chatterjee,Male,30.0,Married,BR015,Unemployed,90000.0,777.0,1,181.65,Personal Loan,39900.0,36,13.23,1348.81,0.2,0.0,0,2025-01-01,Approved,No,,0
LN003962,Aditya Gupta,Male,43.0,Married,BR009,Salaried,446600.0,859.0,1,1221.3,Personal Loan,143100.0,48,12.41,3797.24,0.13,0.0,1,2025-11-19,Approved,No,,0
LN000428,Amit Singh,Male,43.0,Married,BR016,Self-Employed,481800.0,702.0,0,0.0,Home Loan,1481200.0,180,8.98,15005.7,0.37,2052800.0,1,2022-04-21,Approved,No,,0
LN001767,Amit Malhotra,Male,40.0,Single,BR007,Salaried,664200.0,899.0,1,7907.92,Home Loan,3307200.0,120,7.01,38416.44,0.84,3983900.0,0,2025-12-23,Approved,No,,0
LN004496,Aarav Singh,Male,39.0,Married,BR007,Self-Employed,653900.0,683.0,0,0.0,Auto Loan,358800.0,48,10.17,9129.42,0.17,0.0,0,2022-09-05,Approved,No,,0
LN005270,Anil Sharma,Male,32.0,Single,BR012,Salaried,347800.0,670.0,2,5224.44,Home Loan,1695000.0,120,9.3,21747.71,0.93,1877400.0,0,2025-02-10,Approved,No,,0
LN004666,Riya Chauhan,Female,35.0,Married,BR009,Self-Employed,396300.0,741.0,2,1947.25,Personal Loan,107500.0,24,13.59,5140.59,0.21,0.0,0,2024-04-08,Approved,No,,0
LN005229,Aarav Chatterjee,Male,37.0,Single,BR007,Salaried,228500.0,631.0,1,2833.3,Education Loan,95700.0,120,11.69,1355.92,0.22,0.0,0,2024-11-29,Approved,Yes,2025-11-28,24
LN001226,Ishaan Sharma,Male,29.0,Single,BR011,Salaried,519700.0,857.0,1,4818.47,Auto Loan,427400.0,36,8.43,13478.11,0.42,0.0,0,2024-09-12,Approved,No,,0
LN001009,Swati Bhatt,Female,33.0,Single,BR002,Self-Employed,128600.0,651.0,1,1477.53,Personal Loan,25000.0,36,14.49,0.0,0.22,0.0,2,2023-07-11,Rejected,No,,0
LN000720,Ishaan Chatterjee,Male,33.0,Married,BR005,Business Owner,1086800.0,694.0,0,0.0,Personal Loan,335100.0,36,14.06,11462.69,0.13,0.0,1,2023-06-22,Approved,No,,0
LN004370,Pooja Kapoor,Female,29.0,Married,BR008,Business Owner,155300.0,554.0,0,0.0,Home Loan,864400.0,300,10.46,8136.82,0.63,968800.0,0,2022-05-03,Approved,No,,0
LN000953,Rajesh Singh,Male,53.0,Single,BR015,Salaried,636000.0,691.0,0,0.0,Personal Loan,130900.0,48,14.09,3582.95,0.07,0.0,1,2024-09-02,Approved,No,,0
LN001875,Karthik Gupta,Male,40.0,Single,BR005,Salaried,427600.0,626.0,1,8109.87,Education Loan,293600.0,84,11.74,5142.11,0.37,0.0,1,2023-04-21,Approved,No,,0
LN002713,Suresh Reddy,Male,49.0,Single,BR002,Salaried,316900.0,695.0,1,2493.9,Home Loan,1756900.0,180,9.05,17871.94,0.77,2244400.0,0,2022-02-25,Approved,No,,0
LN002366,Amit Sharma,Male,23.0,Single,BR004,Salaried,692100.0,729.0,0,0.0,Personal Loan,227100.0,48,13.71,6172.86,0.11,0.0,0,2025-02-16,Approved,No,,0
LN000768,Nikhil Patel,Male,39.0,Single,BR008,Salaried,851500.0,680.0,0,0.0,Gold Loan,97900.0,6,9.7,16781.39,0.24,107800.0,0,2023-04-27,Approved,No,,0
LN001540,Vivaan Verma,Male,44.0,Single,BR005,Self-Employed,540000.0,759.0,0,0.0,Auto Loan,433000.0,84,9.41,0.0,0.16,0.0,0,2024-01-23,Rejected,No,,0
LN000882,Aditya Kapoor,Male,37.0,Divorced,BR003,Business Owner,1168800.0,634.0,2,19778.81,Personal Loan,195100.0,48,14.66,0.0,0.26,0.0,2,2025-07-07,Rejected,No,,0
LN003655,Meera Gupta,Female,32.0,Single,BR006,Salaried,503800.0,603.0,1,334.03,Business Loan,905200.0,36,13.47,30705.09,0.74,1018000.0,0,2022-03-05,Approved,No,,0
LN004241,Deepak Naidu,Male,29.0,Single,BR009,Self-Employed,613300.0,812.0,2,10289.85,Business Loan,1402500.0,60,11.38,0.0,0.8,1676600.0,1,2022-09-29,Rejected,No,,0
LN004108,Amit Pillai,Male,,Single,BR009,Salaried,306900.0,521.0,0,0.0,Auto Loan,365400.0,36,11.79,12099.89,0.47,0.0,3,2025-12-08,Approved,No,,0
LN003100,Deepak Nair,Male,28.0,Single,BR004,Salaried,534500.0,868.0,1,9442.33,Auto Loan,629300.0,60,8.32,12856.53,0.5,0.0,0,2024-05-05,Approved,No,,0
LN002343,Rekha Mehta,Female,31.0,Married,BR001,Business Owner,719100.0,713.0,0,0.0,Home Loan,2576100.0,300,8.87,21389.67,0.36,3169500.0,0,2024-11-05,Approved,No,,0
LN002565,Vivaan Malhotra,Male,43.0,Married,BR009,Salaried,751200.0,736.0,1,10705.03,Home Loan,4315200.0,120,8.64,53825.95,1.03,5687800.0,1,2024-11-28,Approved,Yes,2025-11-20,1
LN004493,Anjali Sharma,Female,25.0,Married,BR001,Self-Employed,319800.0,640.0,0,0.0,Personal Loan,65400.0,36,14.6,2254.32,0.08,0.0,1,2025-01-11,Approved,Yes,2025-02-28,35
LN000462,Manish Rao,Male,21.0,Single,BR003,Business Owner,2097700.0,658.0,0,0.0,Home Loan,11883800.0,240,9.42,110152.52,0.63,12160400.0,1,2025-12-25,Approved,No,,0
LN001697,Geeta Pillai,Female,47.0,Married,BR005,Business Owner,1222600.0,742.0,1,4251.11,Home Loan,7002300.0,120,8.58,87118.39,0.9,8762500.0,0,2022-06-29,Approved,No,,0
LN002205,Vihaan Mehta,Male,29.0,Married,BR016,Salaried,587700.0,789.0,1,5141.98,Personal Loan,350200.0,36,13.11,11818.19,0.35,0.0,0,2023-06-17,Approved,No,,0
LN002197,Kritika Chauhan,Female,38.0,Married,BR008,Salaried,392100.0,770.0,0,0.0,Business Loan,516300.0,24,11.8,24255.84,0.74,626800.0,0,2022-08-12,Approved,No,,0
LN005230,Geeta Iyer,Female,21.0,Married,BR009,Self-Employed,248400.0,480.0,1,2745.26,Auto Loan,260000.0,48,12.2,0.0,0.46,0.0,1,2024-05-14,Rejected,No,,0
LN000811,Shreya Singh,Female,59.0,Married,BR003,Salaried,347600.0,485.0,0,0.0,Education Loan,161700.0,120,13.15,2428.68,0.08,0.0,2,2025-09-14,Approved,No,,0
LN003393,Vivaan Rao,Male,21.0,Married,BR017,Salaried,455300.0,770.0,2,5755.67,Business Loan,589900.0,36,11.8,19536.82,0.67,649600.0,0,2025-04-08,Approved,No,,0
LN000640,Rekha Joshi,Female,48.0,Single,BR008,Salaried,758400.0,644.0,1,14740.65,Business Loan,935300.0,24,13.06,44492.23,0.94,1271300.0,1,2023-07-30,Approved,No,,0
LN001159,Swati Bhatt,Female,51.0,Single,BR008,Salaried,605700.0,662.0,0,0.0,Home Loan,3127700.0,120,9.38,40266.46,0.8,3734700.0,0,2022-10-21,Approved,No,,0
LN003193,Ishaan Reddy,Male,38.0,Single,BR010,Self-Employed,664600.0,625.0,0,0.0,Auto Loan,550300.0,36,10.75,0.0,0.32,0.0,2,2025-12-19,Rejected,No,,0
LN005128,Sai Malhotra,Male,27.0,Married,BR003,Business Owner,1690100.0,700.0,1,1804.32,Business Loan,1170500.0,60,12.5,0.0,0.2,1374800.0,1,2025-02-03,Rejected,No,,0
LN003851,Sneha Iyer,Female,30.0,Married,BR009,Salaried,832500.0,900.0,0,0.0,Auto Loan,891800.0,48,8.0,21771.44,0.31,0.0,1,2024-06-14,Approved,Yes,2025-01-18,87
LN003857,Vihaan Kapoor,Male,44.0,Divorced,BR017,Business Owner,557700.0,724.0,1,827.21,Auto Loan,321400.0,84,9.76,5295.85,0.13,0.0,0,2024-07-19,Approved,No,,0
LN000873,Suresh Bhatt,Male,39.0,Married,BR001,Salaried,354400.0,613.0,2,92.28,Business Loan,448500.0,24,13.37,0.0,0.73,478900.0,2,2023-02-08,Rejected,No,,0
LN002957,Diya Joshi,Female,37.0,Married,BR008,Salaried,311300.0,680.0,0,0.0,Business Loan,167000.0,24,12.7,7915.97,0.31,169600.0,1,2022-08-28,Approved,No,,0
LN004600,Ishaan Joshi,Male,,Married,BR016,Salaried,620700.0,578.0,1,7776.71,Gold Loan,107000.0,6,10.72,0.0,0.51,107700.0,1,2024-03-17,Rejected,No,,0
LN004125,Rekha Sharma,Female,46.0,Married,BR002,Business Owner,116000.0,721.0,0,0.0,Gold Loan,30800.0,12,9.29,2697.65,0.28,35700.0,0,2024-09-06,Approved,No,,0
LN004325,Reyansh Reddy,Male,44.0,Single,BR007,Salaried,238100.0,857.0,3,1970.04,Personal Loan,56900.0,12,12.43,5066.95,0.35,0.0,1,2022-07-19,Approved,No,,0
LN000316,Aditya Gupta,Male,28.0,Married,BR007,Salaried,290900.0,,0,0.0,Business Loan,485800.0,24,12.29,22934.14,0.95,558400.0,1,2025-01-11,Approved,No,,0
LN003707,Aditya Agarwal,Male,45.0,Single,BR002,Self-Employed,321600.0,652.0,0,0.0,Personal Loan,125600.0,12,14.48,0.0,0.42,0.0,1,2023-09-22,Rejected,No,,0
LN003333,Kritika Gupta,Female,21.0,Married,BR008,Salaried,728900.0,612.0,3,3351.58,Home Loan,3952600.0,240,9.88,37829.73,0.68,4486900.0,1,2023-10-18,Approved,No,,0
LN001695,Shreya Agarwal,Female,40.0,Married,BR013,Business Owner,558600.0,632.0,1,2696.26,Personal Loan,145100.0,36,14.68,5007.23,0.17,0.0,2,2023-09-23,Approved,No,,0
LN002784,Krishna Reddy,Male,49.0,Single,BR012,Salaried,492300.0,701.0,1,9223.49,Home Loan,2037100.0,300,8.99,17081.32,0.64,2129100.0,1,2024-05-30,Approved,No,,0
LN000493,Rekha Reddy,Female,38.0,Married,BR001,Salaried,1134900.0,764.0,0,0.0,Personal Loan,359800.0,36,13.36,12185.57,0.13,0.0,1,2024-11-25,Approved,No,,0
LN003831,Aarav Rao,Male,43.0,Single,BR003,Business Owner,376200.0,633.0,2,3969.97,Gold Loan,79900.0,12,10.17,7030.8,0.35,87700.0,0,2025-08-29,Approved,Yes,2025-10-01,99
LN003083,Vikram Agarwal,Male,43.0,Single,BR005,Self-Employed,464400.0,537.0,0,0.0,Personal Loan,78500.0,24,15.63,3829.74,0.1,0.0,0,2022-05-05,Approved,No,,0
LN000871,Suresh Rao,Male,22.0,Married,BR006,Salaried,270500.0,627.0,0,0.0,Auto Loan,127200.0,36,10.73,4148.12,0.18,0.0,1,2022-07-01,Approved,No,,0
LN004014,Meera Verma,Female,30.0,Single,BR006,Salaried,204400.0,672.0,0,0.0,Gold Loan,43900.0,6,9.78,7526.79,0.44,46900.0,0,2023-06-07,Approved,No,,0
LN001576,Reyansh Kapoor,Male,34.0,Single,BR002,Business Owner,313700.0,550.0,1,5666.56,Education Loan,194100.0,60,12.5,4366.85,0.38,0.0,2,2024-02-26,Approved,Yes,2024-04-01,49
LN002497,Krishna Pillai,Male,26.0,Single,BR007,Salaried,673800.0,805.0,0,0.0,Home Loan,3334800.0,240,7.95,27789.92,0.49,4228700.0,0,2025-11-29,Approved,No,,0
LN004786,Aditya Nair,Male,39.0,Married,BR001,Salaried,638800.0,751.0,0,0.0,Home Loan,3183500.0,300,8.49,25612.95,0.48,4152800.0,0,2022-12-14,Approved,No,,0
LN001616,Arjun Patel,Male,33.0,Single,BR008,Self-Employed,1484200.0,820.0,0,0.0,Education Loan,855100.0,84,9.8,0.0,0.11,0.0,1,2025-06-08,Rejected,No,,0
LN004587,Kritika Bhatt,Female,32.0,Single,BR001,Salaried,767600.0,900.0,2,15541.48,Home Loan,3722900.0,240,7.0,28863.6,0.69,5047400.0,0,2025-08-30,Approved,No,,0
LN000662,Vihaan Patel,Male,48.0,Married,BR003,Salaried,477000.0,721.0,0,0.0,Personal Loan,224000.0,12,13.79,20090.19,0.51,0.0,0,2022-06-30,Approved,No,,0
LN002320,Kavya Pillai,Female,,Married,BR007,Business Owner,1444700.0,708.0,0,0.0,Personal Loan,580000.0,48,13.92,15826.09,0.13,0.0,0,2022-06-06,Approved,No,,0
LN003229,Reyansh Reddy,Male,32.0,Single,BR016,Unemployed,123200.0,775.0,1,2419.15,Home Loan,560100.0,120,8.25,0.0,0.9,577600.0,0,2024-01-06,Rejected,No,,0
LN001899,Vikram Patel,Male,43.0,Married,BR002,Business Owner,1912300.0,544.0,0,0.0,Gold Loan,427800.0,12,11.06,37821.65,0.24,507400.0,0,2024-07-05,Approved,No,,0
LN002882,Aadhya Verma,Female,27.0,Married,BR007,Self-Employed,519800.0,595.0,1,9103.3,Personal Loan,161300.0,24,15.05,0.0,0.39,0.0,1,2023-02-06,Rejected,No,,0
LN003362,Ananya Reddy,Female,30.0,Married,BR012,Salaried,473500.0,825.0,2,8011.83,Personal Loan,126500.0,48,12.75,3378.0,0.29,0.0,0,2025-12-06,Approved,No,,0
LN002802,Kritika Pillai,Female,40.0,Married,BR011,Self-Employed,848500.0,595.0,1,4264.02,Business Loan,1411300.0,84,13.55,26098.19,0.43,1801900.0,1,2024-01-15,Approved,No,,0
LN001301,Ishaan Iyer,Male,32.0,Single,BR002,Self-Employed,663500.0,801.0,1,1429.25,Business Loan,1121600.0,60,11.49,24661.28,0.47,1152500.0,1,2023-04-13,Approved,No,,0
LN004849,Reyansh Bhatt,Male,37.0,Single,BR008,Self-Employed,750000.0,853.0,0,0.0,Business Loan,1151800.0,84,10.97,19703.46,0.32,1523100.0,0,2024-01-31,Approved,No,,0
LN001898,Meera Kapoor,Female,39.0,Single,BR005,Salaried,514200.0,580.0,1,2439.06,Business Loan,335100.0,24,13.7,0.0,0.43,372100.0,2,2022-12-12,Rejected,No,,0
LN000342,Rajesh Gupta,Male,25.0,Married,BR003,Salaried,588300.0,496.0,2,1436.98,Auto Loan,267400.0,48,12.04,0.0,0.17,0.0,0,2022-06-18,Rejected,No,,0
LN000917,Nikhil Kapoor,Male,26.0,Single,BR008,Self-Employed,795700.0,547.0,1,4255.99,Personal Loan,282200.0,12,15.53,0.0,0.45,0.0,1,2024-04-01,Rejected,No,,0
LN003516,Sai Nair,Male,47.0,Single,BR010,Salaried,614200.0,620.0,0,0.0,Home Loan,3430300.0,240,9.8,32649.88,0.64,4732700.0,2,2023-05-07,Approved,No,,0
LN003839,Manish Verma,Male,41.0,Married,BR004,Business Owner,725100.0,610.0,0,0.0,Home Loan,3569600.0,300,9.9,32185.69,0.53,4336500.0,2,2022-09-03,Approved,No,,0
LN004709,Arjun Das,Male,41.0,Married,BR011,Business Owner,171000.0,691.0,0,0.0,Home Loan,919600.0,240,9.09,8327.18,0.58,1208600.0,1,2023-12-30,Approved,No,,0
LN000978,Karthik Malhotra,Male,,Divorced,BR004,Salaried,648200.0,656.0,0,0.0,Personal Loan,230500.0,24,14.44,11114.94,0.21,0.0,0,2023-03-16,Approved,No,,0
LN000926,Vikram Patel,Male,40.0,Married,BR012,Business Owner,1465400.0,614.0,1,10706.68,Business Loan,3534200.0,84,13.36,64987.76,0.62,4230700.0,1,2024-07-10,Approved,No,,0
LN003940,Manish Reddy,Male,39.0,Divorced,BR016,Salaried,429600.0,728.0,2,99.03,Education Loan,249800.0,84,10.72,4240.5,0.12,0.0,1,2025-05-01,Approved,Yes,2025-05-31,34
LN001471,Suresh Gupta,Male,21.0,Married,BR007,Business Owner,268900.0,700.0,0,0.0,Home Loan,1295500.0,120,9.0,16410.85,0.73,1695900.0,1,2025-07-23,Approved,No,,0
LN000017,Neha Das,Female,40.0,Single,BR005,Salaried,575800.0,571.0,0,0.0,Personal Loan,327400.0,12,15.29,29595.39,0.62,0.0,0,2023-02-11,Approved,No,,0
LN002809,Neha Mehta,Female,23.0,Divorced,BR007,Self-Employed,525300.0,645.0,0,0.0,Personal Loan,213300.0,24,14.55,10296.66,0.24,0.0,0,2022-08-01,Approved,No,,0
LN003496,Rahul Nair,Male,36.0,Married,BR012,Salaried,222700.0,846.0,2,604.21,Gold Loan,37200.0,6,8.04,6346.2,0.37,43900.0,0,2022-09-02,Approved,No,,0
LN004123,Arjun Reddy,Male,37.0,Married,BR009,Self-Employed,397100.0,759.0,0,0.0,Auto Loan,424800.0,84,9.41,6923.36,0.21,0.0,1,2024-02-10,Approved,No,,0
LN004392,Ishita Chatterjee,Female,37.0,Married,BR011,Salaried,526200.0,693.0,1,578.07,Business Loan,1206500.0,24,12.57,57115.83,1.32,1252000.0,0,2025-12-06,Approved,No,,0
LN003552,Shreya Iyer,Female,27.0,Married,BR005,Business Owner,213900.0,755.0,1,2418.09,Business Loan,194300.0,60,11.95,4317.19,0.38,239300.0,2,2024-01-04,Approved,No,,0
LN003898,Riya Kapoor,Female,37.0,Married,BR003,Unemployed,113900.0,711.0,1,857.57,Business Loan,69000.0,60,12.39,1548.5,0.25,79800.0,0,2022-08-09,Approved,No,,0
LN005482,Swati Agarwal,Female,21.0,Single,BR009,Salaried,1094800.0,808.0,2,11736.4,Home Loan,3545400.0,120,7.92,42865.76,0.6,4200100.0,0,2025-11-05,Approved,No,,0
LN001824,Manish Gupta,Male,51.0,Married,BR018,Salaried,231600.0,636.0,1,4050.58,Auto Loan,98100.0,84,10.64,1661.2,0.3,0.0,0,2023-02-13,Approved,No,,0
LN002743,Rahul Iyer,Male,23.0,Married,BR012,Salaried,218000.0,641.0,1,252.74,Home Loan,1226100.0,180,9.59,12869.91,0.72,1570300.0,4,2024-06-04,Approved,Yes,2025-03-23,18
LN002689,Diya Sharma,Female,42.0,Divorced,BR014,Business Owner,582600.0,813.0,0,0.0,Auto Loan,543300.0,84,8.87,8705.39,0.18,0.0,2,2023-05-01,Approved,No,,0
LN004107,Priya Malhotra,Female,42.0,Single,BR009,Salaried,470600.0,645.0,0,0.0,Auto Loan,396100.0,36,10.55,12883.56,0.33,0.0,2,2022-04-08,Approved,No,,0
LN002331,Aadhya Naidu,Female,45.0,Married,BR012,Salaried,519300.0,900.0,1,6122.31,Auto Loan,231900.0,36,8.0,7266.9,0.31,0.0,0,2022-10-12,Approved,No,,0
LN002140,Vikram Bhatt,Male,35.0,Single,BR003,Salaried,404900.0,477.0,1,930.16,Education Loan,5160000.0,120,13.23,5183.06,0.18,0.0,1,2022-05-03,Approved,No,,0
LN003257,Kavya Naidu,Female,21.0,Single,BR001,Self-Employed,377000.0,778.0,0,0.0,Personal Loan,209400.0,12,13.22,18724.66,0.6,0.0,0,2024-03-20,Approved,No,,0
LN001747,Sai Kapoor,Male,28.0,Married,BR014,Salaried,483300.0,712.0,1,2885.4,Personal Loan,143700.0,12,13.88,0.0,0.39,0.0,0,2023-03-01,Rejected,No,,0
LN000162,Kavya Singh,Female,51.0,Divorced,BR009,Salaried,743400.0,766.0,0,0.0,Education Loan,293800.0,36,10.34,9527.07,0.15,0.0,1,2022-12-22,Approved,Yes,2023-12-08,31
LN000608,Anjali Pillai,Female,28.0,Single,BR001,Self-Employed,262500.0,714.0,0,0.0,Auto Loan,175700.0,36,9.86,0.0,0.26,0.0,0,2022-03-31,Rejected,No,,0
LN004332,Diya Singh,Female,29.0,Married,BR009,Salaried,537300.0,793.0,0,0.0,Education Loan,319100.0,84,10.07,5308.99,0.12,0.0,1,2024-03-29,Approved,No,,0
LN003594,Sneha Chauhan,Female,32.0,Married,BR011,Business Owner,228700.0,812.0,0,0.0,Home Loan,1306400.0,180,7.88,12394.31,0.65,1447600.0,0,2023-10-11,Approved,No,,0
LN002462,Deepak Naidu,Male,47.0,Divorced,BR006,Self-Employed,661700.0,601.0,0,0.0,Auto Loan,409700.0,36,10.99,0.0,0.24,0.0,0,2022-02-11,Rejected,No,,0
LN005254,Kavya Patel,Female,39.0,Married,BR009,Salaried,682000.0,412.0,0,0.0,Business Loan,1589300.0,24,15.38,0.0,1.36,2166300.0,2,2023-11-14,Rejected,No,,0
LN004648,Manish Verma,Male,42.0,Married,BR005,Salaried,427600.0,900.0,1,718.9,Personal Loan,200100.0,48,12.0,5269.4,0.17,0.0,1,2024-07-26,Approved,No,,0
LN002463,Sneha Chauhan,Female,37.0,Single,BR015,Self-Employed,512800.0,785.0,2,3973.7,Business Loan,708900.0,36,11.65,23427.3,0.64,942900.0,0,2025-02-25,Approved,No,,0
LN004518,Rekha Mehta,Female,25.0,Single,BR014,Salaried,243900.0,,0,0.0,Home Loan,796500.0,240,9.98,7675.85,0.38,894100.0,3,2025-04-29,Approved,No,,0
LN001950,Arjun Verma,Male,26.0,Single,BR015,Self-Employed,239500.0,671.0,1,266.32,Business Loan,304100.0,84,12.79,5497.52,0.29,422700.0,0,2024-02-04,Approved,No,,0
LN003660,Rohan Mehta,Male,43.0,Married,BR003,Unemployed,135200.0,550.0,1,910.95,Auto Loan,60300.0,60,11.5,0.0,0.2,0.0,1,2023-03-12,Rejected,No,,0
LN003737,Suresh Agarwal,Male,34.0,Single,BR018,Business Owner,232800.0,900.0,0,0.0,Home Loan,1001700.0,240,7.0,7766.17,0.4,1107500.0,0,2024-09-25,Approved,No,,0
LN002004,Sneha Patel,Female,22.0,Married,BR011,Self-Employed,325300.0,782.0,0,0.0,Auto Loan,144000.0,84,9.18,2330.0,0.09,0.0,0,2022-05-19,Approved,No,,0
LN002896,Rohan Chatterjee,Male,21.0,Single,BR004,Business Owner,154900.0,789.0,2,2217.91,Auto Loan,84000.0,36,9.11,2675.48,0.38,0.0,2,2025-11-23,Approved,No,,0
LN004719,Krishna Bhatt,Male,29.0,Single,BR001,Self-Employed,162600.0,644.0,0,0.0,Home Loan,551400.0,300,9.56,4840.58,0.36,562900.0,2,2022-09-26,Approved,Yes,2024-12-27,20
LN004881,Sunita Kapoor,Female,30.0,Single,BR005,Business Owner,284800.0,748.0,1,1024.45,Education Loan,188300.0,60,10.52,4049.17,0.21,0.0,1,2024-09-11,Approved,No,,0
LN000713,Anil Malhotra,Male,42.0,Single,BR001,Business Owner,604100.0,645.0,1,6128.93,Gold Loan,68500.0,18,10.05,4115.49,0.2,76200.0,3,2023-12-23,Approved,No,,0
LN000772,Divya Nair,Female,24.0,Married,BR017,Business Owner,656200.0,781.0,2,3916.06,Home Loan,2696000.0,300,8.19,21148.63,0.46,3406900.0,1,2025-06-26,Approved,No,,0
LN000106,Deepak Chatterjee,Male,36.0,Single,BR009,Salaried,296600.0,704.0,0,0.0,Personal Loan,154600.0,24,13.96,7419.87,0.3,0.0,0,2022-08-14,Approved,No,,0
LN004066,Kritika Patel,Female,34.0,Married,BR004,Business Owner,804700.0,607.0,0,0.0,Home Loan,4667500.0,180,9.93,0.0,0.74,4681200.0,0,2024-06-27,Rejected,No,,0
LN002049,Deepak Iyer,Male,33.0,Married,BR002,Self-Employed,492200.0,819.0,0,0.0,Personal Loan,255200.0,48,12.81,6822.34,0.17,0.0,0,2024-09-06,Approved,No,,0
LN000548,Amit Sharma,Male,21.0,Single,BR011,Business Owner,817100.0,738.0,2,3497.1,Personal Loan,452300.0,36,13.62,15375.2,0.28,0.0,0,2025-07-18,Approved,No,,0
LN004416,Aarav Rao,Male,27.0,Married,BR014,Self-Employed,331500.0,607.0,0,0.0,Education Loan,122500.0,36,11.93,0.0,0.15,0.0,0,2024-09-14,Rejected,No,,0
LN005124,Sneha Mehta,Female,43.0,Single,BR004,Salaried,1356900.0,,1,18314.07,Auto Loan,923500.0,36,10.89,30186.12,0.43,0.0,1,2025-07-23,Approved,Yes,2025-09-09,56
LN003341,Rajesh Malhotra,Male,30.0,Single,BR014,Business Owner,228700.0,583.0,0,0.0,Business Loan,545100.0,60,13.67,12590.46,0.66,700200.0,0,2023-07-14,Approved,No,,0
LN004454,Sneha Agarwal,Female,31.0,Married,BR004,Self-Employed,751700.0,676.0,0,0.0,Personal Loan,379200.0,24,14.24,0.0,0.29,0.0,0,2022-04-04,Rejected,No,,0
LN004661,Manish Malhotra,Male,50.0,Married,BR001,Self-Employed,253000.0,723.0,1,3933.13,Personal Loan,84800.0,24,13.77,4062.28,0.38,0.0,1,2024-03-22,Approved,No,,0
LN002478,Arjun Singh,Male,50.0,Divorced,BR003,Salaried,393300.0,736.0,0,0.0,Business Loan,213400.0,60,12.14,4762.08,0.15,277000.0,1,2024-05-24,Approved,No,,0
LN000981,Rajesh Patel,Male,37.0,Married,BR001,Salaried,267300.0,680.0,0,0.0,Personal Loan,44100.0,48,14.2,1209.53,0.05,0.0,1,2024-09-08,Approved,No,,0
LN004865,Anjali Verma,Female,57.0,Married,BR001,Self-Employed,455800.0,552.0,0,0.0,Gold Loan,82300.0,18,10.98,4979.91,0.13,111600.0,0,2024-10-17,Approved,Yes,2025-03-25,37
LN000429,Priya Joshi,Female,54.0,Married,BR009,Self-Employed,220500.0,642.0,0,0.0,Home Loan,968100.0,300,9.58,0.0,0.46,1169800.0,3,2025-03-26,Rejected,No,,0
LN002511,Divya Mehta,Female,42.0,Single,BR007,Salaried,1055100.0,705.0,0,0.0,Personal Loan,429900.0,36,13.95,0.0,0.17,0.0,0,2025-11-30,Rejected,No,,0
LN001478,Ishita Agarwal,Female,50.0,Single,BR010,Self-Employed,505500.0,631.0,0,0.0,Education Loan,180200.0,60,11.69,3980.28,0.09,0.0,0,2022-04-12,Approved,No,,0
LN002245,Karthik Naidu,Male,58.0,Married,BR005,Business Owner,1033800.0,730.0,2,8132.68,Personal Loan,533000.0,48,13.7,14484.93,0.26,0.0,0,2022-01-02,Approved,No,,0
LN001822,Meera Kapoor,Female,35.0,Married,BR008,Salaried,225900.0,686.0,0,0.0,Personal Loan,73500.0,12,14.14,6604.2,0.35,0.0,0,2022-02-12,Approved,No,,0
LN001282,Riya Pillai,Female,38.0,Single,BR008,Salaried,196200.0,575.0,1,2487.65,Auto Loan,192800.0,60,11.25,4216.02,0.41,0.0,3,2025-12-04,Approved,No,,0
LN001492,Vikram Das,Male,29.0,Single,BR010,Salaried,989900.0,697.0,0,0.0,Home Loan,5057300.0,300,9.03,42544.62,0.52,5532900.0,0,2025-08-07,Approved,No,,0
LN004091,Anil Iyer,Male,35.0,Single,BR008,Business Owner,618000.0,813.0,0,0.0,Personal Loan,162700.0,36,12.87,5471.82,0.11,0.0,0,2024-09-15,Approved,No,,0
LN004534,Aarav Bhatt,Male,21.0,Married,BR008,Self-Employed,134400.0,891.0,1,2587.25,Home Loan,582000.0,120,7.09,6784.54,0.84,744700.0,1,2022-08-26,Approved,No,,0
LN004715,Anil Kapoor,Male,21.0,Married,BR002,Salaried,486800.0,724.0,1,8108.37,Home Loan,2316100.0,300,8.76,19057.41,0.67,2392600.0,1,2022-03-02,Approved,No,,0
LN000110,Priya Iyer,Female,29.0,Married,BR002,Business Owner,942400.0,508.0,1,10621.02,Personal Loan,416500.0,24,15.92,20377.22,0.39,0.0,3,2022-03-11,Approved,Yes,2024-02-26,30
LN002184,Shreya Iyer,Female,41.0,Married,BR001,Salaried,617100.0,521.0,0,0.0,Education Loan,253300.0,84,12.79,4579.15,0.09,0.0,1,2023-01-04,Approved,No,,0
LN002742,Rajesh Malhotra,Male,59.0,Single,BR011,Salaried,515000.0,628.0,1,889.39,Business Loan,274200.0,24,13.22,13064.32,0.33,326700.0,2,2024-11-26,Approved,No,,0
LN003635,Kritika Reddy,Female,49.0,Single,BR003,Business Owner,1363400.0,596.0,0,0.0,Business Loan,2695200.0,36,13.54,91514.54,0.81,3690800.0,2,2022-03-21,Approved,No,,0
LN003010,Vivaan Reddy,Male,49.0,Single,BR001,Business Owner,1008300.0,609.0,2,6113.45,Home Loan,3370000.0,240,9.91,32320.54,0.46,3617800.0,3,2025-09-19,Approved,No,,0
LN002984,Sneha Reddy,Female,28.0,Single,BR001,Salaried,288400.0,752.0,2,248.18,Business Loan,190800.0,60,11.98,4242.31,0.19,257300.0,1,2023-03-10,Approved,No,,0
LN001350,Aditya Reddy,Male,23.0,Divorced,BR012,Business Owner,140300.0,706.0,1,1056.17,Personal Loan,49900.0,24,13.94,2394.43,0.3,0.0,0,2025-03-22,Approved,No,,0
LN004333,Manish Patel,Male,28.0,Divorced,BR006,Business Owner,1325800.0,599.0,2,712.33,Gold Loan,206700.0,6,10.51,35513.71,0.33,260500.0,0,2023-04-21,Approved,Yes,2023-07-24,47
LN003893,Anil Kapoor,Male,21.0,Single,BR003,Salaried,166400.0,788.0,0,0.0,Auto Loan,74700.0,84,9.12,1206.41,0.09,0.0,0,2022-12-26,Approved,No,,0
LN002543,Deepak Kapoor,Male,21.0,Married,BR014,Salaried,433600.0,659.0,2,7998.38,Home Loan,1741500.0,120,9.41,22448.86,0.84,1805500.0,0,2023-04-15,Approved,Yes,2024-12-02,4
LN000440,Ishita Reddy,Female,,Single,BR005,Business Owner,844700.0,780.0,3,10530.33,Personal Loan,390100.0,24,13.2,18582.73,0.41,0.0,0,2024-04-18,Approved,No,,0
LN004670,Amit Bhatt,Male,32.0,Single,BR006,Salaried,,496.0,0,0.0,Home Loan,1268700.0,300,11.04,0.0,0.39,1603200.0,3,2022-07-01,Rejected,No,,0
LN004791,Riya Pillai,Female,34.0,Single,BR008,Self-Employed,320600.0,827.0,1,3230.57,Auto Loan,326600.0,48,8.73,8085.65,0.42,0.0,1,2022-11-11,Approved,No,,0
LN004045,Ananya Rao,Female,21.0,Married,BR003,Business Owner,749400.0,573.0,0,0.0,Personal Loan,396800.0,24,15.27,19290.44,0.31,0.0,0,2022-12-25,Approved,No,,0
LN001951,Ananya Mehta,Female,49.0,Married,BR009,Unemployed,122500.0,773.0,0,0.0,Personal Loan,38700.0,48,13.27,1043.42,0.1,0.0,1,2023-01-30,Approved,No,,0
LN002650,Geeta Chauhan,Female,21.0,Single,BR011,Salaried,945400.0,698.0,4,15035.18,Personal Loan,178300.0,12,14.02,0.0,0.39,0.0,0,2022-04-25,Rejected,No,,0
LN003912,Rekha Singh,Female,21.0,Single,BR005,Salaried,531400.0,691.0,1,6807.97,Personal Loan,149000.0,12,14.09,13384.59,0.46,0.0,0,2024-03-15,Approved,No,,0
LN001246,Sunita Agarwal,Female,43.0,Married,BR011,Salaried,448300.0,780.0,0,0.0,Personal Loan,173000.0,36,13.2,5845.73,0.16,0.0,0,2022-02-19,Approved,No,,0
LN001102,Shreya Das,Female,26.0,Married,BR014,Business Owner,480700.0,695.0,0,0.0,Auto Loan,420100.0,48,10.05,10664.91,0.27,0.0,0,2024-10-23,Approved,No,,0
LN000934,Vikram Malhotra,Male,47.0,Married,BR018,Self-Employed,288900.0,748.0,1,4462.83,Business Loan,209100.0,84,12.02,3693.42,0.34,244800.0,0,2025-10-13,Approved,No,,0
LN005113,Aadhya Bhatt,Female,38.0,Single,BR004,Salaried,568200.0,703.0,0,0.0,Personal Loan,220900.0,48,13.97,6033.09,0.13,0.0,0,2025-02-01,Approved,Yes,2025-11-28,153
LN003491,Diya Chatterjee,Female,32.0,Married,BR007,Salaried,269000.0,552.0,1,2380.49,Personal Loan,110300.0,24,15.48,5373.27,0.35,0.0,1,2022-06-09,Approved,Yes,2022-10-05,109
LN004853,Sneha Chauhan,Female,21.0,Married,BR002,Self-Employed,876100.0,838.0,1,6442.14,Personal Loan,292600.0,48,12.62,7794.65,0.2,0.0,0,2022-01-18,Approved,No,,0
LN003970,Amit Rao,Male,35.0,Single,BR007,Salaried,679400.0,740.0,0,0.0,Personal Loan,172300.0,24,13.6,0.0,0.15,0.0,2,2024-11-10,Rejected,No,,0
LN000836,Ishaan Rao,Male,33.0,Single,BR015,Salaried,442600.0,679.0,1,149.3,Business Loan,1049900.0,24,12.71,49771.27,1.35,1408000.0,0,2024-09-30,Approved,Yes,2025-09-28,5
LN000195,Shreya Joshi,Female,38.0,Married,BR012,Business Owner,723200.0,642.0,1,7843.99,Home Loan,2175000.0,240,9.58,20387.61,0.47,3044200.0,1,2025-12-15,Approved,No,,0
LN002116,Shreya Iyer,Female,40.0,Married,BR008,Salaried,239500.0,510.0,0,0.0,Personal Loan,127300.0,48,15.9,3601.2,0.18,0.0,0,2025-12-25,Approved,Yes,,51
LN003137,Anil Bhatt,Male,40.0,Single,BR013,Salaried,554500.0,598.0,1,10115.05,Personal Loan,331100.0,12,15.02,0.0,0.87,0.0,3,2022-03-01,Rejected,No,,0
LN003931,Meera Naidu,Female,37.0,Single,BR010,Salaried,641900.0,645.0,0,0.0,Home Loan,3541700.0,240,9.55,33129.02,0.62,3774000.0,2,2022-06-12,Approved,No,,0
LN000034,Sunita Patel,Female,40.0,Single,BR002,Business Owner,755900.0,666.0,1,886.42,Education Loan,755300.0,36,11.34,0.0,0.41,0.0,0,2025-04-20,Rejected,No,,0
LN003014,Ishaan Nair,Male,40.0,Married,BR009,Business Owner,309000.0,763.0,1,725.07,Personal Loan,106200.0,48,13.37,2868.62,0.14,0.0,0,2023-06-11,Approved,No,,0
LN000964,Manish Gupta,Male,30.0,Married,BR003,Salaried,460400.0,900.0,1,9293.87,Personal Loan,236100.0,36,12.0,0.0,0.45,0.0,0,2023-03-29,Rejected,No,,0
LN002480,Rohan Sharma,Male,,Single,BR011,Salaried,558900.0,520.0,0,0.0,Auto Loan,329300.0,84,11.8,0.0,0.12,0.0,3,2025-09-23,Rejected,No,,0
LN002498,Ananya Bhatt,Female,37.0,Single,BR011,Self-Employed,536800.0,780.0,2,6338.73,Personal Loan,70500.0,24,13.2,3358.33,0.22,0.0,1,2024-02-23,Approved,No,,0
LN000133,Riya Mehta,Female,34.0,Married,BR008,Salaried,244100.0,717.0,1,2962.41,Auto Loan,270800.0,48,9.83,6846.1,0.48,0.0,0,2025-10-06,Approved,No,,0
LN004090,Ishaan Rao,Male,39.0,Married,BR003,Salaried,492400.0,468.0,1,3173.63,Home Loan,1954800.0,240,11.32,0.0,0.58,2689300.0,0,2023-11-27,Rejected,No,,0
LN004166,Rahul Malhotra,Male,41.0,Single,BR007,Salaried,580200.0,793.0,2,8381.76,Personal Loan,86200.0,12,13.07,7701.98,0.33,0.0,0,2023-05-16,Approved,No,,0
LN003076,Kritika Rao,Female,42.0,Married,BR004,Salaried,1073600.0,570.0,0,0.0,Personal Loan,206800.0,24,15.3,10056.54,0.11,0.0,0,2025-12-27,Approved,No,,0
LN002928,Deepak Sharma,Male,39.0,Married,BR012,Salaried,330200.0,728.0,0,0.0,Auto Loan,383700.0,60,9.72,8099.73,0.29,0.0,2,2022-12-22,Approved,No,,0
LN004620,Neha Patel,Female,49.0,Married,BR003,Salaried,304900.0,735.0,2,46.8,Gold Loan,32200.0,24,9.15,1473.27,0.06,36800.0,1,2024-05-12,Approved,No,,0
LN001467,Suresh Nair,Male,28.0,Married,BR004,Salaried,530300.0,754.0,2,9454.58,Gold Loan,140000.0,24,8.96,6393.29,0.36,185800.0,0,2023-02-27,Approved,No,,0
LN005161,Sai Sharma,Male,33.0,Married,BR010,Salaried,298400.0,821.0,1,6026.9,Home Loan,999500.0,300,7.79,7575.78,0.55,1325300.0,0,2024-04-20,Approved,No,,0
LN003203,Manish Reddy,Male,25.0,Married,BR004,Business Owner,,814.0,1,5062.68,Auto Loan,221100.0,84,8.86,3541.61,0.26,0.0,0,2025-07-15,Approved,No,,0
LN001906,Shreya Patel,Female,38.0,Single,BR004,Salaried,737200.0,687.0,0,0.0,Auto Loan,433400.0,84,10.13,7224.1,0.12,0.0,0,2023-05-03,Approved,Yes,2024-10-09,82
LN003797,Vihaan Agarwal,Male,26.0,Married,BR006,Business Owner,1066900.0,687.0,3,2882.17,Personal Loan,362500.0,48,14.13,9929.5,0.14,0.0,0,2023-02-04,Approved,Yes,2025-07-07,16
LN000397,Aarav Singh,Male,36.0,Married,BR014,Business Owner,1533800.0,512.0,0,0.0,Education Loan,500200.0,36,12.88,0.0,0.13,0.0,0,2024-04-02,Rejected,No,,0
LN004034,Anil Singh,Male,47.0,Single,BR005,Salaried,289100.0,731.0,1,4075.37,Business Loan,634100.0,36,12.19,21118.78,1.05,675500.0,1,2023-10-02,Approved,Yes,2025-06-15,16
LN002330,Riya Mehta,Female,58.0,Divorced,BR003,Salaried,522400.0,537.0,1,6963.42,Home Loan,1884300.0,120,10.63,25563.16,0.75,2514000.0,3,2025-11-02,Approved,No,,0
LN002679,Nikhil Agarwal,Male,35.0,Married,BR003,Salaried,606200.0,663.0,3,4686.29,Personal Loan,326200.0,36,14.37,11207.45,0.31,0.0,0,2023-06-07,Approved,No,,0
LN000593,Ishaan Nair,Male,31.0,Divorced,BR009,Salaried,582800.0,762.0,0,0.0,Education Loan,268200.0,120,10.38,3600.96,0.07,0.0,0,2024-11-09,Approved,No,,0
LN001108,Amit Malhotra,Male,26.0,Single,BR015,Salaried,404700.0,900.0,0,0.0,Auto Loan,173000.0,48,8.0,4223.44,0.13,0.0,0,2024-08-11,Approved,No,,0
LN001019,Neha Pillai,Female,46.0,Married,BR001,Salaried,432700.0,566.0,0,0.0,Personal Loan,139600.0,36,15.34,0.0,0.13,0.0,3,2022-01-19,Rejected,No,,0
LN004070,Pooja Gupta,Female,36.0,Single,BR001,Salaried,381700.0,670.0,0,0.0,Personal Loan,147500.0,24,14.3,7102.82,0.22,0.0,0,2023-06-02,Approved,No,,0
LN003490,Shreya Nair,Female,39.0,Married,BR001,Business Owner,1131200.0,741.0,3,10276.68,Auto Loan,1319900.0,48,9.59,33216.78,0.46,0.0,0,2024-06-26,Approved,No,,0
LN000839,Deepak Bhatt,Male,28.0,Married,BR001,Salaried,648700.0,791.0,1,13191.17,Auto Loan,406700.0,36,9.09,12949.99,0.48,0.0,0,2023-10-30,Approved,No,,0
LN004030,Deepak Verma,Male,29.0,Married,BR008,Salaried,305600.0,695.0,1,769.94,Business Loan,272900.0,60,12.55,6146.63,0.27,299800.0,0,2025-05-05,Approved,No,,0
LN000859,Vivaan Das,Male,37.0,Married,BR011,Salaried,414400.0,734.0,1,8424.83,Business Loan,340900.0,24,12.16,16072.83,0.71,409000.0,0,2023-03-05,Approved,No,,0
LN003054,Aditya Mehta,Male,33.0,Married,BR002,Salaried,90900.0,670.0,0,0.0,Personal Loan,25000.0,24,14.3,1203.87,0.16,0.0,0,2022-02-19,Approved,No,,0
LN005035,Suresh Rao,Male,44.0,Married,BR006,Business Owner,437000.0,821.0,4,9029.3,Home Loan,2156700.0,180,7.79,20349.94,0.81,2401300.0,0,2024-05-24,Approved,No,,0
LN004507,Sneha Malhotra,Female,21.0,Married,BR009,Business Owner,672200.0,648.0,1,1580.47,Auto Loan,475100.0,48,10.52,0.0,0.25,0.0,2,2023-01-10,Rejected,No,,0
LN000481,Amit Mehta,Male,21.0,Divorced,BR014,Business Owner,567300.0,641.0,1,2059.97,Personal Loan,216100.0,48,14.59,0.0,0.17,0.0,2,2024-01-31,Rejected,No,,0
LN002377,Ishaan Singh,Male,21.0,Single,BR001,Unemployed,171900.0,477.0,0,0.0,Home Loan,804600.0,180,11.23,0.0,0.65,921600.0,2,2022-12-11,Rejected,No,,0
LN001201,Arjun Mehta,Male,33.0,Married,BR005,Salaried,404400.0,745.0,0,0.0,Personal Loan,172800.0,36,13.55,5868.2,0.17,0.0,1,2022-10-11,Approved,No,,0
LN003878,Vihaan Malhotra,Male,34.0,Single,BR010,Salaried,485600.0,671.0,1,1515.43,Personal Loan,109300.0,12,14.29,9828.65,0.28,0.0,1,2024-07-01,Approved,No,,0
LN005355,Karthik Chatterjee,Male,55.0,Married,BR005,Salaried,298200.0,840.0,0,0.0,Auto Loan,357300.0,84,8.6,5676.36,0.23,0.0,0,2022-04-30,Approved,No,,0
LN001733,Meera Mehta,Female,38.0,Married,BR011,Self-Employed,702300.0,698.0,1,9353.56,Personal Loan,253900.0,48,14.02,6940.74,0.28,0.0,0,2025-10-16,Approved,No,,0
LN003057,Meera Das,Female,40.0,Married,BR007,Salaried,500300.0,550.0,0,0.0,Personal Loan,265800.0,48,15.5,7464.96,0.18,0.0,5,2024-03-07,Approved,Yes,2025-09-09,56
LN000596,Swati Sharma,Female,39.0,Married,BR001,Self-Employed,377300.0,791.0,3,3185.38,Gold Loan,95500.0,24,8.59,4344.95,0.24,132000.0,0,2023-09-04,Approved,No,,0
LN005075,Suresh Chauhan,Male,34.0,Married,BR008,Salaried,340500.0,614.0,0,0.0,Home Loan,2022200.0,300,9.86,18176.55,0.64,2235000.0,1,2024-11-10,Approved,No,,0
LN003164,Deepak Singh,Male,28.0,Single,BR005,Business Owner,1785600.0,655.0,1,17166.31,Auto Loan,1886900.0,60,10.45,40510.12,0.39,0.0,0,2022-12-31,Approved,No,,0
LN005298,Diya Bhatt,Female,43.0,Married,BR003,Business Owner,387800.0,676.0,1,780.15,Auto Loan,168000.0,84,10.24,2809.88,0.11,0.0,1,2023-05-04,Approved,No,,0
LN003138,Ishaan Gupta,Male,29.0,Single,BR010,Salaried,292800.0,737.0,0,0.0,Gold Loan,25000.0,18,9.13,1491.43,0.06,31100.0,1,2023-12-16,Approved,No,,0
LN001617,Vivaan Bhatt,Male,35.0,Married,BR014,Self-Employed,249900.0,655.0,0,0.0,Personal Loan,102000.0,48,14.45,0.0,0.13,0.0,0,2024-10-07,Rejected,No,,0
LN004444,Priya Nair,Female,37.0,Married,BR018,Salaried,301500.0,578.0,0,0.0,Education Loan,279600.0,84,12.22,0.0,0.2,0.0,0,2025-11-12,Rejected,No,,0
LN003521,Reyansh Sharma,Male,42.0,Married,BR005,Salaried,429300.0,576.0,0,0.0,Home Loan,1404200.0,120,10.24,18743.73,0.52,1520600.0,0,2023-12-28,Approved,No,,0
LN000299,Diya Malhotra,Female,42.0,Married,BR017,Business Owner,542300.0,617.0,1,2130.09,Auto Loan,523100.0,48,10.83,13476.65,0.35,0.0,1,2024-06-10,Approved,No,,0
LN001025,Nikhil Malhotra,Male,27.0,Divorced,BR013,Self-Employed,273700.0,770.0,0,0.0,Business Loan,478300.0,24,11.8,22470.6,0.99,492400.0,0,2023-11-16,Approved,No,,0
LN003276,Aadhya Sharma,Female,27.0,Single,BR008,Self-Employed,546200.0,824.0,1,2625.82,Auto Loan,571800.0,60,8.76,0.0,0.32,0.0,0,2024-03-17,Rejected,No,,0
LN003744,Priya Gupta,Female,21.0,Married,BR007,Salaried,190100.0,661.0,3,3132.51,Home Loan,792900.0,120,9.39,10212.24,0.84,880600.0,0,2024-09-15,Approved,No,,0
LN001387,Arjun Bhatt,Male,21.0,Married,BR002,Self-Employed,319400.0,553.0,2,5974.19,Personal Loan,184900.0,48,15.47,5190.06,0.42,0.0,1,2022-01-17,Approved,No,,0
LN003537,Arjun Singh,Male,34.0,Single,BR011,Business Owner,1579300.0,859.0,1,4623.95,Home Loan,5164600.0,180,7.41,47612.72,0.4,5702800.0,0,2022-05-01,Approved,No,,0
LN000986,Anil Iyer,Male,21.0,Married,BR003,Salaried,733100.0,503.0,1,3532.05,Auto Loan,673600.0,84,11.97,11880.08,0.25,0.0,0,2025-08-19,Approved,Yes,2025-09-27,109
LN002710,Anjali Joshi,Female,45.0,Single,BR017,Salaried,495300.0,817.0,2,2308.75,Business Loan,707300.0,36,11.33,0.0,0.62,743200.0,0,2022-07-23,Rejected,No,,0
LN001051,Sai Chauhan,Male,27.0,Married,BR007,Self-Employed,482300.0,783.0,0,0.0,Auto Loan,404500.0,36,9.17,0.0,0.32,0.0,0,2024-12-18,Rejected,No,,0
LN002711,Ishaan Reddy,Male,23.0,Married,BR006,Salaried,414000.0,671.0,2,2825.96,Home Loan,1579300.0,120,9.29,20254.61,0.67,1609800.0,1,2022-09-01,Approved,Yes,2023-08-07,140
LN001995,Nikhil Agarwal,Male,42.0,Married,BR001,Salaried,330500.0,701.0,0,0.0,Auto Loan,240000.0,60,9.99,5098.11,0.19,0.0,1,2025-11-10,Approved,No,,0
LN000553,Aarav Gupta,Male,44.0,Married,BR005,Salaried,305300.0,574.0,1,3755.48,Education Loan,110600.0,120,12.26,1603.46,0.21,0.0,2,2022-11-09,Approved,Yes,2023-01-24,31
LN002585,Karthik Nair,Male,22.0,Married,BR013,Salaried,269500.0,592.0,0,0.0,Home Loan,1249600.0,240,10.08,12125.22,0.54,1667800.0,2,2024-08-25,Approved,No,,0
LN002861,Reyansh Chatterjee,Male,43.0,Married,BR014,Salaried,181100.0,718.0,0,0.0,Business Loan,386400.0,60,12.32,8657.87,0.57,409500.0,1,2025-07-18,Approved,Yes,2025-10-25,28
LN000985,Suresh Verma,Male,31.0,Single,BR005,Salaried,301700.0,726.0,0,0.0,Auto Loan,339500.0,84,9.74,5590.6,0.22,0.0,1,2022-03-15,Approved,Yes,2024-11-08,1
LN002538,Ishita Kapoor,Female,58.0,Married,BR003,Salaried,822200.0,709.0,0,0.0,Home Loan,4294400.0,180,8.91,0.0,0.63,5648500.0,0,2025-01-10,Rejected,No,,0
LN004023,Sai Mehta,Male,47.0,Married,BR003,Salaried,357700.0,574.0,3,5173.2,Personal Loan,42200.0,24,15.26,2051.35,0.24,0.0,1,2024-07-26,Approved,No,,0
LN003011,Manish Rao,Male,28.0,Married,BR002,Salaried,335000.0,629.0,0,0.0,Home Loan,1071700.0,120,9.71,13991.05,0.5,1378100.0,1,2024-07-07,Approved,No,,0
LN001228,Priya Verma,Female,26.0,Married,BR017,Self-Employed,404000.0,552.0,2,7150.01,Gold Loan,26300.0,18,10.98,1591.39,0.26,34900.0,1,2023-07-19,Approved,No,,0
LN005372,Divya Malhotra,Female,30.0,Married,BR002,Salaried,644100.0,537.0,1,321.32,Home Loan,2201500.0,180,10.63,24513.08,0.46,2866000.0,2,2025-03-22,Approved,Yes,2025-10-10,38
LN005301,Vivaan Verma,Male,21.0,Married,BR007,Business Owner,545600.0,585.0,0,0.0,Home Loan,2721200.0,240,10.15,26531.18,0.58,3426000.0,0,2024-07-08,Approved,No,,0
LN003804,Kritika Singh,Female,48.0,Married,BR007,Self-Employed,428400.0,615.0,0,0.0,Auto Loan,347700.0,48,10.85,8961.18,0.25,0.0,1,2023-08-08,Approved,No,,0
LN000649,Rohan Malhotra,Male,,Single,BR004,Salaried,323400.0,662.0,0,0.0,Auto Loan,354600.0,60,10.38,7600.67,0.28,0.0,1,2023-02-13,Approved,No,,0
LN001311,Sunita Naidu,Female,32.0,Single,BR003,Unemployed,123100.0,574.0,1,1194.73,Auto Loan,119500.0,60,11.26,0.0,0.37,0.0,2,2022-06-16,Rejected,No,,0
LN002043,Pooja Mehta,Female,33.0,Married,BR001,Business Owner,316500.0,630.0,2,631.68,Auto Loan,338600.0,60,10.7,7311.43,0.3,0.0,3,2024-12-27,Approved,Yes,2025-04-29,2
LN000636,Ishita Chauhan,Female,36.0,Married,BR005,Salaried,488800.0,585.0,0,0.0,Personal Loan,235000.0,36,15.15,8163.62,0.2,0.0,1,2023-09-03,Approved,No,,0
LN000465,Meera Chauhan,Female,34.0,Single,BR012,Self-Employed,905700.0,671.0,1,16032.72,Education Loan,335600.0,84,11.29,5797.59,0.29,0.0,1,2025-10-07,Approved,No,,0
LN001840,Rajesh Sharma,Male,46.0,Married,BR004,Business Owner,286300.0,613.0,1,3455.64,Education Loan,244400.0,60,11.87,5420.5,0.37,0.0,2,2023-03-02,Approved,No,,0
LN000009,Suresh Bhatt,Male,22.0,Married,BR003,Business Owner,299300.0,753.0,2,4987.8,Personal Loan,34800.0,12,13.47,3115.92,0.32,0.0,1,2023-06-06,Approved,Yes,2023-09-20,74
LN004954,Aditya Singh,Male,53.0,Married,BR007,Business Owner,601500.0,636.0,0,0.0,Education Loan,306300.0,84,11.64,0.0,0.11,0.0,1,2025-12-23,Rejected,No,,0
LN002470,Rajesh Verma,Male,22.0,Single,BR007,Salaried,311300.0,838.0,0,0.0,Education Loan,238600.0,36,9.62,0.0,0.3,0.0,0,2024-04-13,Rejected,No,,0
LN003832,Vihaan Reddy,Male,34.0,Married,BR007,Salaried,349000.0,511.0,0,0.0,Personal Loan,36900.0,36,15.89,1295.29,0.04,0.0,1,2025-01-25,Approved,Yes,2025-04-11,119
LN002506,Ishita Malhotra,Female,32.0,Single,BR013,Unemployed,308900.0,681.0,0,0.0,Education Loan,154500.0,120,11.19,0.0,0.08,0.0,0,2024-08-30,Rejected,No,,0
LN005171,Aadhya Naidu,Female,41.0,Married,BR005,Salaried,779900.0,651.0,1,2714.78,Auto Loan,788500.0,84,10.49,13290.53,0.25,0.0,0,2025-07-07,Approved,No,,0
LN003923,Vivaan Mehta,Male,35.0,Divorced,BR016,Salaried,,748.0,0,0.0,Personal Loan,334800.0,12,13.52,29985.16,0.62,0.0,0,2022-04-03,Approved,No,,0
LN002863,Swati Verma,Female,27.0,Single,BR014,Self-Employed,335000.0,488.0,0,0.0,Gold Loan,83400.0,24,11.62,0.0,0.14,113000.0,2,2024-10-12,Rejected,No,,0
LN000380,Meera Verma,Female,34.0,Married,BR017,Salaried,401200.0,608.0,1,7109.35,Gold Loan,98100.0,6,10.42,0.0,0.72,123600.0,2,2024-05-17,Rejected,No,,0
LN000384,Deepak Agarwal,Male,32.0,Single,BR004,Unemployed,90000.0,640.0,2,981.34,Home Loan,497700.0,180,9.6,0.0,0.83,511500.0,2,2024-10-11,Rejected,No,,0
LN003600,Vihaan Chauhan,Male,53.0,Single,BR002,Salaried,472900.0,633.0,0,0.0,Home Loan,2620100.0,300,9.67,0.0,0.59,2777000.0,1,2023-07-12,Rejected,No,,0
LN002509,Deepak Naidu,Male,28.0,Married,BR003,Salaried,514700.0,531.0,1,7780.73,Gold Loan,107900.0,12,11.19,0.0,0.4,127300.0,0,2022-01-22,Rejected,No,,0
LN001302,Anil Mehta,Male,37.0,Divorced,BR002,Self-Employed,273700.0,683.0,2,4180.0,Education Loan,107000.0,84,11.17,0.0,0.26,0.0,0,2022-04-21,Rejected,No,,0
LN003822,Arjun Agarwal,Male,52.0,Married,BR003,Salaried,159500.0,835.0,2,1352.34,Personal Loan,25000.0,12,12.65,2228.83,0.27,0.0,2,2022-05-17,Approved,No,,0
LN002985,Swati Joshi,Female,30.0,Married,BR003,Salaried,228300.0,814.0,0,0.0,Personal Loan,49200.0,24,12.86,0.0,0.12,0.0,1,2022-08-14,Rejected,No,,0
LN005315,Vikram Kapoor,Male,30.0,Single,BR005,Self-Employed,635600.0,757.0,1,10425.83,Auto Loan,553500.0,84,9.43,0.0,0.37,0.0,1,2025-09-22,Rejected,No,,0
LN004018,Saanvi Iyer,Female,39.0,Single,BR009,Salaried,778900.0,625.0,0,0.0,Personal Loan,340100.0,36,14.75,11748.08,0.18,0.0,1,2023-02-19,Approved,No,,0
LN001893,Rahul Nair,Male,31.0,Single,BR016,Self-Employed,280200.0,686.0,1,5355.27,Auto Loan,310000.0,84,10.14,5168.82,0.45,0.0,1,2025-05-29,Approved,No,,0
LN004418,Geeta Das,Female,24.0,Married,BR001,Salaried,556600.0,878.0,1,7471.33,Auto Loan,560500.0,36,8.22,17620.97,0.54,0.0,1,2024-11-17,Approved,No,,0
LN003191,Ishaan Pillai,Male,29.0,Single,BR007,Self-Employed,306400.0,617.0,0,0.0,Personal Loan,79800.0,24,14.83,0.0,0.15,0.0,0,2024-09-10,Rejected,No,,0
LN001109,Shreya Chauhan,Female,34.0,Married,BR010,Business Owner,268000.0,764.0,2,3724.13,Personal Loan,134800.0,48,13.36,0.0,0.33,0.0,1,2023-03-31,Rejected,No,,0
LN000325,Vivaan Gupta,Male,23.0,Married,BR001,Salaried,338500.0,817.0,0,0.0,Home Loan,1142200.0,180,7.83,10803.66,0.38,1529600.0,0,2022-02-24,Approved,No,,0
LN003585,Reyansh Patel,Male,26.0,Married,BR004,Salaried,1287700.0,664.0,1,9821.22,Business Loan,2305300.0,84,12.86,41762.67,0.48,3172300.0,0,2023-07-08,Approved,No,,0
LN003974,Aditya Chauhan,Male,33.0,Married,BR011,Salaried,537100.0,642.0,1,2502.19,Home Loan,1766100.0,180,9.58,18527.4,0.47,2461700.0,0,2023-03-21,Approved,Yes,2025-11-16,114
LN002811,Ananya Verma,Female,31.0,Single,BR001,Self-Employed,594000.0,,1,8377.44,Personal Loan,238200.0,48,13.8,0.0,0.3,0.0,0,2022-10-27,Rejected,No,,0
LN001567,Aarav Gupta,Male,33.0,Married,BR006,Salaried,727500.0,697.0,0,0.0,Home Loan,3989500.0,120,9.03,0.0,0.83,4598200.0,1,2022-02-15,Rejected,No,,0
LN000524,Pooja Bhatt,Female,21.0,Single,BR005,Salaried,669100.0,732.0,2,10395.5,Auto Loan,547200.0,60,9.68,11540.41,0.39,0.0,0,2023-02-27,Approved,No,,0
LN001373,Deepak Bhatt,Male,43.0,Married,BR011,Salaried,422400.0,537.0,4,2935.88,Auto Loan,249900.0,36,11.63,0.0,0.32,0.0,1,2024-01-29,Rejected,No,,0
LN002698,Geeta Naidu,Female,48.0,Married,BR003,Salaried,208800.0,645.0,0,0.0,Home Loan,892600.0,120,9.55,11574.48,0.67,1071800.0,0,2025-02-19,Approved,No,,0
LN005280,Ananya Nair,Female,46.0,Single,BR003,Self-Employed,596400.0,562.0,1,6416.32,Personal Loan,76800.0,24,15.38,0.0,0.2,0.0,2,2023-12-28,Rejected,No,,0
LN002558,Amit Malhotra,Male,21.0,Married,BR008,Business Owner,1518700.0,627.0,0,0.0,Education Loan,691000.0,60,11.73,0.0,0.12,0.0,3,2024-03-14,Rejected,No,,0
LN004921,Swati Agarwal,Female,28.0,Married,BR002,Self-Employed,260700.0,842.0,1,912.67,Personal Loan,40200.0,24,12.58,0.0,0.13,0.0,2,2023-08-12,Rejected,No,,0
LN004446,Vihaan Chauhan,Male,39.0,Single,BR014,Self-Employed,463800.0,554.0,2,4884.05,Personal Loan,86300.0,24,15.46,0.0,0.24,0.0,3,2023-10-04,Rejected,No,,0
LN003986,Ishita Verma,Female,39.0,Single,BR013,Salaried,612700.0,471.0,0,0.0,Auto Loan,530300.0,48,12.29,0.0,0.27,0.0,1,2025-09-17,Rejected,No,,0
LN004311,Vikram Pillai,Male,39.0,Married,BR012,Unemployed,155700.0,624.0,0,0.0,Home Loan,702900.0,300,9.76,0.0,0.48,956800.0,1,2022-06-15,Rejected,No,,0
LN000150,Vihaan Verma,Male,37.0,Divorced,BR003,Salaried,820400.0,711.0,1,13174.86,Home Loan,2836500.0,180,8.89,28584.36,0.61,3926100.0,0,2022-09-11,Approved,No,,0
LN000779,Riya Iyer,Female,27.0,Married,BR001,Salaried,579800.0,627.0,0,0.0,Business Loan,1235800.0,36,13.23,0.0,0.86,1251400.0,1,2025-08-04,Rejected,No,,0
LN005010,Sunita Malhotra,Female,34.0,Single,BR016,Business Owner,743300.0,707.0,1,6635.76,Auto Loan,843600.0,60,9.93,17894.96,0.4,0.0,0,2022-08-13,Approved,No,,0
LN003708,Amit Naidu,Male,31.0,Single,BR004,Business Owner,1629700.0,723.0,1,30963.48,Business Loan,1284400.0,60,12.27,28746.32,0.44,1300700.0,0,2024-07-18,Approved,Yes,2025-05-09,26
LN001564,Karthik Malhotra,Male,42.0,Married,BR014,Salaried,659700.0,769.0,0,0.0,Business Loan,1410700.0,36,11.81,46727.51,0.85,1736200.0,1,2024-10-23,Approved,No,,0
LN001278,Reyansh Pillai,Male,31.0,Married,BR016,Salaried,441200.0,733.0,0,0.0,Personal Loan,149300.0,24,13.67,7145.07,0.19,0.0,1,2022-08-07,Approved,No,,0
LN002060,Anjali Das,Female,41.0,Single,BR008,Salaried,829200.0,588.0,2,16248.02,Personal Loan,415900.0,12,15.12,37561.99,0.78,0.0,1,2023-12-13,Approved,No,,0
LN000987,Saanvi Rao,Female,42.0,Married,BR001,Salaried,564200.0,900.0,1,2347.16,Personal Loan,309900.0,24,12.0,0.0,0.36,0.0,0,2023-10-05,Rejected,No,,0
LN000025,Vihaan Mehta,Male,41.0,Married,BR003,Salaried,667000.0,573.0,1,5841.73,Business Loan,621600.0,60,13.77,14389.53,0.36,820200.0,2,2023-02-08,Approved,Yes,2025-09-19,11
LN005445,Amit Gupta,Male,32.0,Married,BR002,Salaried,441200.0,656.0,2,2363.26,Auto Loan,252000.0,84,10.44,4241.01,0.18,0.0,0,2023-04-25,Approved,No,,0
LN000677,Divya Sharma,Female,48.0,Married,BR017,Salaried,307600.0,,0,0.0,Personal Loan,35700.0,36,14.39,0.0,0.05,0.0,1,2022-08-14,Rejected,No,,0
LN002639,Sai Kapoor,Male,38.0,Single,BR010,Salaried,603500.0,717.0,2,533.18,Home Loan,2460300.0,120,8.83,0.0,0.63,3350900.0,0,2022-08-04,Rejected,No,,0
LN002160,Aarav Chatterjee,Male,27.0,Divorced,BR010,Salaried,566600.0,720.0,0,0.0,Auto Loan,274200.0,48,9.8,0.0,0.15,0.0,1,2023-06-18,Rejected,No,,0
LN000888,Manish Patel,Male,35.0,Single,BR007,Business Owner,748600.0,609.0,0,0.0,Education Loan,615200.0,60,11.91,13656.82,0.22,0.0,2,2024-10-07,Approved,No,,0
LN005134,Rajesh Bhatt,Male,38.0,Married,BR008,Salaried,407000.0,,1,6303.53,Personal Loan,223300.0,24,16.0,0.0,0.51,0.0,3,2023-10-12,Rejected,No,,0
LN000174,Deepak Kapoor,Male,36.0,Married,BR008,Salaried,668800.0,651.0,1,12048.31,Auto Loan,361500.0,36,10.49,11747.93,0.43,0.0,1,2023-03-09,Approved,Yes,2024-11-14,42
LN002718,Ananya Das,Female,21.0,Single,BR004,Self-Employed,836800.0,665.0,1,6849.53,Business Loan,422200.0,60,12.85,9573.96,0.24,469300.0,0,2023-10-10,Approved,No,,0
LN005156,Rohan Chatterjee,Male,21.0,Single,BR002,Unemployed,90000.0,627.0,0,0.0,Auto Loan,104500.0,36,10.73,0.0,0.45,0.0,0,2024-04-04,Rejected,No,,0
LN005434,Nikhil Chatterjee,Male,37.0,Married,BR007,Self-Employed,315500.0,563.0,0,0.0,Home Loan,1361000.0,120,10.37,0.0,0.69,1509600.0,4,2024-04-04,Rejected,No,,0
LN002291,Amit Bhatt,Male,53.0,Single,BR015,Business Owner,448400.0,692.0,0,0.0,Business Loan,974000.0,60,12.58,21952.64,0.59,1122800.0,0,2024-05-07,Approved,Yes,2024-12-10,1
LN001929,Krishna Reddy,Male,42.0,Single,BR007,Salaried,946700.0,793.0,0,0.0,Personal Loan,141400.0,48,13.07,3798.32,0.05,0.0,1,2024-01-29,Approved,No,,0
LN005117,Saanvi Agarwal,Female,32.0,Married,BR011,Salaried,292800.0,541.0,0,0.0,Business Loan,374400.0,36,14.09,12812.48,0.53,441900.0,0,2024-11-19,Approved,No,,0
LN002719,Rajesh Reddy,Male,21.0,Married,BR010,Salaried,544000.0,698.0,0,0.0,Home Loan,2875700.0,300,9.02,24172.17,0.53,3482000.0,0,2022-06-12,Approved,No,,0
LN004972,Amit Reddy,Male,39.0,Divorced,BR003,Business Owner,648100.0,770.0,1,11768.05,Personal Loan,273300.0,36,13.3,9248.1,0.39,0.0,1,2023-02-19,Approved,No,,0
LN005319,Karthik Iyer,Male,29.0,Married,BR003,Salaried,283700.0,660.0,1,4994.0,Auto Loan,148800.0,60,10.4,3190.93,0.35,0.0,0,2022-03-02,Approved,No,,0
LN001712,Divya Verma,Female,54.0,Single,BR012,Salaried,747700.0,614.0,2,1625.84,Home Loan,2588300.0,300,9.86,23264.94,0.4,3052500.0,2,2023-10-10,Approved,No,,0
LN003933,Kritika Chatterjee,Female,33.0,Married,BR005,Business Owner,487300.0,736.0,0,0.0,Business Loan,920700.0,24,12.14,43400.76,1.07,974900.0,0,2022-08-16,Approved,Yes,2023-03-30,32
LN002542,Vivaan Malhotra,Male,43.0,Married,BR006,Self-Employed,581000.0,545.0,1,4988.69,Home Loan,2707100.0,240,10.55,0.0,0.66,3604600.0,1,2023-02-25,Rejected,No,,0
LN000977,Aditya Pillai,Male,45.0,Single,BR001,Salaried,395400.0,832.0,0,0.0,Home Loan,1327600.0,180,7.68,0.0,0.38,1559900.0,0,2023-09-16,Rejected,No,,0
LN002993,Rohan Nair,Male,21.0,Divorced,BR006,Self-Employed,323200.0,717.0,0,0.0,Gold Loan,79200.0,18,9.33,4732.12,0.18,79500.0,0,2024-05-11,Approved,Yes,2024-09-05,29
LN000684,Rahul Chatterjee,Male,34.0,Married,BR005,Business Owner,173200.0,787.0,0,0.0,Education Loan,120300.0,120,10.13,1598.45,0.11,0.0,0,2022-02-16,Approved,Yes,2023-10-28,45
LN001699,Manish Patel,Male,23.0,Married,BR005,Salaried,476000.0,807.0,0,0.0,Home Loan,2591900.0,180,7.93,24664.92,0.62,2998200.0,1,2022-05-20,Approved,No,,0
LN004252,Nikhil Singh,Male,41.0,Married,BR014,Self-Employed,179200.0,791.0,0,0.0,Auto Loan,157400.0,84,9.09,2539.62,0.17,0.0,1,2022-09-25,Approved,No,,0
LN004414,Riya Patel,Female,42.0,Married,BR011,Salaried,291300.0,665.0,0,0.0,Education Loan,239400.0,60,11.35,5247.02,0.22,0.0,1,2024-05-29,Approved,Yes,2025-07-19,4
LN002825,Rohan Joshi,Male,33.0,Single,BR005,Unemployed,,724.0,1,1042.94,Personal Loan,25000.0,36,13.76,0.0,0.25,0.0,0,2024-09-24,Rejected,No,,0
LN003150,Rohan Das,Male,37.0,Married,BR006,Salaried,693300.0,642.0,1,5666.53,Personal Loan,330400.0,36,14.58,11385.59,0.3,0.0,2,2023-01-01,Approved,No,,0
LN002837,Vihaan Patel,Male,48.0,Married,BR010,Salaried,442500.0,541.0,1,6386.75,Business Loan,770100.0,36,14.09,0.0,0.89,836400.0,4,2022-05-10,Rejected,No,,0
LN005019,Karthik Chauhan,Male,40.0,Single,BR012,Business Owner,931300.0,687.0,3,473.36,Business Loan,709300.0,84,12.63,12761.31,0.17,719600.0,0,2023-02-18,Approved,No,,0
LN003948,Vihaan Sharma,Male,21.0,Married,BR006,Salaried,631300.0,584.0,1,12626.66,Gold Loan,148800.0,18,10.66,8981.78,0.41,167000.0,2,2025-08-19,Approved,No,,0
LN005310,Vivaan Sharma,Male,45.0,Married,BR011,Salaried,604200.0,752.0,0,0.0,Personal Loan,281900.0,12,13.48,25242.07,0.5,0.0,1,2025-03-23,Approved,No,,0
LN004487,Vivaan Naidu,Male,35.0,Married,BR008,Salaried,460700.0,689.0,0,0.0,Personal Loan,160200.0,12,14.11,14392.19,0.37,0.0,0,2023-12-21,Approved,No,,0
LN003508,Meera Patel,Female,24.0,Single,BR003,Business Owner,1399600.0,645.0,2,11071.66,Auto Loan,960800.0,48,10.55,24622.93,0.31,0.0,2,2022-04-06,Approved,No,,0
LN001034,Rahul Bhatt,Male,35.0,Married,BR004,Salaried,1323400.0,468.0,1,13170.04,Auto Loan,979100.0,36,12.32,0.0,0.42,0.0,4,2025-09-13,Rejected,No,,0
LN002775,Meera Naidu,Female,47.0,Married,BR015,Salaried,324200.0,712.0,1,3540.72,Business Loan,284800.0,84,12.38,5085.56,0.32,360500.0,0,2023-03-15,Approved,No,,0
LN003296,Suresh Kapoor,Male,52.0,Single,BR018,Self-Employed,379400.0,590.0,1,1352.63,Personal Loan,204900.0,36,15.1,0.0,0.27,0.0,0,2025-05-20,Rejected,No,,0
LN001603,Sai Rao,Male,26.0,Married,BR009,Salaried,389700.0,532.0,1,7063.01,Personal Loan,71300.0,24,15.68,3480.18,0.32,0.0,2,2025-08-30,Approved,Yes,2025-11-06,2
LN004151,Diya Bhatt,Female,37.0,Married,BR017,Salaried,600100.0,524.0,2,921.95,Personal Loan,243400.0,36,15.76,8528.41,0.19,0.0,1,2024-05-27,Approved,Yes,2024-07-10,81
LN001114,Rohan Malhotra,Male,59.0,Single,BR003,Salaried,406400.0,594.0,0,0.0,Auto Loan,435900.0,60,11.06,9490.57,0.28,0.0,2,2022-04-20,Approved,No,,0
LN004362,Krishna Kapoor,Male,47.0,Married,BR008,Salaried,165100.0,618.0,0,0.0,Education Loan,127300.0,120,11.82,1813.16,0.13,0.0,1,2022-06-25,Approved,Yes,2024-04-10,13
LN002055,Vihaan Verma,Male,34.0,Married,BR009,Salaried,237600.0,615.0,0,0.0,Education Loan,224200.0,84,11.85,3939.78,0.2,0.0,0,2022-06-05,Approved,No,,0
LN005080,Diya Gupta,Female,63.0,Married,BR013,Salaried,214600.0,719.0,2,2948.13,Personal Loan,126700.0,48,13.81,3450.2,0.36,0.0,0,2024-11-26,Approved,No,,0
LN003881,Sunita Iyer,Female,22.0,Married,BR001,Business Owner,1019600.0,786.0,1,9808.51,Auto Loan,843500.0,36,9.14,26878.07,0.43,0.0,0,2025-12-30,Approved,No,,0
LN003667,Rekha Reddy,Female,35.0,Single,BR008,Salaried,365200.0,592.0,1,7466.25,Education Loan,137000.0,120,12.08,1971.89,0.31,0.0,0,2022-05-06,Approved,No,,0
LN004286,Aadhya Nair,Female,42.0,Married,BR012,Salaried,195700.0,514.0,0,0.0,Business Loan,183600.0,84,14.36,3477.28,0.21,227700.0,1,2022-04-29,Approved,Yes,2022-08-01,29
LN001403,Anjali Gupta,Female,44.0,Married,BR008,Salaried,228500.0,647.0,2,3003.45,Home Loan,990500.0,300,9.53,8674.63,0.61,1091100.0,4,2024-11-10,Approved,No,,0
LN003405,Suresh Iyer,Male,21.0,Married,BR005,Unemployed,144900.0,783.0,0,0.0,Personal Loan,72100.0,48,13.17,1940.35,0.16,0.0,1,2022-03-28,Approved,Yes,2025-09-09,215
LN000094,Sai Das,Male,44.0,Married,BR007,Salaried,360600.0,622.0,2,6885.43,Personal Loan,92600.0,12,14.78,0.0,0.51,0.0,0,2024-10-19,Rejected,No,,0
LN002583,Amit Das,Male,36.0,Married,BR001,Salaried,482900.0,716.0,0,0.0,Home Loan,1557800.0,180,8.84,15652.32,0.39,1805200.0,1,2023-09-22,Approved,No,,0
LN005249,Krishna Chatterjee,Male,22.0,Married,BR006,Salaried,223000.0,834.0,0,0.0,Personal Loan,112500.0,24,12.66,5330.51,0.29,0.0,0,2023-05-01,Approved,No,,0
LN001139,Aarav Joshi,Male,52.0,Single,BR011,Salaried,722800.0,826.0,0,0.0,Home Loan,3297000.0,240,7.74,27046.34,0.45,3368800.0,0,2022-06-17,Approved,No,,0
LN000552,Ananya Chauhan,Female,28.0,Single,BR012,Salaried,429000.0,510.0,2,3757.28,Home Loan,2335300.0,240,10.9,0.0,0.77,3091200.0,1,2022-05-20,Rejected,No,,0
LN003992,Rekha Joshi,Female,23.0,Single,BR014,Business Owner,1002000.0,682.0,2,11595.36,Personal Loan,534500.0,24,14.18,25708.36,0.45,0.0,0,2022-02-23,Approved,No,,0
LN005238,Aadhya Kapoor,Female,34.0,Divorced,BR004,Salaried,1243100.0,616.0,0,0.0,Auto Loan,604500.0,48,10.84,0.0,0.15,0.0,2,2025-02-22,Rejected,No,,0
LN001305,Kritika Mehta,Female,50.0,Single,BR006,Business Owner,670500.0,808.0,0,0.0,Business Loan,1670100.0,84,11.42,28966.32,0.52,1849600.0,0,2025-02-21,Approved,No,,0
LN003908,Karthik Chauhan,Male,40.0,Married,BR007,Salaried,577900.0,801.0,0,0.0,Auto Loan,515800.0,48,8.99,12833.26,0.27,0.0,0,2022-06-18,Approved,No,,0
LN000558,Aarav Reddy,Male,35.0,Single,BR013,Unemployed,90000.0,569.0,1,329.4,Gold Loan,25000.0,18,10.81,1510.77,0.25,34800.0,1,2025-07-29,Approved,No,,0
LN005370,Sai Patel,Male,28.0,Married,BR008,Self-Employed,229600.0,535.0,1,447.09,Auto Loan,109700.0,36,11.65,0.0,0.21,0.0,2,2025-04-11,Rejected,No,,0
LN003610,Geeta Joshi,Female,33.0,Single,BR010,Salaried,199900.0,709.0,3,902.81,Personal Loan,52900.0,36,13.91,1805.69,0.16,0.0,0,2023-09-21,Approved,No,,0
LN001973,Amit Mehta,Male,34.0,Single,BR006,Self-Employed,573400.0,866.0,1,5451.63,Personal Loan,330700.0,24,12.34,0.0,0.44,0.0,2,2022-10-16,Rejected,No,,0
LN001041,Meera Iyer,Female,27.0,Married,BR005,Salaried,,748.0,1,9425.73,Home Loan,2133900.0,240,8.52,18545.5,0.7,2168700.0,0,2022-05-24,Approved,No,,0
LN003853,Arjun Verma,Male,25.0,Single,BR002,Self-Employed,542900.0,547.0,1,10352.77,Auto Loan,398900.0,36,11.53,13159.82,0.52,0.0,0,2022-07-08,Approved,No,,0
LN000939,Nikhil Patel,Male,42.0,Married,BR011,Salaried,432200.0,716.0,0,0.0,Business Loan,362300.0,36,12.34,12092.46,0.34,459600.0,1,2023-09-10,Approved,Yes,2023-10-19,21
LN002192,Arjun Nair,Male,23.0,Married,BR003,Unemployed,98100.0,792.0,0,0.0,Education Loan,48400.0,120,10.08,641.76,0.08,0.0,0,2023-01-22,Approved,Yes,2023-10-29,79
LN002680,Diya Gupta,Female,24.0,Married,BR001,Self-Employed,644000.0,620.0,1,10895.2,Home Loan,3795800.0,240,9.8,0.0,0.88,4627900.0,1,2022-05-03,Rejected,No,,0
LN005189,Reyansh Das,Male,33.0,Married,BR004,Salaried,216100.0,811.0,1,3267.46,Home Loan,844200.0,180,7.89,8014.1,0.63,994900.0,0,2022-05-18,Approved,No,,0
LN004760,Vihaan Reddy,Male,39.0,Married,BR011,Salaried,455100.0,704.0,1,6003.02,Auto Loan,508900.0,60,9.96,10802.61,0.44,0.0,1,2022-09-24,Approved,Yes,2022-12-08,74
LN004326,Krishna Joshi,Male,27.0,Single,BR001,Salaried,440200.0,564.0,1,7978.15,Personal Loan,201200.0,48,15.36,5636.33,0.37,0.0,1,2025-04-30,Approved,Yes,2025-12-12,34
LN004267,Suresh Mehta,Male,21.0,Single,BR009,Salaried,420100.0,719.0,1,4650.7,Personal Loan,161700.0,24,13.81,7749.18,0.35,0.0,1,2023-02-25,Approved,No,,0
LN003961,Sai Chauhan,Male,34.0,Divorced,BR001,Self-Employed,359900.0,800.0,1,6826.56,Auto Loan,178200.0,36,9.0,5666.71,0.42,0.0,0,2025-04-30,Approved,No,,0
LN004740,Diya Das,Female,37.0,Single,BR015,Self-Employed,342300.0,694.0,1,1818.92,Auto Loan,322200.0,36,10.06,10405.57,0.43,0.0,0,2025-09-17,Approved,No,,0
LN003252,Rahul Reddy,Male,31.0,Married,BR007,Salaried,417200.0,,2,5019.32,Home Loan,2126600.0,240,8.4,18320.75,0.67,2568500.0,0,2024-02-07,Approved,No,,0
LN004204,Suresh Singh,Male,21.0,Single,BR016,Salaried,637800.0,663.0,1,6205.9,Home Loan,2706400.0,300,9.37,23401.62,0.56,3741700.0,1,2025-03-05,Approved,No,,0
LN004028,Sunita Naidu,Female,29.0,Married,BR007,Salaried,579800.0,702.0,1,4490.19,Auto Loan,302200.0,48,9.98,7661.67,0.25,0.0,0,2025-06-26,Approved,No,,0
LN004680,Nikhil Naidu,Male,46.0,Single,BR012,Self-Employed,699700.0,539.0,0,0.0,Home Loan,3958600.0,180,10.61,0.0,0.76,4404300.0,2,2023-02-14,Rejected,No,,0
LN005127,Karthik Patel,Male,21.0,Single,BR002,Self-Employed,136000.0,662.0,1,2621.1,Home Loan,815700.0,240,9.38,7539.59,0.9,1046900.0,0,2025-01-30,Approved,No,,0
LN004847,Manish Nair,Male,25.0,Married,BR009,Salaried,396900.0,672.0,0,0.0,Home Loan,1603700.0,300,9.28,13767.01,0.42,1881800.0,0,2025-06-03,Approved,No,,0
LN003080,Rohan Verma,Male,,Married,BR009,Salaried,663400.0,685.0,1,11769.73,Business Loan,642700.0,84,12.65,11570.03,0.42,655200.0,0,2022-09-12,Approved,No,,0
LN005376,Suresh Sharma,Male,28.0,Divorced,BR005,Salaried,508600.0,613.0,2,4465.73,Gold Loan,86200.0,24,10.37,0.0,0.2,91800.0,1,2022-11-26,Rejected,No,,0
LN005338,Sai Naidu,Male,36.0,Married,BR003,Unemployed,128500.0,666.0,0,0.0,Auto Loan,148500.0,84,10.34,0.0,0.23,0.0,0,2023-02-08,Rejected,No,,0
LN003673,Reyansh Naidu,Male,36.0,Married,BR007,Self-Employed,361000.0,605.0,0,0.0,Personal Loan,165500.0,36,14.95,0.0,0.19,0.0,1,2025-08-04,Rejected,No,,0
LN003230,Sneha Chatterjee,Female,29.0,Single,BR007,Salaried,616000.0,687.0,0,0.0,Business Loan,751900.0,84,12.63,13527.74,0.26,1032000.0,1,2024-08-10,Approved,No,,0
LN002398,Priya Das,Female,45.0,Single,BR004,Salaried,501200.0,694.0,1,5210.38,Auto Loan,597800.0,48,10.06,15178.98,0.49,0.0,0,2025-04-11,Approved,No,,0
LN004911,Neha Malhotra,Female,33.0,Married,BR005,Salaried,239600.0,499.0,1,65.24,Home Loan,1120000.0,300,11.01,10985.36,0.55,1386600.0,1,2022-04-10,Approved,Yes,2024-05-21,1
LN003186,Vivaan Pillai,Male,,Married,BR001,Salaried,523100.0,560.0,2,5822.05,Auto Loan,291800.0,84,11.4,0.0,0.25,0.0,0,2024-04-20,Rejected,No,,0
LN004640,Nikhil Sharma,Male,35.0,Divorced,BR004,Salaried,307600.0,511.0,2,5518.07,Education Loan,168900.0,84,12.89,3062.53,0.33,0.0,2,2022-11-05,Approved,No,,0
LN003107,Reyansh Gupta,Male,,Married,BR004,Salaried,744200.0,751.0,1,1880.3,Personal Loan,249700.0,48,13.49,6759.71,0.14,0.0,2,2025-08-17,Approved,No,,0
LN000665,Aadhya Bhatt,Female,45.0,Married,BR018,Business Owner,428700.0,621.0,1,5603.68,Business Loan,930900.0,60,13.29,21319.29,0.75,1234900.0,1,2025-01-13,Approved,No,,0
LN001969,Aadhya Nair,Female,25.0,Married,BR009,Self-Employed,516700.0,824.0,1,3527.63,Home Loan,1817800.0,120,7.76,21825.08,0.59,2293300.0,0,2022-02-06,Approved,No,,0
LN004111,Amit Bhatt,Male,,Married,BR005,Salaried,463100.0,712.0,1,6827.6,Auto Loan,507800.0,48,9.88,12849.88,0.51,0.0,1,2024-07-15,Approved,No,,0
LN000389,Sneha Singh,Female,22.0,Married,BR006,Salaried,555800.0,787.0,0,0.0,Auto Loan,419200.0,84,9.13,0.0,0.15,0.0,2,2023-08-17,Rejected,No,,0
LN000039,Aditya Joshi,Male,37.0,Single,BR011,Business Owner,656500.0,787.0,2,1417.24,Business Loan,991000.0,84,11.63,17298.38,0.34,1318800.0,0,2023-11-07,Approved,No,,0
LN002273,Kavya Verma,Female,34.0,Married,BR003,Business Owner,888400.0,597.0,0,0.0,Auto Loan,504500.0,48,11.03,13046.42,0.18,0.0,1,2022-05-15,Approved,No,,0
LN002685,Manish Rao,Male,48.0,Single,BR005,Business Owner,623200.0,686.0,2,8497.09,Auto Loan,716500.0,60,10.14,15272.91,0.46,0.0,3,2022-01-28,Approved,Yes,2024-07-18,98
LN001675,Amit Gupta,Male,45.0,Single,BR002,Self-Employed,193200.0,742.0,0,0.0,Personal Loan,58000.0,12,13.58,0.0,0.32,0.0,2,2023-03-13,Rejected,No,,0
LN002798,Ananya Mehta,Female,41.0,Married,BR005,Salaried,623800.0,433.0,1,9046.89,Personal Loan,271200.0,12,16.67,0.0,0.65,0.0,2,2022-10-25,Rejected,No,,0
LN002274,Diya Chauhan,Female,,Single,BR001,Self-Employed,813800.0,590.0,0,0.0,Home Loan,2979200.0,240,10.1,0.0,0.43,3518300.0,2,2025-12-01,Rejected,No,,0
LN000031,Suresh Nair,Male,42.0,Married,BR009,Business Owner,536600.0,567.0,0,0.0,Gold Loan,89200.0,18,10.83,5391.24,0.12,123400.0,1,2024-11-17,Approved,No,,0
LN005146,Priya Singh,Female,31.0,Married,BR001,Salaried,376500.0,672.0,0,0.0,Personal Loan,197800.0,12,14.28,0.0,0.57,0.0,1,2022-07-27,Rejected,No,,0
LN004794,Rajesh Iyer,Male,40.0,Single,BR009,Salaried,373500.0,838.0,2,3243.48,Business Loan,844100.0,24,11.12,39388.72,1.37,1116100.0,0,2025-02-24,Approved,No,,0
LN003928,Vivaan Joshi,Male,30.0,Married,BR011,Salaried,432800.0,551.0,1,835.65,Auto Loan,472100.0,48,11.49,12314.32,0.36,0.0,3,2024-05-03,Approved,Yes,2024-09-13,157
LN004628,Shreya Rao,Female,24.0,Married,BR012,Salaried,419300.0,624.0,1,2672.17,Business Loan,598100.0,24,13.26,28507.86,0.89,684100.0,2,2023-11-07,Approved,No,,0
LN002560,Ishaan Patel,Male,46.0,Married,BR007,Salaried,474200.0,712.0,2,8138.45,Gold Loan,88800.0,18,9.38,5307.75,0.34,111500.0,0,2025-02-22,Approved,No,,0
LN004627,Ishita Das,Female,22.0,Married,BR006,Salaried,646800.0,703.0,0,0.0,Business Loan,576300.0,60,12.47,12956.77,0.24,680500.0,0,2025-11-24,Approved,No,,0
LN000957,Priya Chauhan,Female,33.0,Married,BR008,Self-Employed,494800.0,530.0,1,9808.24,Personal Loan,178300.0,36,15.7,0.0,0.39,0.0,0,2024-02-21,Rejected,No,,0
LN003683,Geeta Reddy,Female,44.0,Married,BR006,Business Owner,713700.0,758.0,1,11967.71,Personal Loan,128500.0,36,13.42,4355.71,0.27,0.0,1,2022-01-11,Approved,No,,0
LN001868,Aarav Nair,Male,43.0,Married,BR009,Business Owner,635400.0,647.0,0,0.0,Gold Loan,36000.0,18,10.03,2162.55,0.04,38200.0,0,2022-10-10,Approved,No,,0
LN001741,Shreya Rao,Female,48.0,Married,BR008,Self-Employed,288900.0,681.0,1,4227.01,Personal Loan,46900.0,12,14.19,0.0,0.35,0.0,1,2023-03-09,Rejected,No,,0
LN002041,Deepak Kapoor,Male,43.0,Single,BR006,Business Owner,578300.0,,0,0.0,Home Loan,2916600.0,180,9.45,0.0,0.63,3007800.0,0,2025-02-24,Rejected,No,,0
LN004240,Aadhya Iyer,Female,34.0,Single,BR001,Salaried,293400.0,675.0,0,0.0,Personal Loan,58300.0,12,14.25,5241.45,0.21,0.0,0,2024-08-21,Approved,No,,0
LN003415,Rajesh Gupta,Male,43.0,Married,BR012,Salaried,405600.0,681.0,0,0.0,Home Loan,2393100.0,180,9.19,24543.64,0.73,2938600.0,0,2024-10-03,Approved,No,,0
LN004470,Rohan Patel,Male,40.0,Married,BR005,Unemployed,90000.0,727.0,0,0.0,Personal Loan,26900.0,36,13.73,915.85,0.12,0.0,0,2023-04-20,Approved,No,,0
LN000634,Anil Gupta,Male,28.0,Divorced,BR012,Salaried,367600.0,507.0,0,0.0,Business Loan,913200.0,60,14.43,21452.69,0.7,1065200.0,2,2022-09-17,Approved,No,,0
LN002732,Vivaan Naidu,Male,24.0,Married,BR007,Self-Employed,254500.0,664.0,2,2813.48,Business Loan,471200.0,84,12.86,8536.23,0.54,589200.0,0,2024-10-14,Approved,No,,0
LN004796,Rajesh Chatterjee,Male,28.0,Married,BR010,Self-Employed,243300.0,671.0,0,0.0,Personal Loan,67700.0,12,14.29,0.0,0.3,0.0,1,2025-05-05,Rejected,No,,0
LN003314,Rajesh Kapoor,Male,52.0,Single,BR018,Salaried,490500.0,842.0,1,697.63,Gold Loan,32500.0,12,8.08,2828.33,0.09,36100.0,0,2024-07-17,Approved,Yes,2025-01-11,162
LN003435,Karthik Verma,Male,21.0,Single,BR008,Salaried,439300.0,766.0,3,8515.11,Education Loan,305100.0,60,10.34,0.0,0.41,0.0,2,2025-11-26,Rejected,No,,0
LN002879,Vikram Iyer,Male,,Single,BR014,Business Owner,511700.0,579.0,0,0.0,Education Loan,351000.0,120,12.21,5078.53,0.12,0.0,2,2025-11-17,Approved,Yes,2025-12-27,66
LN005151,Karthik Sharma,Male,,Single,BR002,Business Owner,504900.0,478.0,0,0.0,Personal Loan,220100.0,24,16.22,0.0,0.26,0.0,4,2025-07-10,Rejected,No,,0
LN002723,Anil Kapoor,Male,42.0,Married,BR007,Salaried,360400.0,753.0,2,3391.68,Business Loan,685300.0,60,11.97,15233.73,0.62,773900.0,0,2024-12-17,Approved,Yes,2025-12-22,31
LN002437,Aarav Pillai,Male,35.0,Married,BR009,Self-Employed,603700.0,743.0,1,6620.24,Auto Loan,414700.0,84,9.57,0.0,0.27,0.0,0,2022-02-05,Rejected,No,,0
LN004694,Krishna Nair,Male,47.0,Married,BR014,Salaried,434900.0,779.0,0,0.0,Auto Loan,387100.0,60,9.21,0.0,0.22,0.0,1,2022-03-30,Rejected,No,,0
LN000466,Aditya Gupta,Male,34.0,Married,BR013,Salaried,429600.0,765.0,1,530.52,Education Loan,186900.0,60,10.35,4003.34,0.13,0.0,2,2023-01-04,Approved,No,,0
LN001965,Aditya Pillai,Male,21.0,Single,BR006,Salaried,471500.0,616.0,1,4206.92,Home Loan,2528600.0,240,9.84,0.0,0.72,2932900.0,2,2023-06-04,Rejected,No,,0
LN000619,Aditya Naidu,Male,35.0,Married,BR012,Salaried,668900.0,636.0,1,6828.89,Education Loan,663800.0,84,11.64,11590.47,0.33,0.0,0,2022-11-06,Approved,Yes,2025-02-07,58
LN003118,Divya Das,Female,35.0,Married,BR003,Salaried,445800.0,766.0,2,2933.23,Auto Loan,450500.0,36,9.34,14397.17,0.47,0.0,0,2022-02-21,Approved,No,,0
LN001167,Krishna Chauhan,Male,54.0,Married,BR004,Salaried,613200.0,510.0,0,0.0,Home Loan,2351000.0,300,10.9,22872.69,0.45,3095700.0,2,2024-06-30,Approved,No,,0
LN000723,Priya Joshi,Female,50.0,Married,BR003,Salaried,537700.0,801.0,1,778.02,Business Loan,569500.0,60,11.49,12521.93,0.3,789300.0,0,2022-01-04,Approved,No,,0
LN005236,Vihaan Iyer,Male,41.0,Divorced,BR008,Salaried,280300.0,675.0,2,2989.55,Personal Loan,114900.0,24,14.25,5530.26,0.36,0.0,1,2022-10-26,Approved,Yes,2023-12-10,13
LN003360,Neha Bhatt,Female,21.0,Married,BR016,Salaried,470700.0,662.0,1,7830.17,Business Loan,487500.0,84,12.88,8836.81,0.42,495900.0,0,2022-02-09,Approved,No,,0
LN003874,Manish Rao,Male,21.0,Divorced,BR015,Salaried,246100.0,697.0,0,0.0,Home Loan,802600.0,180,9.03,8154.83,0.4,830600.0,1,2023-07-18,Approved,Yes,2024-12-14,239
LN003365,Ananya Kapoor,Female,48.0,Single,BR002,Salaried,516000.0,590.0,0,0.0,Personal Loan,63600.0,36,15.1,2207.83,0.05,0.0,1,2024-02-11,Approved,Yes,2025-04-24,254
LN001836,Geeta Kapoor,Female,39.0,Single,BR003,Business Owner,812800.0,802.0,0,0.0,Education Loan,736100.0,36,9.98,23744.97,0.35,0.0,0,2023-05-20,Approved,No,,0
LN002885,Aarav Rao,Male,44.0,Single,BR003,Salaried,590900.0,421.0,0,0.0,Business Loan,1061400.0,84,15.29,20654.65,0.42,1236800.0,1,2025-12-12,Approved,No,,0
LN004312,Manish Naidu,Male,25.0,Married,BR013,Business Owner,1769400.0,696.0,1,29971.82,Home Loan,8019500.0,300,9.04,0.0,0.66,8822700.0,0,2025-09-03,Rejected,No,,0
LN004092,Suresh Gupta,Male,34.0,Married,BR001,Salaried,496900.0,640.0,2,9642.51,Auto Loan,271600.0,84,10.6,4593.53,0.34,0.0,1,2024-03-07,Approved,No,,0
LN000541,Sunita Chauhan,Female,49.0,Married,BR005,Salaried,690500.0,559.0,0,0.0,Personal Loan,226300.0,24,15.41,11016.66,0.19,0.0,2,2025-11-04,Approved,No,,0
LN002899,Karthik Patel,Male,33.0,Married,BR004,Salaried,544500.0,,0,0.0,Home Loan,1802600.0,120,8.58,22426.86,0.49,2324700.0,0,2023-01-09,Approved,No,,0
LN005286,Sai Nair,Male,48.0,Married,BR008,Salaried,398500.0,780.0,2,1844.39,Education Loan,349900.0,120,10.2,4662.79,0.2,0.0,0,2023-03-16,Approved,No,,0
LN003909,Vihaan Patel,Male,42.0,Married,BR007,Salaried,1018800.0,716.0,0,0.0,Home Loan,4396500.0,180,8.84,44174.74,0.52,5504700.0,0,2023-11-24,Approved,No,,0
LN001810,Sunita Patel,Female,49.0,Married,BR013,Salaried,545700.0,868.0,0,0.0,Business Loan,432700.0,60,10.82,9369.15,0.21,510700.0,1,2024-06-06,Approved,No,,0
LN003702,Vihaan Kapoor,Male,39.0,Married,BR015,Salaried,376300.0,600.0,0,0.0,Home Loan,1152400.0,120,10.0,0.0,0.49,1484900.0,0,2022-09-23,Rejected,No,,0
LN005369,Anil Gupta,Male,22.0,Single,BR007,Salaried,497500.0,560.0,0,0.0,Personal Loan,171500.0,48,15.4,0.0,0.12,0.0,1,2024-01-09,Rejected,No,,0
LN001499,Rajesh Mehta,Male,42.0,Single,BR002,Self-Employed,275500.0,670.0,0,0.0,Auto Loan,116200.0,48,10.3,2963.9,0.13,0.0,1,2025-03-14,Approved,Yes,2025-09-20,32
LN004287,Geeta Iyer,Female,27.0,Married,BR012,Business Owner,269500.0,566.0,0,0.0,Personal Loan,110000.0,12,15.34,9946.07,0.44,0.0,1,2024-05-02,Approved,Yes,2024-09-14,84
LN003479,Aadhya Rao,Female,40.0,Single,BR014,Salaried,236700.0,748.0,2,828.57,Home Loan,1043000.0,180,8.52,10283.06,0.56,1109100.0,0,2025-02-16,Approved,No,,0
LN000526,Ishaan Nair,Male,39.0,Married,BR011,Salaried,497200.0,583.0,1,4644.92,Auto Loan,252700.0,84,11.17,4349.46,0.22,0.0,1,2022-05-14,Approved,Yes,2025-05-29,43
LN005144,Rohan Naidu,Male,27.0,Married,BR003,Business Owner,797100.0,,0,0.0,Auto Loan,385900.0,60,9.76,8153.74,0.12,0.0,1,2024-01-19,Approved,No,,0
LN003587,Arjun Rao,Male,40.0,Married,BR010,Salaried,858700.0,670.0,2,960.13,Business Loan,1670300.0,24,12.8,79252.29,1.12,2149200.0,0,2022-01-19,Approved,Yes,2023-01-31,26
LN001330,Anil Mehta,Male,41.0,Married,BR010,Salaried,536100.0,616.0,0,0.0,Personal Loan,138000.0,12,14.84,0.0,0.28,0.0,1,2024-05-03,Rejected,No,,0
LN004225,Sneha Chatterjee,Female,48.0,Married,BR008,Business Owner,626400.0,640.0,1,3672.41,Home Loan,2713000.0,120,9.6,35254.27,0.75,3175100.0,3,2023-10-22,Approved,No,,0
LN005391,Saanvi Joshi,Female,52.0,Single,BR005,Self-Employed,600900.0,,0,0.0,Home Loan,1975700.0,120,10.37,0.0,0.53,2732000.0,1,2024-01-07,Rejected,No,,0
LN002207,Rekha Reddy,Female,48.0,Married,BR014,Unemployed,118900.0,593.0,0,0.0,Business Loan,110200.0,84,13.57,2039.06,0.21,115400.0,1,2022-10-10,Approved,Yes,2025-01-10,18
LN005261,Manish Rao,Male,21.0,Single,BR014,Salaried,360200.0,586.0,0,0.0,Education Loan,335300.0,60,12.14,0.0,0.25,0.0,0,2024-01-21,Rejected,No,,0
LN002781,Ishaan Reddy,Male,29.0,Married,BR002,Self-Employed,239200.0,749.0,1,2338.18,Home Loan,843400.0,180,8.51,8310.24,0.53,1170600.0,0,2022-10-10,Approved,No,,0
LN001861,Aarav Pillai,Male,22.0,Married,BR014,Business Owner,457500.0,774.0,1,1188.88,Personal Loan,208600.0,48,13.26,5623.17,0.18,0.0,0,2022-10-08,Approved,No,,0
LN000461,Sai Nair,Male,,Married,BR012,Salaried,1052800.0,685.0,0,0.0,Education Loan,864700.0,36,11.15,28370.63,0.32,0.0,1,2022-07-09,Approved,Yes,2023-01-26,25
LN001458,Riya Iyer,Female,26.0,Married,BR009,Self-Employed,379600.0,574.0,1,249.01,Business Loan,430500.0,36,13.76,0.0,0.47,590400.0,0,2024-04-11,Rejected,No,,0
LN002793,Rajesh Agarwal,Male,40.0,Single,BR015,Salaried,703200.0,739.0,0,0.0,Auto Loan,665300.0,48,9.61,0.0,0.29,0.0,0,2025-09-03,Rejected,No,,0
LN003535,Neha Das,Female,31.0,Single,BR008,Self-Employed,556000.0,796.0,1,6211.59,Auto Loan,566800.0,60,9.04,11776.84,0.39,0.0,0,2023-06-07,Approved,No,,0
LN000417,Rahul Kapoor,Male,42.0,Single,BR002,Salaried,413500.0,754.0,0,0.0,Auto Loan,489600.0,60,9.46,10272.94,0.3,0.0,0,2024-11-17,Approved,No,,0
LN003042,Suresh Mehta,Male,44.0,Married,BR005,Salaried,373400.0,778.0,0,0.0,Personal Loan,95700.0,24,13.22,0.0,0.15,0.0,0,2023-07-11,Rejected,No,,0
LN001574,Shreya Pillai,Female,21.0,Married,BR009,Salaried,719900.0,592.0,0,0.0,Personal Loan,420700.0,24,15.08,20414.33,0.34,0.0,2,2022-03-10,Approved,No,,0
LN004216,Vikram Pillai,Male,,Married,BR004,Salaried,285000.0,669.0,0,0.0,Auto Loan,184100.0,36,10.31,5967.22,0.25,0.0,1,2025-06-22,Approved,No,,0
LN005242,Aarav Naidu,Male,40.0,Married,BR005,Salaried,,564.0,1,2409.17,Auto Loan,508500.0,48,11.36,0.0,0.37,0.0,1,2023-03-07,Rejected,No,,0
LN004133,Deepak Chatterjee,Male,49.0,Married,BR010,Salaried,545900.0,841.0,1,5420.31,Personal Loan,140200.0,24,12.59,6638.4,0.27,0.0,0,2023-02-04,Approved,No,,0
LN005457,Deepak Singh,Male,34.0,Married,BR014,Business Owner,207700.0,814.0,2,43.26,Business Loan,191300.0,36,11.36,6295.58,0.37,208500.0,0,2024-09-20,Approved,No,,0
LN001814,Anil Chatterjee,Male,21.0,Single,BR018,Business Owner,1135800.0,789.0,0,0.0,Auto Loan,487200.0,60,9.11,10139.5,0.11,0.0,2,2025-01-15,Approved,No,,0
LN001129,Priya Bhatt,Female,39.0,Married,BR018,Salaried,414800.0,664.0,1,6276.72,Gold Loan,25000.0,18,9.86,0.0,0.22,31900.0,2,2022-07-15,Rejected,No,,0
LN004876,Pooja Iyer,Female,21.0,Single,BR002,Salaried,754300.0,788.0,1,12869.82,Business Loan,421400.0,24,11.62,19762.06,0.52,499400.0,0,2023-10-24,Approved,No,,0
LN002091,Ishaan Naidu,Male,35.0,Single,BR009,Salaried,,710.0,1,200.87,Home Loan,1600000.0,120,8.9,20181.63,0.9,2022000.0,0,2024-11-22,Approved,No,,0
LN000095,Karthik Reddy,Male,23.0,Divorced,BR006,Self-Employed,257700.0,732.0,2,4562.56,Business Loan,250700.0,24,12.18,11822.4,0.76,317700.0,0,2025-06-03,Approved,No,,0
LN004899,Ishaan Mehta,Male,33.0,Married,BR011,Salaried,670300.0,738.0,1,1434.76,Business Loan,1310900.0,36,12.12,43615.81,0.81,1798900.0,1,2024-02-09,Approved,No,,0
LN004726,Meera Singh,Female,40.0,Single,BR007,Salaried,409300.0,626.0,0,0.0,Home Loan,2219800.0,180,9.74,0.0,0.69,2366400.0,0,2023-10-27,Rejected,No,,0
LN001386,Swati Bhatt,Female,21.0,Married,BR005,Self-Employed,466200.0,745.0,1,605.65,Education Loan,327700.0,60,10.55,7051.67,0.2,0.0,2,2024-12-03,Approved,Yes,2025-01-18,22
LN004773,Meera Iyer,Female,34.0,Married,BR011,Business Owner,1185000.0,587.0,0,0.0,Home Loan,6276800.0,240,10.13,0.0,0.62,6566100.0,2,2024-02-19,Rejected,No,,0
LN003924,Aditya Malhotra,Male,23.0,Married,BR001,Salaried,167000.0,495.0,0,0.0,Auto Loan,77000.0,36,12.05,2559.34,0.18,0.0,1,2023-07-05,Approved,No,,0
LN003352,Saanvi Malhotra,Female,42.0,Single,BR004,Self-Employed,225100.0,704.0,2,2023.99,Gold Loan,36700.0,24,9.46,1684.39,0.2,44700.0,0,2025-02-08,Approved,No,,0
LN001754,Shreya Agarwal,Female,44.0,Married,BR008,Self-Employed,398300.0,763.0,3,7359.27,Personal Loan,140000.0,48,13.37,3781.61,0.34,0.0,0,2022-01-13,Approved,No,,0
LN003217,Ishaan Das,Male,21.0,Married,BR001,Salaried,366200.0,764.0,0,0.0,Business Loan,500100.0,60,11.86,11089.1,0.36,646000.0,0,2022-05-05,Approved,No,,0
LN001212,Nikhil Rao,Male,32.0,Married,BR016,Self-Employed,696500.0,587.0,0,0.0,Home Loan,3273100.0,120,10.13,43490.23,0.75,4319700.0,1,2025-11-07,Approved,No,,0
LN001796,Aditya Gupta,Male,30.0,Married,BR011,Salaried,341300.0,540.0,1,4207.0,Home Loan,1386800.0,300,10.6,0.0,0.61,1398200.0,2,2024-08-11,Rejected,No,,0
LN000950,Amit Verma,Male,47.0,Married,BR003,Salaried,343900.0,813.0,0,0.0,Gold Loan,35100.0,6,8.37,5993.64,0.21,40000.0,1,2023-05-03,Approved,No,,0
LN004337,Rohan Mehta,Male,35.0,Married,BR008,Business Owner,360900.0,672.0,0,0.0,Education Loan,203800.0,84,11.28,0.0,0.12,0.0,0,2025-03-16,Rejected,No,,0
LN000268,Priya Chatterjee,Female,27.0,Married,BR001,Business Owner,1353900.0,601.0,1,24256.04,Business Loan,2329200.0,24,13.49,111271.25,1.2,3027400.0,0,2025-06-13,Approved,No,,0
LN005097,Kavya Kapoor,Female,32.0,Married,BR007,Salaried,453000.0,808.0,1,5011.59,Home Loan,2457300.0,300,7.92,18835.8,0.63,2845000.0,0,2023-03-26,Approved,No,,0
LN004174,Rohan Nair,Male,37.0,Single,BR009,Business Owner,1106700.0,636.0,0,0.0,Business Loan,1486500.0,36,13.14,50186.36,0.54,1789800.0,2,2022-05-28,Approved,No,,0
LN000114,Anil Agarwal,Male,28.0,Divorced,BR014,Salaried,172400.0,375.0,2,1701.81,Education Loan,70000.0,120,14.25,0.0,0.19,0.0,1,2023-09-14,Rejected,No,,0
LN002772,Rekha Reddy,Female,21.0,Married,BR002,Business Owner,690200.0,496.0,0,0.0,Personal Loan,153000.0,12,16.04,0.0,0.24,0.0,1,2025-06-06,Rejected,No,,0
LN001565,Deepak Singh,Male,23.0,Single,BR004,Salaried,354000.0,717.0,2,4785.84,Gold Loan,40900.0,12,9.33,3583.03,0.28,41900.0,1,2024-05-05,Approved,Yes,2024-10-19,254
LN003228,Rajesh Nair,Male,60.0,Married,BR005,Salaried,219100.0,798.0,1,3543.6,Auto Loan,125500.0,36,9.02,3992.03,0.41,0.0,0,2023-03-18,Approved,No,,0
LN000865,Rahul Iyer,Male,50.0,Single,BR018,Salaried,304700.0,647.0,0,0.0,Auto Loan,251000.0,60,10.53,5398.7,0.21,0.0,1,2025-08-20,Approved,Yes,2025-12-26,42
LN004742,Aarav Singh,Male,26.0,Single,BR015,Salaried,1238100.0,729.0,1,15836.96,Personal Loan,526400.0,24,13.71,25201.92,0.4,0.0,0,2025-10-11,Approved,No,,0
LN003444,Suresh Bhatt,Male,37.0,Married,BR004,Salaried,567200.0,669.0,2,641.42,Auto Loan,636400.0,84,10.31,10667.21,0.24,0.0,0,2024-08-04,Approved,No,,0
LN000808,Arjun Iyer,Male,50.0,Single,BR005,Salaried,465700.0,791.0,1,7800.84,Auto Loan,326000.0,60,9.09,6781.47,0.38,0.0,0,2025-01-01,Approved,No,,0
LN004479,Ishita Naidu,Female,31.0,Married,BR002,Self-Employed,283700.0,786.0,0,0.0,Personal Loan,41700.0,36,13.14,1407.85,0.06,0.0,1,2022-02-16,Approved,No,,0
LN003274,Reyansh Kapoor,Male,52.0,Married,BR014,Salaried,295100.0,675.0,0,0.0,Personal Loan,135400.0,48,14.25,3717.01,0.15,0.0,1,2022-04-07,Approved,No,,0
LN001307,Kritika Reddy,Female,35.0,Divorced,BR015,Salaried,970600.0,590.0,0,0.0,Education Loan,717000.0,36,12.1,23848.92,0.29,0.0,1,2023-06-22,Approved,Yes,2024-12-02,28
LN004421,Ishaan Naidu,Male,28.0,Married,BR006,Business Owner,1449400.0,586.0,1,19962.26,Personal Loan,302700.0,12,15.14,27341.19,0.39,0.0,2,2025-03-19,Approved,Yes,2025-07-24,115
LN003647,Vihaan Joshi,Male,21.0,Married,BR003,Business Owner,1385400.0,623.0,0,0.0,Auto Loan,1271500.0,48,10.77,0.0,0.28,0.0,2,2025-12-03,Rejected,No,,0
LN000514,Diya Rao,Female,29.0,Single,BR005,Salaried,240000.0,751.0,0,0.0,Personal Loan,122800.0,12,13.49,0.0,0.55,0.0,1,2023-10-10,Rejected,No,,0
LN002167,Rohan Patel,Male,32.0,Married,BR001,Self-Employed,270200.0,780.0,1,455.82,Business Loan,460100.0,24,11.7,21594.1,0.98,532700.0,0,2022-03-12,Approved,No,,0
LN001609,Divya Mehta,Female,,Married,BR016,Salaried,183300.0,757.0,2,2056.58,Home Loan,1047400.0,120,8.43,12947.08,0.98,1379500.0,2,2023-11-10,Approved,No,,0
LN003484,Suresh Agarwal,Male,46.0,Single,BR007,Salaried,525400.0,598.0,1,8509.17,Auto Loan,545500.0,60,11.02,11865.93,0.47,0.0,0,2023-10-21,Approved,No,,0
LN002654,Anjali Kapoor,Female,35.0,Single,BR009,Salaried,447900.0,691.0,0,0.0,Home Loan,2428700.0,120,9.09,30884.17,0.83,2594500.0,0,2023-04-17,Approved,Yes,2024-08-13,3
LN001639,Vikram Das,Male,38.0,Married,BR001,Salaried,110600.0,762.0,1,481.18,Auto Loan,112800.0,60,9.38,0.0,0.31,0.0,2,2023-12-07,Rejected,No,,0
LN003603,Neha Malhotra,Female,30.0,Single,BR007,Salaried,368600.0,702.0,1,145.53,Home Loan,1843700.0,300,8.98,0.0,0.51,2200000.0,1,2024-07-21,Rejected,No,,0
LN005413,Krishna Singh,Male,39.0,Divorced,BR001,Salaried,394000.0,756.0,2,1377.77,Home Loan,2056700.0,120,8.44,25434.19,0.82,2550800.0,0,2023-08-20,Approved,No,,0
LN000842,Aadhya Iyer,Female,26.0,Single,BR008,Salaried,369100.0,769.0,1,28.11,Gold Loan,39400.0,18,8.81,2344.72,0.08,44700.0,0,2025-07-03,Approved,No,,0
LN001413,Aarav Joshi,Male,30.0,Single,BR003,Business Owner,265200.0,769.0,1,2811.74,Gold Loan,45300.0,24,8.81,2065.57,0.22,59200.0,1,2024-09-10,Approved,No,,0
LN001895,Vivaan Chatterjee,Male,48.0,Married,BR008,Salaried,489100.0,617.0,1,3286.6,Home Loan,1499900.0,120,9.83,19680.36,0.56,2097800.0,1,2022-11-04,Approved,Yes,2025-01-06,12
LN003179,Meera Verma,Female,31.0,Single,BR007,Self-Employed,194100.0,538.0,1,491.22,Personal Loan,111600.0,12,15.62,0.0,0.66,0.0,1,2023-10-04,Rejected,No,,0
LN002243,Rajesh Gupta,Male,28.0,Married,BR013,Salaried,541700.0,644.0,1,7718.65,Personal Loan,99900.0,36,14.56,3441.58,0.25,0.0,0,2023-11-04,Approved,Yes,2024-01-31,48
LN005050,Saanvi Chauhan,Female,42.0,Divorced,BR015,Salaried,599400.0,674.0,1,4033.6,Personal Loan,265900.0,24,14.26,0.0,0.34,0.0,0,2024-01-11,Rejected,No,,0
LN001434,Kritika Pillai,Female,41.0,Single,BR011,Self-Employed,785700.0,719.0,2,11959.31,Personal Loan,128000.0,36,13.81,4362.93,0.25,0.0,0,2024-04-14,Approved,No,,0
LN000607,Manish Agarwal,Male,28.0,Single,BR010,Salaried,294000.0,759.0,2,2488.82,Home Loan,1234700.0,300,8.41,9867.37,0.5,1467300.0,0,2025-09-01,Approved,No,,0
LN001521,Vivaan Chatterjee,Male,25.0,Single,BR015,Self-Employed,461500.0,627.0,1,8131.41,Auto Loan,498100.0,84,10.73,0.0,0.43,0.0,2,2025-03-30,Rejected,No,,0
LN005166,Pooja Gupta,Female,23.0,Married,BR003,Business Owner,856300.0,575.0,0,0.0,Auto Loan,994900.0,84,11.25,17166.17,0.24,0.0,4,2023-01-15,Approved,No,,0
LN005155,Suresh Nair,Male,46.0,Married,BR001,Self-Employed,474600.0,855.0,0,0.0,Home Loan,1836000.0,240,7.45,14734.61,0.37,1964500.0,0,2022-12-15,Approved,No,,0
LN002832,Meera Gupta,Female,36.0,Single,BR013,Salaried,767900.0,717.0,1,6812.83,Personal Loan,222800.0,36,13.83,7596.39,0.23,0.0,0,2022-12-08,Approved,No,,0
LN004027,Anil Patel,Male,31.0,Single,BR015,Salaried,935600.0,838.0,1,19227.88,Education Loan,603600.0,120,9.62,7850.15,0.35,0.0,0,2022-05-20,Approved,No,,0
LN004637,Vivaan Joshi,Male,21.0,Married,BR003,Business Owner,482000.0,684.0,1,7152.84,Home Loan,2486300.0,180,9.16,25454.91,0.81,2681800.0,0,2024-09-23,Approved,No,,0
LN001657,Sai Verma,Male,33.0,Single,BR005,Salaried,514200.0,796.0,0,0.0,Personal Loan,307500.0,36,13.04,10366.82,0.24,0.0,0,2025-12-08,Approved,No,,0
LN003944,Deepak Reddy,Male,57.0,Single,BR001,Business Owner,370400.0,697.0,0,0.0,Auto Loan,272400.0,84,10.03,4526.39,0.15,0.0,0,2025-03-12,Approved,No,,0
LN002894,Ishaan Joshi,Male,25.0,Married,BR012,Unemployed,275400.0,607.0,0,0.0,Education Loan,116700.0,36,11.93,0.0,0.17,0.0,1,2023-03-30,Rejected,No,,0
LN005023,Krishna Singh,Male,39.0,Married,BR009,Self-Employed,467000.0,878.0,0,0.0,Personal Loan,201300.0,36,12.22,6707.21,0.17,0.0,0,2025-05-21,Approved,Yes,2025-09-13,11
LN001011,Krishna Verma,Male,26.0,Single,BR004,Business Owner,741700.0,813.0,1,13260.47,Auto Loan,589100.0,48,8.87,14623.44,0.45,0.0,0,2025-10-26,Approved,Yes,2025-11-30,18
LN001672,Anjali Chatterjee,Female,38.0,Married,BR005,Business Owner,390600.0,677.0,0,0.0,Auto Loan,164400.0,84,10.23,2748.81,0.08,0.0,2,2025-10-28,Approved,No,,0
LN005107,Aarav Joshi,Male,41.0,Married,BR017,Salaried,324300.0,691.0,1,31.29,Home Loan,1280000.0,120,9.09,0.0,0.6,1450400.0,0,2023-10-13,Rejected,No,,0
LN002998,Anil Verma,Male,36.0,Single,BR001,Business Owner,316800.0,719.0,1,685.52,Personal Loan,61000.0,48,13.81,0.0,0.09,0.0,1,2025-07-05,Rejected,No,,0
LN002722,Priya Sharma,Female,21.0,Single,BR005,Salaried,388700.0,787.0,0,0.0,Personal Loan,49300.0,48,13.13,0.0,0.04,0.0,0,2024-08-15,Rejected,No,,0
LN003425,Karthik Singh,Male,43.0,Married,BR004,Business Owner,1730300.0,809.0,0,0.0,Personal Loan,487200.0,48,12.91,13048.6,0.09,0.0,1,2025-01-07,Approved,No,,0
LN003222,Suresh Naidu,Male,34.0,Married,BR008,Salaried,332400.0,652.0,0,0.0,Gold Loan,62400.0,24,9.98,2878.87,0.1,74000.0,1,2025-05-29,Approved,No,,0
LN000003,Aditya Chauhan,Male,24.0,Single,BR003,Salaried,442500.0,807.0,2,9073.31,Business Loan,508500.0,84,11.43,8822.15,0.49,557300.0,0,2023-05-24,Approved,Yes,2023-11-19,18
LN001392,Kritika Chatterjee,Female,42.0,Married,BR003,Salaried,223800.0,613.0,0,0.0,Education Loan,189700.0,36,11.87,6288.98,0.34,0.0,1,2025-05-08,Approved,No,,0
LN003072,Meera Joshi,Female,55.0,Married,BR006,Self-Employed,690100.0,719.0,2,10317.02,Gold Loan,165500.0,24,9.31,7584.39,0.31,205500.0,0,2025-01-09,Approved,No,,0
LN000298,Arjun Das,Male,48.0,Married,BR007,Business Owner,283000.0,733.0,1,2687.87,Home Loan,1667700.0,240,8.67,14652.62,0.74,2330200.0,2,2025-07-20,Approved,No,,0
LN003046,Ananya Verma,Female,57.0,Married,BR011,Salaried,530000.0,743.0,1,581.12,Home Loan,2109000.0,120,8.57,26227.6,0.61,2170500.0,1,2024-08-08,Approved,No,,0
LN003408,Vivaan Malhotra,Male,45.0,Married,BR001,Salaried,269100.0,638.0,2,3948.17,Auto Loan,239100.0,48,10.62,0.0,0.45,0.0,0,2022-06-08,Rejected,No,,0
LN000975,Anjali Agarwal,Female,49.0,Single,BR010,Unemployed,215600.0,659.0,1,3640.15,Education Loan,204300.0,36,11.41,0.0,0.58,0.0,0,2024-07-02,Rejected,No,,0
LN005387,Priya Gupta,Female,33.0,Married,BR010,Self-Employed,860800.0,605.0,1,4620.77,Personal Loan,500800.0,36,14.95,17348.14,0.31,0.0,0,2024-11-23,Approved,No,,0
LN000560,Ananya Malhotra,Female,30.0,Single,BR008,Self-Employed,592600.0,672.0,0,0.0,Auto Loan,286600.0,84,10.28,4799.47,0.1,0.0,1,2024-01-29,Approved,No,,0
LN001660,Rajesh Chatterjee,Male,43.0,Married,BR006,Salaried,256000.0,562.0,0,0.0,Home Loan,839200.0,300,10.38,7851.76,0.37,911600.0,1,2025-04-30,Approved,Yes,2025-06-25,50
LN000516,Suresh Reddy,Male,21.0,Single,BR013,Salaried,338500.0,586.0,0,0.0,Home Loan,1983500.0,180,10.14,0.0,0.76,2560000.0,1,2022-10-18,Rejected,No,,0
LN004984,Sai Sharma,Male,34.0,Married,BR001,Self-Employed,252600.0,637.0,1,2346.75,Personal Loan,26200.0,24,14.63,0.0,0.17,0.0,3,2025-01-03,Rejected,No,,0
LN004867,Geeta Chauhan,Female,56.0,Married,BR006,Business Owner,134000.0,751.0,2,1373.96,Business Loan,271100.0,60,11.99,6029.1,0.66,324500.0,0,2025-03-10,Approved,No,,0
LN004180,Nikhil Rao,Male,48.0,Married,BR012,Salaried,241600.0,575.0,0,0.0,Education Loan,178000.0,36,12.25,5933.42,0.29,0.0,1,2024-03-05,Approved,No,,0
LN002632,Krishna Verma,Male,23.0,Married,BR001,Salaried,332300.0,709.0,0,0.0,Personal Loan,119900.0,36,13.91,0.0,0.15,0.0,1,2024-07-07,Rejected,No,,0
LN002193,Krishna Chatterjee,Male,23.0,Divorced,BR009,Unemployed,163300.0,758.0,0,0.0,Personal Loan,83000.0,12,13.42,0.0,0.55,0.0,1,2025-10-02,Rejected,No,,0
LN001216,Aditya Agarwal,Male,38.0,Married,BR001,Self-Employed,,838.0,1,9536.99,Gold Loan,79300.0,18,8.12,0.0,0.3,108200.0,0,2024-01-15,Rejected,No,,0
LN000251,Aadhya Pillai,Female,21.0,Single,BR009,Salaried,564300.0,589.0,2,6502.43,Business Loan,511300.0,36,13.61,0.0,0.51,533700.0,1,2023-06-20,Rejected,No,,0
LN003025,Ishaan Rao,Male,49.0,Single,BR016,Salaried,416000.0,697.0,2,1834.17,Auto Loan,343300.0,60,10.03,7299.18,0.26,0.0,0,2025-03-07,Approved,No,,0
LN001682,Geeta Malhotra,Female,30.0,Married,BR011,Self-Employed,305400.0,670.0,1,1539.13,Home Loan,998700.0,120,9.3,0.0,0.56,1295800.0,0,2023-05-09,Rejected,No,,0
LN002296,Krishna Iyer,Male,43.0,Married,BR003,Salaried,883100.0,583.0,1,5553.43,Gold Loan,205600.0,18,10.67,12411.26,0.24,244400.0,2,2024-01-10,Approved,No,,0
LN000296,Anil Agarwal,Male,46.0,Married,BR013,Salaried,532800.0,834.0,0,0.0,Auto Loan,286100.0,48,8.66,7073.51,0.16,0.0,1,2023-03-23,Approved,No,,0
LN001088,Reyansh Bhatt,Male,36.0,Married,BR008,Salaried,328300.0,651.0,1,971.82,Personal Loan,77300.0,48,14.49,2131.39,0.11,0.0,0,2025-05-12,Approved,No,,0
LN002371,Saanvi Sharma,Female,42.0,Single,BR014,Business Owner,195300.0,716.0,0,0.0,Home Loan,677800.0,300,8.84,5613.99,0.34,770300.0,0,2023-02-26,Approved,No,,0
LN004017,Ishaan Gupta,Male,44.0,Married,BR016,Salaried,453000.0,678.0,1,2855.22,Business Loan,544800.0,60,12.72,12317.93,0.4,576200.0,0,2024-10-18,Approved,Yes,2025-08-21,105
LN004281,Amit Singh,Male,25.0,Married,BR017,Business Owner,570900.0,740.0,1,3309.52,Education Loan,202900.0,36,10.6,6604.32,0.21,0.0,0,2022-06-10,Approved,No,,0
LN000924,Vikram Mehta,Male,46.0,Married,BR005,Self-Employed,841000.0,753.0,1,1855.87,Personal Loan,311700.0,48,13.47,8435.02,0.15,0.0,0,2023-12-14,Approved,No,,0
LN002577,Karthik Iyer,Male,21.0,Single,BR010,Salaried,181200.0,601.0,1,3092.91,Personal Loan,53100.0,36,14.99,0.0,0.33,0.0,2,2025-08-30,Rejected,No,,0
LN000708,Aarav Malhotra,Male,37.0,Married,BR018,Salaried,410500.0,725.0,1,7355.38,Business Loan,744200.0,24,12.25,35119.03,1.24,1025100.0,0,2024-05-13,Approved,No,,0
LN001493,Meera Chatterjee,Female,27.0,Married,BR003,Salaried,480800.0,717.0,0,0.0,Education Loan,422800.0,120,10.83,5783.46,0.14,0.0,2,2023-10-02,Approved,No,,0
LN005231,Vivaan Gupta,Male,40.0,Married,BR009,Salaried,458100.0,738.0,2,4610.58,Personal Loan,195600.0,36,13.62,6649.1,0.29,0.0,0,2024-02-08,Approved,Yes,2024-09-16,60
LN003270,Suresh Nair,Male,34.0,Single,BR012,Salaried,563500.0,714.0,0,0.0,Business Loan,498300.0,84,12.36,8892.58,0.19,546800.0,1,2024-11-15,Approved,No,,0
LN001570,Vikram Mehta,Male,33.0,Single,BR006,Self-Employed,566300.0,900.0,0,0.0,Gold Loan,112200.0,12,7.5,9734.18,0.21,155300.0,0,2022-07-22,Approved,No,,0
LN001150,Diya Sharma,Female,32.0,Married,BR017,Salaried,544400.0,536.0,0,0.0,Personal Loan,60100.0,36,15.64,2102.27,0.05,0.0,1,2024-05-18,Approved,Yes,2025-01-03,54
LN004406,Krishna Pillai,Male,21.0,Married,BR003,Self-Employed,248600.0,,1,5002.72,Auto Loan,152600.0,36,8.84,0.0,0.48,0.0,0,2023-05-26,Rejected,No,,0
LN003364,Anjali Sharma,Female,41.0,Married,BR015,Salaried,448100.0,790.0,3,2677.71,Education Loan,334800.0,36,10.1,10818.78,0.36,0.0,1,2024-01-18,Approved,No,,0
LN004193,Rohan Joshi,Male,32.0,Single,BR004,Salaried,370700.0,489.0,0,0.0,Business Loan,651200.0,24,14.61,31453.97,1.02,727400.0,1,2023-06-08,Approved,Yes,2024-02-27,63
LN002122,Suresh Kapoor,Male,54.0,Married,BR008,Salaried,590800.0,566.0,0,0.0,Personal Loan,182100.0,48,15.34,0.0,0.1,0.0,0,2024-04-09,Rejected,No,,0
LN000938,Saanvi Kapoor,Female,22.0,Married,BR007,Salaried,555000.0,717.0,2,9805.12,Personal Loan,67000.0,36,13.83,2284.37,0.26,0.0,0,2022-02-13,Approved,No,,0
LN002807,Sneha Naidu,Female,42.0,Single,BR007,Self-Employed,188300.0,648.0,0,0.0,Home Loan,664300.0,300,9.52,0.0,0.37,775600.0,1,2025-12-22,Rejected,No,,0
LN001240,Krishna Gupta,Male,41.0,Single,BR017,Salaried,785100.0,653.0,2,6261.49,Auto Loan,441100.0,60,10.47,0.0,0.24,0.0,1,2023-11-30,Rejected,No,,0
LN000833,Kritika Patel,Female,46.0,Married,BR009,Business Owner,186600.0,728.0,0,0.0,Education Loan,154700.0,84,10.72,2626.12,0.17,0.0,0,2022-04-14,Approved,Yes,2025-04-09,15
LN002141,Shreya Nair,Female,36.0,Married,BR010,Salaried,747200.0,613.0,0,0.0,Personal Loan,287300.0,12,14.87,25913.59,0.42,0.0,2,2024-03-24,Approved,No,,0
LN000232,Pooja Agarwal,Female,43.0,Single,BR002,Salaried,664500.0,582.0,2,10953.91,Business Loan,511500.0,84,13.68,9495.32,0.37,618900.0,2,2022-11-02,Approved,No,,0
LN001721,Vivaan Kapoor,Male,29.0,Divorced,BR007,Salaried,581200.0,586.0,1,1606.77,Personal Loan,285200.0,12,15.14,25760.52,0.57,0.0,3,2025-03-07,Approved,Yes,2025-11-24,93
LN003253,Divya Nair,Female,45.0,Married,BR008,Salaried,390300.0,751.0,0,0.0,Personal Loan,175800.0,12,13.49,0.0,0.48,0.0,0,2022-07-08,Rejected,No,,0
LN001880,Neha Singh,Female,53.0,Married,BR010,Business Owner,2814400.0,725.0,2,9790.22,Personal Loan,447000.0,36,13.75,0.0,0.11,0.0,0,2024-11-16,Rejected,No,,0
LN003306,Kritika Naidu,Female,40.0,Married,BR003,Salaried,675500.0,804.0,1,7904.08,Personal Loan,131800.0,24,12.96,6263.54,0.25,0.0,0,2024-01-07,Approved,No,,0
LN000385,Suresh Nair,Male,21.0,Married,BR009,Salaried,468800.0,627.0,1,32.82,Education Loan,244200.0,120,11.73,3465.55,0.09,0.0,0,2023-03-26,Approved,No,,0
LN003366,Krishna Joshi,Male,21.0,Married,BR014,Business Owner,90000.0,761.0,0,0.0,Home Loan,470500.0,300,8.39,3753.78,0.5,493000.0,1,2023-08-01,Approved,No,,0
LN005165,Riya Joshi,Female,26.0,Married,BR005,Self-Employed,359400.0,654.0,1,7259.71,Home Loan,1550100.0,180,9.46,16149.13,0.78,1769700.0,0,2023-10-23,Approved,No,,0
LN004575,Aditya Singh,Male,52.0,Divorced,BR002,Salaried,1250200.0,900.0,0,0.0,Gold Loan,107200.0,12,7.5,9300.4,0.09,136500.0,0,2022-11-08,Approved,No,,0
LN003649,Suresh Chatterjee,Male,38.0,Married,BR014,Salaried,474700.0,817.0,0,0.0,Business Loan,480700.0,60,11.33,10530.87,0.27,614600.0,0,2024-09-20,Approved,No,,0
LN002951,Krishna Sharma,Male,46.0,Married,BR004,Salaried,165600.0,692.0,2,963.69,Gold Loan,43200.0,6,9.58,7402.51,0.61,53300.0,0,2024-05-07,Approved,No,,0
LN001381,Meera Naidu,Female,48.0,Single,BR008,Salaried,436700.0,688.0,1,7880.59,Personal Loan,201800.0,24,14.12,9700.44,0.48,0.0,0,2022-07-19,Approved,Yes,2023-05-05,126
LN003357,Vihaan Reddy,Male,33.0,Married,BR007,Business Owner,906200.0,776.0,1,15190.7,Gold Loan,149200.0,18,8.74,8874.2,0.32,177100.0,0,2023-10-13,Approved,No,,0
LN004886,Kavya Sharma,Female,42.0,Married,BR003,Self-Employed,502600.0,750.0,1,1171.7,Business Loan,581900.0,24,12.0,27392.05,0.68,669500.0,0,2025-06-30,Approved,No,,0
LN002813,Sai Kapoor,Male,35.0,Married,BR006,Salaried,672700.0,631.0,3,9409.27,Personal Loan,94700.0,48,14.69,0.0,0.21,0.0,0,2023-03-05,Rejected,No,,0
LN005379,Kavya Naidu,Female,40.0,Married,BR002,Salaried,407200.0,604.0,1,1771.2,Education Loan,130200.0,60,11.96,2893.6,0.14,0.0,1,2025-03-24,Approved,No,,0
LN003824,Krishna Iyer,Male,22.0,Married,BR001,Unemployed,142400.0,438.0,1,2360.33,Education Loan,47000.0,84,13.62,0.0,0.27,0.0,1,2024-03-02,Rejected,No,,0
LN002176,Sai Naidu,Male,21.0,Married,BR004,Self-Employed,513200.0,552.0,1,5202.83,Personal Loan,260000.0,12,15.48,0.0,0.67,0.0,1,2024-05-26,Rejected,No,,0
LN004874,Vivaan Nair,Male,30.0,Single,BR001,Salaried,598500.0,710.0,0,0.0,Auto Loan,592600.0,36,9.9,0.0,0.38,0.0,0,2023-08-07,Rejected,No,,0
LN002787,Kavya Malhotra,Female,34.0,Married,BR017,Salaried,659700.0,689.0,0,0.0,Business Loan,1531600.0,84,12.61,27539.1,0.5,1580200.0,1,2024-03-04,Approved,No,,0
LN005368,Manish Kapoor,Male,33.0,Divorced,BR004,Unemployed,367400.0,634.0,0,0.0,Auto Loan,186800.0,84,10.66,3165.17,0.1,0.0,2,2023-03-03,Approved,Yes,2023-09-20,1
LN000960,Aditya Sharma,Male,46.0,Married,BR002,Salaried,246000.0,749.0,0,0.0,Auto Loan,142200.0,60,9.51,2987.16,0.15,0.0,1,2025-09-10,Approved,No,,0
LN004771,Rekha Bhatt,Female,48.0,Single,BR001,Salaried,280200.0,715.0,2,4444.43,Personal Loan,160700.0,12,13.85,14417.45,0.81,0.0,1,2022-03-05,Approved,No,,0
LN003045,Vikram Nair,Male,30.0,Married,BR014,Salaried,767200.0,752.0,0,0.0,Personal Loan,216700.0,36,13.48,7351.68,0.11,0.0,0,2022-05-18,Approved,No,,0
LN001706,Karthik Chatterjee,Male,24.0,Married,BR010,Unemployed,121500.0,631.0,0,0.0,Auto Loan,102000.0,48,10.69,0.0,0.26,0.0,0,2023-11-02,Rejected,No,,0
LN003037,Aadhya Iyer,Female,33.0,Single,BR013,Salaried,291100.0,458.0,0,0.0,Home Loan,890300.0,300,11.42,0.0,0.37,1220900.0,1,2024-04-08,Rejected,No,,0
LN001602,Divya Pillai,Female,52.0,Married,BR007,Salaried,300000.0,609.0,2,871.38,Home Loan,1197000.0,180,9.91,12797.2,0.55,1425700.0,1,2022-07-25,Approved,Yes,2023-03-13,88
LN000460,Nikhil Iyer,Male,28.0,Divorced,BR003,Salaried,280300.0,621.0,0,0.0,Gold Loan,50600.0,24,10.29,2341.71,0.1,70500.0,1,2025-12-13,Approved,No,,0
LN001618,Rohan Agarwal,Male,42.0,Divorced,BR006,Business Owner,681400.0,629.0,0,0.0,Home Loan,3935200.0,180,9.71,41592.45,0.73,4728100.0,0,2025-06-19,Approved,No,,0
LN002629,Rohan Mehta,Male,44.0,Single,BR012,Salaried,737200.0,784.0,1,1189.29,Home Loan,2611100.0,180,8.16,25194.81,0.43,3370100.0,0,2023-06-11,Approved,No,,0
LN002762,Krishna Verma,Male,43.0,Married,BR003,Self-Employed,565400.0,631.0,0,0.0,Personal Loan,240100.0,24,14.69,0.0,0.25,0.0,0,2022-03-19,Rejected,No,,0
LN003114,Pooja Agarwal,Female,26.0,Married,BR004,Unemployed,152300.0,513.0,1,2550.85,Business Loan,316500.0,24,14.37,0.0,1.4,351400.0,0,2023-01-20,Rejected,No,,0
LN004038,Divya Naidu,Female,21.0,Married,BR010,Salaried,206200.0,668.0,2,801.53,Auto Loan,142000.0,48,10.32,3623.35,0.26,0.0,0,2024-06-27,Approved,Yes,2025-04-08,77
LN004431,Arjun Mehta,Male,51.0,Single,BR008,Unemployed,90000.0,679.0,0,0.0,Auto Loan,54000.0,48,10.21,0.0,0.18,0.0,0,2024-10-24,Rejected,No,,0
LN001258,Anjali Rao,Female,21.0,Married,BR015,Salaried,820400.0,622.0,1,12595.08,Personal Loan,112300.0,24,14.78,5433.32,0.26,0.0,0,2023-02-04,Approved,No,,0
LN003522,Vivaan Kapoor,Male,55.0,Married,BR009,Salaried,597200.0,797.0,1,1644.33,Personal Loan,100600.0,24,13.03,4784.13,0.13,0.0,0,2022-12-07,Approved,No,,0
LN002909,Sai Nair,Male,49.0,Married,BR016,Business Owner,1120900.0,797.0,0,0.0,Auto Loan,852800.0,60,9.03,17715.14,0.19,0.0,0,2023-12-24,Approved,No,,0
LN004834,Geeta Malhotra,Female,27.0,Single,BR008,Business Owner,632500.0,729.0,0,0.0,Personal Loan,93100.0,48,13.71,2530.57,0.05,0.0,1,2022-07-13,Approved,No,,0
LN003145,Manish Chauhan,Male,33.0,Single,BR008,Business Owner,1078600.0,638.0,1,12815.5,Education Loan,674700.0,36,11.62,0.0,0.39,0.0,1,2023-12-30,Rejected,No,,0
LN005361,Rohan Kapoor,Male,29.0,Married,BR002,Self-Employed,312300.0,555.0,0,0.0,Personal Loan,132500.0,24,15.45,0.0,0.25,0.0,1,2023-10-04,Rejected,No,,0
LN002367,Kavya Reddy,Female,21.0,Single,BR016,Salaried,657500.0,512.0,1,1454.86,Education Loan,201500.0,60,12.88,0.0,0.11,0.0,0,2024-04-09,Rejected,No,,0
LN003960,Saanvi Nair,Female,27.0,Married,BR011,Salaried,240300.0,690.0,0,0.0,Home Loan,1121500.0,120,9.1,14267.45,0.71,1536300.0,0,2022-03-10,Approved,No,,0
LN004291,Pooja Chatterjee,Female,37.0,Single,BR009,Unemployed,261300.0,775.0,3,1468.75,Education Loan,165100.0,120,10.25,2204.73,0.17,0.0,0,2022-07-08,Approved,No,,0
LN003807,Swati Chauhan,Female,21.0,Single,BR002,Self-Employed,158000.0,576.0,0,0.0,Business Loan,265400.0,84,13.74,0.0,0.37,334300.0,2,2025-09-05,Rejected,No,,0
LN004751,Deepak Singh,Male,33.0,Single,BR001,Business Owner,1131000.0,657.0,3,22900.33,Business Loan,2096600.0,60,12.93,0.0,0.75,2173500.0,0,2022-08-03,Rejected,No,,0
LN000918,Anil Naidu,Male,50.0,Married,BR011,Business Owner,2024000.0,755.0,1,42103.04,Business Loan,1079900.0,60,11.95,23994.5,0.39,1230200.0,0,2025-04-09,Approved,No,,0
LN002531,Aarav Reddy,Male,37.0,Married,BR005,Salaried,472400.0,701.0,0,0.0,Business Loan,748000.0,84,12.49,0.0,0.34,876900.0,1,2024-08-08,Rejected,No,,0
LN003291,Aarav Joshi,Male,29.0,Single,BR006,Salaried,502400.0,725.0,3,5511.84,Home Loan,2663100.0,120,8.75,33375.77,0.93,2790800.0,0,2023-06-22,Approved,No,,0
LN004036,Rohan Iyer,Male,26.0,Married,BR017,Salaried,628700.0,598.0,0,0.0,Business Loan,1076900.0,84,13.52,19896.65,0.38,1337800.0,0,2023-06-13,Approved,No,,0
LN001287,Vivaan Nair,Male,34.0,Married,BR008,Business Owner,1304700.0,663.0,0,0.0,Personal Loan,305800.0,12,14.37,0.0,0.25,0.0,1,2022-01-17,Rejected,No,,0
LN004360,Krishna Singh,Male,35.0,Single,BR008,Business Owner,241700.0,633.0,0,0.0,Personal Loan,141100.0,12,14.67,12713.49,0.63,0.0,1,2023-04-12,Approved,Yes,2023-10-10,89
LN005086,Shreya Verma,Female,44.0,Married,BR003,Salaried,419400.0,762.0,1,5336.85,Home Loan,1697400.0,300,8.38,13530.93,0.54,1814800.0,0,2023-01-20,Approved,No,,0
LN004527,Sneha Patel,Female,28.0,Single,BR011,Salaried,620200.0,761.0,1,1759.58,Personal Loan,183200.0,24,13.39,8743.26,0.2,0.0,0,2024-04-03,Approved,No,,0
LN001221,Sai Gupta,Male,50.0,Married,BR005,Salaried,470900.0,544.0,1,9241.56,Auto Loan,196800.0,36,11.56,0.0,0.4,0.0,1,2025-06-21,Rejected,No,,0
LN003093,Amit Agarwal,Male,45.0,Single,BR004,Business Owner,330500.0,786.0,2,39.71,Education Loan,152600.0,120,10.14,2028.47,0.08,0.0,0,2025-09-20,Approved,Yes,2025-12-27,75
LN004965,Pooja Naidu,Female,,Married,BR012,Self-Employed,,663.0,3,5298.32,Personal Loan,156700.0,48,14.37,4311.2,0.39,0.0,3,2024-12-31,Approved,No,,0
LN003320,Rajesh Kapoor,Male,34.0,Married,BR007,Salaried,647400.0,690.0,2,4421.82,Personal Loan,168800.0,12,14.1,15164.01,0.36,0.0,1,2023-04-03,Approved,No,,0
LN000240,Aditya Das,Male,23.0,Married,BR004,Salaried,330700.0,642.0,0,0.0,Home Loan,1954400.0,180,9.58,0.0,0.74,2246300.0,0,2022-01-03,Rejected,No,,0
LN000555,Rohan Reddy,Male,49.0,Married,BR003,Salaried,536000.0,751.0,0,0.0,Education Loan,446900.0,60,10.49,0.0,0.22,0.0,1,2023-07-01,Rejected,No,,0
LN002646,Anil Das,Male,34.0,Single,BR001,Salaried,421300.0,754.0,0,0.0,Personal Loan,88700.0,24,13.46,4236.15,0.12,0.0,0,2022-09-03,Approved,No,,0
LN001945,Arjun Gupta,Male,25.0,Married,BR002,Business Owner,1523200.0,693.0,0,0.0,Personal Loan,420200.0,24,14.07,20188.91,0.16,0.0,0,2023-02-07,Approved,Yes,2024-11-26,50
LN004322,Rohan Joshi,Male,38.0,Married,BR012,Salaried,367400.0,683.0,2,5524.38,Auto Loan,213500.0,60,10.17,4554.12,0.33,0.0,0,2024-03-29,Approved,No,,0
LN001333,Ishaan Chatterjee,Male,48.0,Single,BR006,Salaried,485100.0,662.0,0,0.0,Education Loan,375400.0,84,11.38,0.0,0.16,0.0,2,2023-12-16,Rejected,No,,0
LN002691,Aarav Mehta,Male,34.0,Single,BR001,Business Owner,219500.0,780.0,0,0.0,Personal Loan,32000.0,12,13.2,2861.16,0.16,0.0,0,2022-06-22,Approved,No,,0
LN002026,Rahul Das,Male,33.0,Married,BR011,Salaried,875300.0,,2,7052.21,Business Loan,1320400.0,24,14.27,63564.76,0.97,1764000.0,1,2024-06-19,Approved,No,,0
LN005150,Sunita Nair,Female,31.0,Single,BR007,Salaried,573500.0,758.0,1,4999.74,Education Loan,433800.0,36,10.42,14083.2,0.4,0.0,1,2023-01-18,Approved,No,,0
LN004460,Vihaan Reddy,Male,36.0,Single,BR015,Salaried,516100.0,807.0,2,7679.33,Auto Loan,300500.0,36,8.93,0.0,0.4,0.0,0,2025-11-23,Rejected,No,,0
LN003966,Vihaan Das,Male,26.0,Single,BR010,Salaried,483500.0,563.0,1,6535.6,Personal Loan,285800.0,24,15.37,0.0,0.51,0.0,1,2025-12-16,Rejected,No,,0
LN005420,Krishna Gupta,Male,26.0,Single,BR005,Salaried,435700.0,746.0,1,8461.04,Home Loan,2104300.0,240,8.54,18314.91,0.74,2540000.0,0,2022-05-19,Approved,No,,0
LN004011,Reyansh Iyer,Male,21.0,Married,BR005,Self-Employed,1003900.0,480.0,1,16106.95,Personal Loan,597500.0,36,16.2,0.0,0.44,0.0,0,2023-11-13,Rejected,No,,0
LN005064,Vivaan Chauhan,Male,34.0,Single,BR018,Salaried,269200.0,732.0,1,646.95,Home Loan,1313300.0,240,8.68,11547.18,0.54,1590500.0,1,2024-11-20,Approved,No,,0
LN004871,Manish Reddy,Male,45.0,Married,BR002,Self-Employed,538000.0,675.0,0,0.0,Home Loan,2877800.0,300,9.25,24644.96,0.55,3451800.0,0,2022-03-11,Approved,No,,0
LN004369,Geeta Nair,Female,44.0,Married,BR001,Business Owner,102800.0,,2,1974.9,Personal Loan,52600.0,48,13.7,0.0,0.4,0.0,1,2024-03-29,Rejected,No,,0
LN002526,Amit Sharma,Male,51.0,Single,BR012,Salaried,809100.0,770.0,0,0.0,Business Loan,571900.0,60,11.8,12663.88,0.19,615400.0,0,2024-01-14,Approved,No,,0
LN003416,Rajesh Das,Male,36.0,Single,BR004,Self-Employed,497900.0,675.0,1,7092.21,Auto Loan,293700.0,84,10.25,4913.79,0.29,0.0,0,2024-10-03,Approved,No,,0
LN000045,Rajesh Chauhan,Male,30.0,Married,BR005,Business Owner,449800.0,738.0,1,4218.93,Personal Loan,198300.0,36,13.62,0.0,0.29,0.0,0,2022-12-15,Rejected,No,,0
LN004377,Swati Joshi,Female,55.0,Single,BR008,Salaried,580200.0,618.0,1,7566.91,Auto Loan,379800.0,84,10.82,6467.21,0.29,0.0,0,2022-01-25,Approved,Yes,2025-02-06,105
LN005354,Arjun Nair,Male,21.0,Married,BR009,Business Owner,484700.0,545.0,0,0.0,Auto Loan,451500.0,48,11.55,11790.21,0.29,0.0,1,2023-11-03,Approved,No,,0
LN001486,Riya Naidu,Female,38.0,Married,BR008,Self-Employed,460800.0,755.0,1,7829.91,Auto Loan,241500.0,48,9.45,0.0,0.36,0.0,0,2022-03-24,Rejected,No,,0
LN004557,Vivaan Chauhan,Male,49.0,Married,BR004,Salaried,696400.0,574.0,1,8613.24,Personal Loan,316800.0,48,15.26,8858.59,0.3,0.0,1,2023-11-12,Approved,No,,0
LN002941,Vikram Agarwal,Male,37.0,Single,BR005,Salaried,384700.0,715.0,1,2419.53,Personal Loan,184100.0,24,13.85,0.0,0.35,0.0,0,2022-04-30,Rejected,No,,0
LN001332,Aarav Chatterjee,Male,21.0,Married,BR005,Salaried,502300.0,488.0,1,2009.99,Business Loan,835600.0,84,14.62,0.0,0.43,1050800.0,0,2022-09-29,Rejected,No,,0
LN005381,Sai Iyer,Male,45.0,Married,BR007,Business Owner,1202800.0,644.0,1,4094.31,Home Loan,3793400.0,300,9.56,33301.16,0.37,4114300.0,0,2024-11-10,Approved,Yes,2025-11-02,69
LN003195,Ishaan Sharma,Male,42.0,Married,BR018,Self-Employed,423900.0,731.0,2,4152.35,Gold Loan,113000.0,6,9.19,19341.35,0.67,151500.0,0,2024-06-06,Approved,Yes,2024-07-10,124
LN000615,Rohan Bhatt,Male,56.0,Divorced,BR013,Unemployed,120600.0,751.0,0,0.0,Home Loan,385100.0,180,8.49,3789.98,0.38,500400.0,1,2025-09-19,Approved,No,,0
LN000119,Vivaan Naidu,Male,38.0,Divorced,BR006,Salaried,1064500.0,459.0,1,11155.17,Personal Loan,150600.0,36,16.41,5325.18,0.19,0.0,1,2022-04-22,Approved,Yes,2022-06-18,356
LN002801,Geeta Das,Female,32.0,Single,BR002,Salaried,856700.0,780.0,1,6547.74,Home Loan,3556200.0,180,8.2,34396.77,0.57,4217100.0,1,2022-05-27,Approved,No,,0
LN004975,Divya Naidu,Female,23.0,Married,BR004,Unemployed,90000.0,765.0,2,1547.13,Home Loan,477400.0,300,8.35,3796.02,0.71,583000.0,0,2025-08-14,Approved,Yes,2025-12-02,167
LN000994,Amit Gupta,Male,37.0,Married,BR012,Salaried,243300.0,815.0,0,0.0,Business Loan,569700.0,24,11.35,26645.15,1.31,728600.0,0,2025-06-20,Approved,No,,0
LN002168,Rekha Chatterjee,Female,23.0,Single,BR008,Salaried,394300.0,689.0,0,0.0,Personal Loan,155100.0,12,14.11,13934.01,0.42,0.0,0,2025-04-23,Approved,No,,0
LN002980,Aditya Sharma,Male,35.0,Married,BR015,Salaried,363300.0,665.0,3,5273.65,Personal Loan,188800.0,48,14.35,0.0,0.35,0.0,0,2024-03-04,Rejected,No,,0
LN002637,Krishna Iyer,Male,27.0,Married,BR010,Business Owner,598400.0,703.0,0,0.0,Auto Loan,625500.0,48,9.97,15855.29,0.32,0.0,1,2025-08-25,Approved,No,,0
LN003275,Krishna Chauhan,Male,,Divorced,BR005,Self-Employed,1172600.0,676.0,0,0.0,Gold Loan,64100.0,18,9.74,0.0,0.04,68400.0,1,2024-06-11,Rejected,No,,0
LN001538,Reyansh Reddy,Male,21.0,Married,BR005,Business Owner,169600.0,602.0,0,0.0,Personal Loan,39700.0,36,14.98,0.0,0.1,0.0,1,2023-09-02,Rejected,No,,0
LN000919,Aarav Chatterjee,Male,38.0,Single,BR012,Business Owner,486600.0,597.0,2,8116.39,Home Loan,1895200.0,120,10.03,25076.7,0.82,2351800.0,4,2023-07-25,Approved,No,,0
LN000436,Amit Malhotra,Male,41.0,Single,BR012,Salaried,575400.0,859.0,0,0.0,Personal Loan,245800.0,36,12.41,8212.29,0.17,0.0,0,2025-08-14,Approved,No,,0
LN002482,Meera Mehta,Female,34.0,Married,BR013,Salaried,455900.0,782.0,1,1639.08,Personal Loan,48500.0,12,13.18,4335.98,0.16,0.0,2,2024-12-03,Approved,No,,0
LN001270,Rajesh Malhotra,Male,21.0,Single,BR012,Self-Employed,446000.0,740.0,1,3767.25,Auto Loan,436500.0,84,9.6,0.0,0.29,0.0,0,2024-09-01,Rejected,No,,0
LN002541,Vikram Agarwal,Male,43.0,Divorced,BR007,Salaried,292600.0,900.0,5,3174.71,Personal Loan,37200.0,36,12.0,1235.57,0.18,0.0,0,2022-08-28,Approved,No,,0
LN003982,Anil Agarwal,Male,38.0,Married,BR007,Salaried,383200.0,670.0,1,1633.43,Education Loan,294500.0,120,11.3,4106.91,0.18,0.0,0,2023-08-28,Approved,No,,0
LN004895,Diya Chauhan,Female,38.0,Single,BR009,Salaried,450900.0,605.0,0,0.0,Business Loan,253000.0,60,13.45,5814.98,0.15,305600.0,3,2022-11-06,Approved,No,,0
LN001904,Swati Pillai,Female,24.0,Single,BR006,Salaried,467700.0,738.0,0,0.0,Home Loan,2161700.0,240,8.62,18924.24,0.49,2194900.0,1,2025-05-20,Approved,No,,0
LN004115,Rahul Verma,Male,29.0,Married,BR015,Salaried,443700.0,618.0,1,6682.78,Business Loan,346000.0,24,13.32,16501.52,0.63,431100.0,1,2025-08-30,Approved,No,,0
LN002105,Kavya Rao,Female,28.0,Single,BR006,Business Owner,813600.0,569.0,0,0.0,Business Loan,922800.0,24,13.81,44223.5,0.65,1084500.0,0,2024-01-29,Approved,No,,0
LN000097,Vikram Malhotra,Male,33.0,Single,BR001,Salaried,423800.0,772.0,1,4610.6,Auto Loan,228200.0,60,9.28,4768.13,0.27,0.0,0,2022-04-25,Approved,No,,0
LN003782,Meera Pillai,Female,43.0,Married,BR002,Unemployed,90000.0,669.0,0,0.0,Personal Loan,25000.0,12,14.31,0.0,0.3,0.0,0,2023-06-04,Rejected,No,,0
LN003570,Kritika Mehta,Female,21.0,Married,BR004,Business Owner,384700.0,812.0,0,0.0,Auto Loan,390400.0,48,8.88,9692.89,0.3,0.0,0,2025-03-20,Approved,Yes,2025-11-06,5
LN002663,Krishna Gupta,Male,40.0,Married,BR008,Salaried,205600.0,849.0,1,3332.45,Auto Loan,129600.0,36,8.51,4091.75,0.43,0.0,1,2023-06-06,Approved,Yes,2025-01-05,55
LN000161,Karthik Reddy,Male,35.0,Single,BR018,Salaried,341300.0,636.0,1,953.26,Home Loan,1211900.0,240,9.64,11407.52,0.43,1346500.0,0,2025-08-20,Approved,No,,0
LN004152,Anil Nair,Male,41.0,Married,BR005,Self-Employed,493800.0,892.0,0,0.0,Education Loan,356800.0,60,9.08,0.0,0.18,0.0,0,2022-12-07,Rejected,No,,0
LN005026,Anjali Pillai,Female,23.0,Married,BR015,Self-Employed,300300.0,553.0,1,1763.11,Personal Loan,98300.0,48,15.47,0.0,0.18,0.0,0,2023-01-16,Rejected,No,,0
LN003941,Krishna Kapoor,Male,47.0,Married,BR002,Salaried,184300.0,704.0,1,3585.06,Gold Loan,49200.0,18,9.46,2942.59,0.43,55700.0,0,2022-08-16,Approved,No,,0
LN001584,Arjun Gupta,Male,29.0,Single,BR006,Salaried,807400.0,617.0,0,0.0,Personal Loan,349200.0,12,14.83,0.0,0.47,0.0,1,2025-03-22,Rejected,No,,0
LN002071,Vihaan Chauhan,Male,21.0,Married,BR004,Salaried,663600.0,828.0,1,3736.66,Education Loan,526700.0,60,9.72,11118.39,0.27,0.0,0,2024-06-25,Approved,No,,0
LN001463,Riya Malhotra,Female,33.0,Married,BR009,Salaried,190500.0,523.0,1,2091.12,Business Loan,435600.0,24,14.27,0.0,1.45,607700.0,0,2024-01-14,Rejected,No,,0
LN002873,Karthik Rao,Male,24.0,Married,BR002,Salaried,458400.0,487.0,0,0.0,Auto Loan,230000.0,84,12.13,4076.14,0.11,0.0,0,2023-12-26,Approved,Yes,2024-06-01,2
LN001845,Karthik Reddy,Male,29.0,Married,BR014,Salaried,533000.0,560.0,1,2740.49,Gold Loan,118500.0,18,10.9,7165.97,0.22,119900.0,0,2025-04-07,Approved,No,,0
LN004457,Kavya Sharma,Female,32.0,Single,BR005,Salaried,338300.0,748.0,0,0.0,Gold Loan,25000.0,12,9.02,2186.52,0.08,25200.0,0,2023-07-11,Approved,No,,0
LN003538,Vihaan Gupta,Male,45.0,Married,BR006,Salaried,932600.0,490.0,0,0.0,Home Loan,3431200.0,180,11.1,39214.64,0.5,4351300.0,1,2022-01-12,Approved,Yes,2025-10-20,166
LN004953,Vivaan Das,Male,47.0,Single,BR006,Business Owner,1050600.0,664.0,0,0.0,Auto Loan,549500.0,36,10.36,0.0,0.2,0.0,0,2025-09-24,Rejected,No,,0
LN002297,Amit Verma,Male,44.0,Married,BR009,Self-Employed,332500.0,719.0,0,0.0,Auto Loan,332500.0,84,9.81,0.0,0.2,0.0,1,2025-01-13,Rejected,No,,0
LN001218,Diya Joshi,Female,40.0,Single,BR013,Self-Employed,322200.0,637.0,2,1576.21,Personal Loan,158900.0,12,14.63,14314.32,0.59,0.0,3,2022-08-14,Approved,No,,0
LN004828,Suresh Sharma,Male,30.0,Single,BR003,Self-Employed,620400.0,592.0,1,8012.75,Auto Loan,663400.0,48,11.08,0.0,0.49,0.0,2,2023-11-05,Rejected,No,,0
LN003679,Manish Sharma,Male,27.0,Married,BR001,Business Owner,790500.0,573.0,1,10783.08,Personal Loan,132600.0,48,15.27,3708.53,0.22,0.0,0,2022-05-23,Approved,Yes,2025-11-11,70
LN000782,Nikhil Verma,Male,45.0,Single,BR001,Salaried,1677700.0,560.0,1,27108.39,Home Loan,9600200.0,120,10.4,129003.33,1.12,11693500.0,0,2023-03-20,Approved,Yes,2025-09-18,42
LN002534,Nikhil Gupta,Male,34.0,Married,BR012,Salaried,262300.0,697.0,0,0.0,Auto Loan,269900.0,60,10.03,5738.56,0.26,0.0,1,2025-09-23,Approved,No,,0
LN003504,Riya Bhatt,Female,49.0,Married,BR016,Business Owner,854200.0,447.0,2,13144.67,Auto Loan,628600.0,36,12.53,21038.0,0.48,0.0,2,2025-01-01,Approved,Yes,2025-04-24,18
LN002181,Ananya Kapoor,Female,21.0,Married,BR008,Salaried,408100.0,587.0,0,0.0,Personal Loan,234900.0,48,15.13,0.0,0.19,0.0,1,2022-07-06,Rejected,No,,0
LN001794,Sneha Gupta,Female,21.0,Single,BR008,Salaried,456200.0,688.0,1,9023.79,Personal Loan,50000.0,24,14.12,0.0,0.3,0.0,0,2023-01-20,Rejected,No,,0
LN003323,Priya Joshi,Female,51.0,Married,BR016,Salaried,162400.0,771.0,2,583.89,Business Loan,143100.0,24,11.79,0.0,0.54,163800.0,0,2023-10-22,Rejected,No,,0
LN004655,Kritika Chatterjee,Female,34.0,Single,BR016,Self-Employed,369600.0,697.0,0,0.0,Auto Loan,311200.0,60,10.03,0.0,0.21,0.0,0,2022-01-03,Rejected,No,,0
LN000272,Krishna Iyer,Male,22.0,Married,BR003,Salaried,207500.0,715.0,2,2596.55,Education Loan,164800.0,84,10.85,2808.8,0.31,0.0,1,2022-12-06,Approved,No,,0
LN001195,Arjun Agarwal,Male,22.0,Married,BR011,Self-Employed,472200.0,766.0,1,6425.43,Personal Loan,264700.0,12,13.34,0.0,0.77,0.0,0,2024-06-24,Rejected,No,,0
LN003188,Kritika Sharma,Female,41.0,Married,BR003,Self-Employed,178600.0,749.0,0,0.0,Personal Loan,93700.0,36,13.51,0.0,0.21,0.0,0,2023-08-02,Rejected,No,,0
LN005336,Pooja Sharma,Female,56.0,Single,BR007,Business Owner,258400.0,601.0,2,24.27,Auto Loan,258700.0,60,10.99,5623.47,0.26,0.0,1,2022-01-09,Approved,No,,0
LN003445,Krishna Gupta,Male,21.0,Married,BR002,Salaried,293400.0,607.0,0,0.0,Auto Loan,321500.0,84,10.93,5493.04,0.22,0.0,1,2024-01-22,Approved,Yes,2024-07-12,4
LN002764,Meera Bhatt,Female,42.0,Married,BR007,Self-Employed,432500.0,564.0,1,3525.12,Gold Loan,111000.0,24,10.86,0.0,0.24,151800.0,1,2022-01-09,Rejected,No,,0
LN001801,Shreya Verma,Female,35.0,Single,BR009,Self-Employed,649300.0,730.0,1,4695.3,Education Loan,615800.0,60,10.7,0.0,0.33,0.0,0,2024-12-17,Rejected,No,,0
LN002700,Aarav Agarwal,Male,42.0,Married,BR005,Salaried,529800.0,561.0,0,0.0,Home Loan,1612700.0,300,10.39,15100.3,0.34,1937100.0,1,2024-03-25,Approved,No,,0
LN002759,Kritika Malhotra,Female,34.0,Single,BR014,Salaried,232100.0,900.0,1,525.99,Auto Loan,127400.0,84,8.0,1985.68,0.13,0.0,0,2022-12-10,Approved,No,,0
LN005415,Karthik Rao,Male,40.0,Married,BR005,Salaried,274100.0,638.0,0,0.0,Personal Loan,55300.0,36,14.62,1906.72,0.08,0.0,1,2024-04-05,Approved,No,,0
LN001430,Pooja Iyer,Female,41.0,Married,BR012,Salaried,291800.0,638.0,0,0.0,Business Loan,453200.0,24,13.12,21571.51,0.89,591700.0,2,2023-04-05,Approved,No,,0
LN000835,Sai Verma,Male,49.0,Divorced,BR005,Salaried,365100.0,578.0,0,0.0,Home Loan,1528000.0,300,10.22,14122.62,0.46,1941400.0,0,2025-03-01,Approved,No,,0
LN003871,Kavya Kapoor,Female,21.0,Married,BR002,Self-Employed,343600.0,651.0,1,2335.41,Education Loan,287100.0,120,11.49,0.0,0.22,0.0,0,2023-07-23,Rejected,No,,0
LN000591,Sunita Chauhan,Female,35.0,Single,BR001,Salaried,880500.0,685.0,1,7994.45,Home Loan,2862900.0,120,9.15,36498.82,0.61,3841200.0,0,2023-10-16,Approved,No,,0
LN004988,Nikhil Patel,Male,24.0,Single,BR011,Salaried,610800.0,623.0,1,3192.72,Auto Loan,522100.0,84,10.77,8876.61,0.24,0.0,4,2022-02-12,Approved,Yes,2023-03-21,40
LN004819,Deepak Pillai,Male,50.0,Divorced,BR010,Business Owner,185700.0,635.0,0,0.0,Personal Loan,94900.0,24,14.65,0.0,0.3,0.0,0,2022-04-21,Rejected,No,,0
LN001928,Deepak Rao,Male,42.0,Married,BR008,Business Owner,306300.0,813.0,1,2821.51,Auto Loan,360200.0,60,8.87,7454.45,0.4,0.0,0,2023-09-12,Approved,No,,0
LN000060,Suresh Reddy,Male,31.0,Married,BR003,Salaried,421300.0,604.0,0,0.0,Education Loan,354300.0,84,11.96,0.0,0.18,0.0,1,2022-07-11,Rejected,No,,0
LN000609,Vikram Agarwal,Male,35.0,Married,BR004,Salaried,342500.0,701.0,2,5258.18,Home Loan,1400200.0,180,8.99,14193.43,0.68,1458700.0,0,2023-02-19,Approved,Yes,2024-04-26,47
LN004798,Vikram Verma,Male,30.0,Single,BR003,Salaried,553700.0,696.0,3,8455.79,Personal Loan,323800.0,24,14.04,15552.69,0.52,0.0,1,2022-01-10,Approved,Yes,2023-03-15,52
LN001812,Rajesh Verma,Male,27.0,Single,BR008,Salaried,451900.0,702.0,0,0.0,Education Loan,351900.0,60,10.98,7647.65,0.2,0.0,0,2024-06-20,Approved,No,,0
LN004015,Vihaan Das,Male,38.0,Single,BR018,Salaried,322100.0,650.0,0,0.0,Auto Loan,132400.0,60,10.5,2845.79,0.11,0.0,1,2023-10-21,Approved,No,,0
LN003750,Rahul Das,Male,37.0,Divorced,BR001,Self-Employed,435900.0,729.0,1,5162.65,Auto Loan,343600.0,60,9.71,0.0,0.34,0.0,0,2025-08-21,Rejected,No,,0
LN000505,Manish Joshi,Male,21.0,Single,BR014,Business Owner,111700.0,767.0,0,0.0,Business Loan,233700.0,24,11.83,10982.53,1.18,288100.0,0,2023-09-26,Approved,No,,0
LN004146,Manish Nair,Male,25.0,Divorced,BR005,Business Owner,1102500.0,789.0,0,0.0,Gold Loan,113200.0,18,8.61,6726.24,0.07,133800.0,0,2022-11-28,Approved,No,,0
LN004964,Shreya Gupta,Female,21.0,Married,BR008,Business Owner,1561400.0,779.0,1,22673.2,Home Loan,6134900.0,180,8.21,0.0,0.63,7655100.0,0,2024-04-12,Rejected,No,,0
LN001027,Meera Nair,Female,34.0,Married,BR011,Salaried,613300.0,610.0,2,1878.62,Personal Loan,74300.0,36,14.9,2572.0,0.09,0.0,0,2023-06-23,Approved,No,,0
LN002306,Kritika Pillai,Female,36.0,Married,BR001,Salaried,887300.0,829.0,0,0.0,Personal Loan,331800.0,36,12.71,11133.36,0.15,0.0,1,2024-02-06,Approved,No,,0
LN003846,Ishita Kapoor,Female,29.0,Single,BR007,Salaried,173000.0,824.0,1,1820.7,Auto Loan,105900.0,48,8.76,2623.27,0.31,0.0,0,2025-08-06,Approved,No,,0
LN003480,Nikhil Rao,Male,21.0,Married,BR012,Salaried,461600.0,,2,1615.21,Education Loan,346100.0,60,10.98,7521.6,0.24,0.0,0,2022-12-22,Approved,No,,0
LN005021,Ishita Patel,Female,35.0,Single,BR008,Salaried,238700.0,640.0,1,2684.33,Business Loan,562100.0,60,13.1,0.0,0.78,709300.0,1,2023-04-25,Rejected,No,,0
LN004318,Vihaan Gupta,Male,,Single,BR001,Salaried,186400.0,470.0,1,1469.45,Auto Loan,155900.0,36,12.3,0.0,0.43,0.0,1,2022-06-18,Rejected,No,,0
LN002955,Riya Gupta,Female,24.0,Single,BR008,Self-Employed,951700.0,729.0,0,0.0,Personal Loan,169700.0,36,13.71,5776.07,0.07,0.0,0,2023-01-31,Approved,No,,0
LN000266,Deepak Joshi,Male,39.0,Married,BR012,Unemployed,122300.0,713.0,0,0.0,Business Loan,246100.0,60,12.37,5520.48,0.54,315900.0,0,2023-08-06,Approved,No,,0
LN004539,Aarav Iyer,Male,27.0,Married,BR014,Self-Employed,411600.0,756.0,0,0.0,Business Loan,759100.0,36,11.94,0.0,0.73,1060000.0,1,2024-03-09,Rejected,No,,0
LN000954,Divya Chatterjee,Female,31.0,Single,BR001,Salaried,605100.0,661.0,1,4119.7,Education Loan,286300.0,36,11.39,9426.06,0.27,0.0,0,2024-10-26,Approved,Yes,2025-04-11,1
LN005066,Vivaan Pillai,Male,35.0,Single,BR001,Business Owner,1317500.0,698.0,0,0.0,Home Loan,5982900.0,120,9.02,75853.62,0.69,6479200.0,0,2025-07-24,Approved,No,,0
LN002627,Aarav Naidu,Male,24.0,Married,BR008,Self-Employed,488800.0,754.0,0,0.0,Personal Loan,276300.0,12,13.46,24738.03,0.61,0.0,1,2024-09-16,Approved,No,,0
LN003876,Rohan Rao,Male,49.0,Married,BR009,Business Owner,174500.0,705.0,1,66.84,Personal Loan,54700.0,36,13.95,1868.19,0.13,0.0,0,2024-01-12,Approved,Yes,2024-08-20,65
LN002208,Pooja Sharma,Female,38.0,Divorced,BR015,Salaried,726000.0,863.0,1,7937.34,Gold Loan,98800.0,12,7.87,0.0,0.27,137300.0,1,2023-05-08,Rejected,No,,0
LN000679,Aadhya Iyer,Female,44.0,Married,BR013,Business Owner,395800.0,688.0,0,0.0,Education Loan,336300.0,36,11.12,11029.15,0.33,0.0,0,2023-05-25,Approved,No,,0
LN003565,Suresh Kapoor,Male,21.0,Married,BR017,Salaried,591400.0,567.0,2,2036.1,Business Loan,554800.0,36,13.83,18915.97,0.43,735600.0,1,2024-05-19,Approved,No,,0
LN004946,Kritika Gupta,Female,46.0,Married,BR009,Salaried,454100.0,701.0,1,6101.69,Home Loan,1642800.0,180,8.99,16652.6,0.6,2235100.0,0,2022-10-28,Approved,Yes,2023-07-06,7
LN003385,Anjali Patel,Female,36.0,Divorced,BR007,Business Owner,598000.0,578.0,1,11058.34,Personal Loan,308000.0,12,15.22,0.0,0.78,0.0,1,2025-02-02,Rejected,No,,0
LN002323,Rohan Patel,Male,43.0,Single,BR009,Salaried,423500.0,725.0,2,6997.33,Business Loan,750200.0,84,12.25,13343.59,0.58,809500.0,0,2023-07-05,Approved,No,,0
LN003476,Reyansh Rao,Male,44.0,Single,BR010,Salaried,432700.0,675.0,0,0.0,Gold Loan,107600.0,24,9.75,0.0,0.14,119200.0,0,2023-09-23,Rejected,No,,0
LN001736,Divya Bhatt,Female,33.0,Single,BR010,Business Owner,442100.0,559.0,2,7464.03,Personal Loan,95300.0,24,15.41,4639.36,0.33,0.0,2,2023-01-26,Approved,Yes,2024-10-30,1
LN004870,Neha Malhotra,Female,35.0,Single,BR002,Self-Employed,181900.0,644.0,1,2243.38,Home Loan,1072900.0,120,9.56,0.0,1.07,1301300.0,1,2024-03-10,Rejected,No,,0
LN004137,Deepak Mehta,Male,21.0,Married,BR005,Salaried,307100.0,693.0,3,1247.89,Auto Loan,241200.0,84,10.07,0.0,0.21,0.0,0,2024-02-28,Rejected,No,,0
LN000233,Rajesh Kapoor,Male,21.0,Married,BR006,Business Owner,806200.0,720.0,0,0.0,Home Loan,3333400.0,120,8.8,0.0,0.62,3891600.0,0,2024-10-16,Rejected,No,,0
LN002662,Aarav Das,Male,28.0,Single,BR003,Self-Employed,262000.0,581.0,5,3128.89,Education Loan,127200.0,36,12.19,0.0,0.34,0.0,0,2023-07-01,Rejected,No,,0
LN001886,Suresh Agarwal,Male,65.0,Single,BR011,Salaried,376900.0,514.0,1,4505.34,Personal Loan,80500.0,36,15.86,0.0,0.23,0.0,3,2022-12-20,Rejected,No,,0
LN002000,Vikram Singh,Male,38.0,Married,BR012,Salaried,907500.0,765.0,0,0.0,Home Loan,3003000.0,300,8.35,23878.17,0.32,3743700.0,0,2024-05-09,Approved,No,,0
LN004510,Arjun Verma,Male,45.0,Married,BR005,Salaried,583700.0,747.0,3,1455.63,Auto Loan,513200.0,48,9.53,12900.55,0.3,0.0,1,2024-02-28,Approved,No,,0
LN002922,Vikram Reddy,Male,35.0,Single,BR007,Salaried,750900.0,669.0,0,0.0,Auto Loan,661900.0,36,10.31,21454.12,0.34,0.0,0,2025-05-14,Approved,No,,0
LN005093,Vihaan Pillai,Male,38.0,Married,BR016,Salaried,284200.0,442.0,1,2110.37,Auto Loan,319200.0,84,12.58,5734.24,0.33,0.0,1,2023-02-05,Approved,Yes,2023-09-17,54
LN001816,Deepak Gupta,Male,38.0,Single,BR008,Self-Employed,,744.0,1,7734.29,Home Loan,2076900.0,180,8.56,20525.17,0.74,2360500.0,0,2023-08-13,Approved,No,,0
LN001336,Rohan Naidu,Male,49.0,Married,BR012,Salaried,326700.0,566.0,0,0.0,Business Loan,394900.0,84,13.84,0.0,0.27,470100.0,0,2025-06-29,Rejected,No,,0
LN000288,Ishita Reddy,Female,46.0,Single,BR003,Salaried,242900.0,655.0,2,1821.72,Home Loan,1018800.0,120,9.45,0.0,0.74,1275100.0,0,2025-03-01,Rejected,No,,0
LN001985,Ishaan Iyer,Male,32.0,Married,BR003,Salaried,687200.0,776.0,0,0.0,Personal Loan,305800.0,48,13.24,8240.32,0.14,0.0,1,2022-12-18,Approved,No,,0
LN001313,Swati Agarwal,Female,23.0,Married,BR007,Business Owner,390500.0,738.0,1,3095.82,Gold Loan,50300.0,24,9.12,2300.71,0.17,54900.0,0,2024-06-11,Approved,No,,0
LN001546,Priya Chauhan,Female,51.0,Married,BR001,Salaried,768000.0,457.0,0,0.0,Personal Loan,89700.0,36,16.43,3172.66,0.05,0.0,2,2023-07-13,Approved,No,,0
LN003242,Ishaan Rao,Male,37.0,Married,BR002,Business Owner,604600.0,540.0,2,3025.72,Home Loan,2419700.0,300,10.6,0.0,0.52,3166100.0,1,2022-01-13,Rejected,No,,0
LN004499,Rohan Pillai,Male,37.0,Married,BR010,Salaried,356100.0,767.0,2,4610.27,Personal Loan,87200.0,36,13.33,2951.99,0.25,0.0,1,2022-09-24,Approved,No,,0
LN000881,Sneha Gupta,Female,29.0,Single,BR018,Salaried,343700.0,805.0,1,3617.8,Business Loan,450600.0,24,11.45,0.0,0.86,491200.0,0,2023-07-22,Rejected,No,,0
LN003443,Arjun Agarwal,Male,36.0,Single,BR011,Salaried,735900.0,663.0,0,0.0,Home Loan,3272600.0,180,9.37,0.0,0.55,4224500.0,0,2025-06-05,Rejected,No,,0
LN004380,Ananya Verma,Female,33.0,Single,BR004,Self-Employed,331500.0,849.0,1,4839.08,Auto Loan,358900.0,60,8.51,7365.11,0.44,0.0,1,2024-03-03,Approved,No,,0
LN001610,Aarav Rao,Male,45.0,Married,BR012,Salaried,896000.0,899.0,0,0.0,Auto Loan,759700.0,48,8.01,0.0,0.25,0.0,1,2023-10-19,Rejected,No,,0
LN002696,Pooja Patel,Female,30.0,Married,BR004,Salaried,369200.0,633.0,1,7341.07,Auto Loan,214000.0,60,10.67,0.0,0.39,0.0,2,2023-08-29,Rejected,No,,0
LN004279,Kavya Chatterjee,Female,48.0,Single,BR011,Salaried,1042600.0,652.0,0,0.0,Home Loan,5361100.0,300,9.48,46765.24,0.54,7303900.0,0,2024-09-30,Approved,No,,0
LN000728,Swati Rao,Female,30.0,Divorced,BR003,Self-Employed,527200.0,594.0,0,0.0,Home Loan,2718700.0,300,10.06,24819.93,0.56,2826900.0,0,2022-12-03,Approved,No,,0
LN001489,Geeta Malhotra,Female,32.0,Divorced,BR004,Salaried,270700.0,715.0,0,0.0,Home Loan,1003200.0,300,8.85,8316.01,0.37,1290600.0,0,2022-12-25,Approved,Yes,2024-09-06,119
LN001591,Shreya Sharma,Female,28.0,Married,BR013,Salaried,349700.0,766.0,1,4101.27,Education Loan,204500.0,84,10.34,3430.98,0.26,0.0,0,2022-10-20,Approved,No,,0
LN002085,Swati Joshi,Female,21.0,Married,BR003,Salaried,523800.0,812.0,1,6625.26,Personal Loan,228300.0,36,12.88,7679.14,0.33,0.0,0,2023-11-06,Approved,Yes,2025-09-10,10
LN003989,Anil Joshi,Male,30.0,Married,BR006,Self-Employed,961700.0,780.0,1,14513.01,Home Loan,3380100.0,180,8.2,0.0,0.59,4481400.0,0,2025-01-27,Rejected,No,,0
LN000823,Karthik Patel,Male,38.0,Single,BR007,Salaried,409400.0,726.0,1,2318.54,Home Loan,2284900.0,120,8.74,0.0,0.91,2495400.0,0,2024-08-09,Rejected,No,,0
LN002751,Krishna Verma,Male,28.0,Single,BR009,Salaried,553000.0,815.0,0,0.0,Business Loan,567500.0,84,11.35,9821.73,0.21,574900.0,0,2023-06-07,Approved,Yes,2023-11-11,55
LN001993,Arjun Das,Male,23.0,Single,BR003,Self-Employed,1021300.0,724.0,1,6706.67,Home Loan,5760300.0,120,8.76,72222.96,0.93,7003700.0,1,2023-04-28,Approved,No,,0
LN004132,Aditya Bhatt,Male,21.0,Married,BR012,Self-Employed,298300.0,494.0,2,569.18,Personal Loan,88900.0,24,16.06,0.0,0.2,0.0,1,2025-04-01,Rejected,No,,0
LN004197,Ananya Chatterjee,Female,46.0,Single,BR008,Self-Employed,686000.0,772.0,1,8010.24,Personal Loan,381000.0,48,13.28,10274.3,0.32,0.0,0,2025-06-19,Approved,No,,0
LN000202,Divya Singh,Female,28.0,Married,BR002,Salaried,193400.0,546.0,0,0.0,Personal Loan,94000.0,24,15.54,0.0,0.28,0.0,2,2023-04-07,Rejected,No,,0
LN002794,Manish Chatterjee,Male,26.0,Single,BR003,Salaried,242100.0,701.0,1,305.64,Personal Loan,91600.0,36,13.99,0.0,0.17,0.0,0,2023-08-17,Rejected,No,,0
LN002079,Vihaan Kapoor,Male,32.0,Single,BR003,Salaried,266500.0,804.0,0,0.0,Auto Loan,229700.0,36,8.96,7300.12,0.33,0.0,0,2024-11-25,Approved,No,,0
LN001561,Ananya Chauhan,Female,21.0,Single,BR001,Salaried,584300.0,689.0,1,1945.47,Personal Loan,265900.0,12,14.11,23888.16,0.53,0.0,0,2024-09-18,Approved,Yes,2024-10-27,27
LN002871,Anil Patel,Male,43.0,Married,BR013,Self-Employed,387400.0,686.0,1,4341.06,Home Loan,1225600.0,240,9.14,0.0,0.48,1480900.0,1,2022-06-17,Rejected,No,,0
LN002986,Anil Agarwal,Male,52.0,Divorced,BR013,Salaried,324900.0,484.0,0,0.0,Home Loan,1553000.0,120,11.16,0.0,0.8,1898500.0,2,2025-07-04,Rejected,No,,0
LN000904,Reyansh Rao,Male,51.0,Married,BR001,Business Owner,618900.0,784.0,1,891.14,Home Loan,3515900.0,240,8.16,29759.46,0.59,4370400.0,0,2024-08-13,Approved,Yes,2025-06-09,56
LN001476,Krishna Mehta,Male,62.0,Married,BR008,Unemployed,90000.0,900.0,1,795.77,Business Loan,157900.0,36,10.5,5132.14,0.79,214700.0,0,2023-03-27,Approved,Yes,2024-02-12,84
LN004986,Riya Malhotra,Female,40.0,Single,BR003,Business Owner,215100.0,724.0,0,0.0,Home Loan,1020800.0,300,8.76,8399.38,0.47,1134000.0,0,2024-12-22,Approved,No,,0
LN003867,Krishna Verma,Male,54.0,Divorced,BR002,Business Owner,483600.0,776.0,0,0.0,Personal Loan,230900.0,24,13.24,11003.45,0.27,0.0,0,2023-01-05,Approved,Yes,2023-07-15,50
LN001613,Manish Joshi,Male,43.0,Married,BR011,Self-Employed,347300.0,688.0,0,0.0,Gold Loan,97500.0,12,9.62,0.0,0.3,108300.0,0,2022-08-11,Rejected,No,,0
LN000610,Krishna Bhatt,Male,44.0,Single,BR008,Salaried,338800.0,654.0,1,2086.71,Personal Loan,64900.0,36,14.46,2232.66,0.15,0.0,0,2023-08-20,Approved,No,,0
LN003693,Deepak Agarwal,Male,38.0,Single,BR009,Business Owner,269600.0,751.0,0,0.0,Personal Loan,84000.0,12,13.49,7521.98,0.33,0.0,1,2024-01-25,Approved,No,,0
LN004060,Anil Nair,Male,23.0,Married,BR014,Salaried,312100.0,586.0,1,3210.14,Home Loan,941800.0,300,10.14,0.0,0.46,977500.0,1,2022-08-07,Rejected,No,,0
LN003604,Rahul Sharma,Male,44.0,Single,BR001,Salaried,429700.0,672.0,0,0.0,Business Loan,721800.0,36,12.78,24243.88,0.68,775000.0,0,2023-05-18,Approved,No,,0
LN001600,Meera Malhotra,Female,47.0,Married,BR004,Business Owner,314600.0,523.0,1,5322.55,Personal Loan,51700.0,48,15.77,1459.11,0.26,0.0,1,2024-09-07,Approved,Yes,2025-06-15,108
LN004319,Swati Malhotra,Female,21.0,Single,BR004,Salaried,394200.0,604.0,1,4989.35,Auto Loan,449400.0,48,10.96,0.0,0.51,0.0,0,2022-11-20,Rejected,No,,0
LN003202,Divya Gupta,Female,40.0,Single,BR001,Salaried,702900.0,850.0,0,0.0,Auto Loan,535000.0,48,8.5,13186.84,0.23,0.0,0,2025-10-25,Approved,No,,0
LN001389,Deepak Verma,Male,39.0,Married,BR012,Salaried,384000.0,734.0,1,2916.07,Home Loan,1376600.0,300,8.66,11233.58,0.44,1497800.0,0,2023-04-20,Approved,Yes,2025-08-10,1
LN001887,Anil Verma,Male,28.0,Married,BR006,Salaried,604900.0,742.0,1,7984.03,Home Loan,3100000.0,240,8.58,27059.69,0.7,3899400.0,0,2025-02-14,Approved,No,,0
LN000423,Vikram Pillai,Male,21.0,Single,BR006,Salaried,561200.0,656.0,3,11616.51,Personal Loan,202800.0,12,14.44,0.0,0.64,0.0,1,2023-03-13,Rejected,No,,0
LN005418,Manish Iyer,Male,38.0,Divorced,BR011,Salaried,374900.0,687.0,0,0.0,Gold Loan,63300.0,12,9.63,5554.19,0.18,66500.0,0,2024-11-06,Approved,No,,0
LN000683,Arjun Reddy,Male,47.0,Married,BR003,Salaried,366500.0,786.0,1,4768.65,Auto Loan,218900.0,60,9.14,4558.89,0.31,0.0,0,2024-08-04,Approved,No,,0
LN005334,Meera Reddy,Female,34.0,Married,BR006,Self-Employed,760600.0,538.0,1,986.6,Personal Loan,201600.0,36,15.62,0.0,0.13,0.0,0,2024-09-15,Rejected,No,,0
LN004783,Rajesh Malhotra,Male,28.0,Married,BR004,Business Owner,410400.0,452.0,0,0.0,Personal Loan,71300.0,36,16.48,0.0,0.07,0.0,2,2023-02-07,Rejected,No,,0
LN001325,Shreya Chauhan,Female,23.0,Married,BR003,Unemployed,101100.0,732.0,1,702.24,Personal Loan,50600.0,12,13.68,0.0,0.62,0.0,0,2025-08-27,Rejected,No,,0
LN004552,Karthik Chatterjee,Male,46.0,Married,BR007,Self-Employed,156000.0,622.0,0,0.0,Business Loan,214100.0,24,13.28,0.0,0.79,214400.0,0,2022-03-06,Rejected,No,,0
LN000820,Aditya Sharma,Male,35.0,Married,BR003,Self-Employed,289500.0,658.0,0,0.0,Personal Loan,163500.0,12,14.42,0.0,0.61,0.0,0,2022-01-02,Rejected,No,,0
LN000613,Aarav Pillai,Male,32.0,Married,BR014,Self-Employed,334900.0,687.0,1,5233.7,Gold Loan,48500.0,18,9.63,2904.51,0.29,56800.0,0,2024-10-15,Approved,No,,0
LN004536,Rohan Bhatt,Male,32.0,Married,BR015,Salaried,335300.0,626.0,0,0.0,Auto Loan,337100.0,84,10.74,5725.99,0.2,0.0,0,2025-05-26,Approved,No,,0
LN001800,Aarav Agarwal,Male,31.0,Divorced,BR009,Business Owner,418700.0,772.0,1,187.81,Personal Loan,213600.0,36,13.28,7225.87,0.21,0.0,0,2023-11-27,Approved,No,,0
LN001450,Vikram Rao,Male,41.0,Married,BR002,Salaried,204900.0,611.0,0,0.0,Home Loan,1216200.0,240,9.89,0.0,0.68,1689300.0,4,2025-10-02,Rejected,No,,0
LN005324,Pooja Patel,Female,41.0,Married,BR009,Business Owner,768100.0,739.0,0,0.0,Business Loan,1225700.0,36,12.11,40775.21,0.64,1238100.0,1,2025-06-01,Approved,No,,0
LN004925,Karthik Chatterjee,Male,25.0,Single,BR007,Salaried,277800.0,658.0,0,0.0,Home Loan,1628900.0,180,9.42,16930.83,0.73,1810000.0,1,2023-09-13,Approved,No,,0
LN002676,Reyansh Chatterjee,Male,21.0,Married,BR006,Self-Employed,225500.0,655.0,5,1145.87,Home Loan,1248200.0,300,9.45,0.0,0.64,1356500.0,1,2023-01-19,Rejected,No,,0
LN002579,Sneha Joshi,Female,48.0,Single,BR013,Salaried,998800.0,692.0,0,0.0,Personal Loan,573700.0,24,14.08,27566.68,0.33,0.0,1,2023-05-22,Approved,No,,0
LN004508,Anil Chatterjee,Male,39.0,Married,BR001,Business Owner,199400.0,595.0,0,0.0,Gold Loan,41700.0,12,10.55,3676.77,0.22,45300.0,1,2022-05-25,Approved,No,,0
LN003434,Meera Kapoor,Female,37.0,Single,BR010,Salaried,611200.0,803.0,0,0.0,Auto Loan,647300.0,84,8.97,10404.61,0.2,0.0,0,2023-07-19,Approved,No,,0
LN004506,Manish Singh,Male,27.0,Married,BR017,Business Owner,769300.0,719.0,1,5485.25,Home Loan,4046300.0,180,8.81,40584.19,0.72,4946900.0,0,2022-08-02,Approved,No,,0
LN000374,Rekha Mehta,Female,40.0,Single,BR007,Salaried,614200.0,540.0,1,4290.02,Personal Loan,90900.0,12,15.6,0.0,0.24,0.0,2,2023-11-21,Rejected,No,,0
LN004226,Vivaan Singh,Male,28.0,Married,BR004,Salaried,652300.0,764.0,0,0.0,Personal Loan,73800.0,36,13.36,2499.43,0.05,0.0,1,2024-12-25,Approved,No,,0
LN002893,Rohan Verma,Male,48.0,Married,BR005,Salaried,383000.0,533.0,1,4968.73,Personal Loan,157500.0,12,15.67,14265.53,0.6,0.0,1,2023-03-09,Approved,Yes,2023-06-23,60
LN005412,Krishna Reddy,Male,35.0,Married,BR005,Business Owner,1201500.0,651.0,1,12076.04,Personal Loan,655200.0,12,14.49,0.0,0.71,0.0,1,2024-11-16,Rejected,No,,0
LN002024,Rahul Joshi,Male,45.0,Married,BR016,Salaried,2084400.0,767.0,0,0.0,Personal Loan,592400.0,24,13.33,28255.69,0.16,0.0,0,2023-07-15,Approved,No,,0
LN000227,Kritika Chatterjee,Female,43.0,Married,BR005,Salaried,1373200.0,654.0,0,0.0,Auto Loan,1629200.0,48,10.46,0.0,0.36,0.0,0,2025-06-14,Rejected,No,,0
LN003833,Priya Kapoor,Female,28.0,Single,BR011,Business Owner,266600.0,701.0,1,3960.97,Education Loan,129000.0,84,10.99,2208.12,0.28,0.0,1,2025-11-30,Approved,No,,0
LN005311,Vikram Chauhan,Male,52.0,Married,BR004,Salaried,470900.0,784.0,2,888.16,Business Loan,582100.0,84,11.66,10170.12,0.28,803200.0,0,2024-01-07,Approved,No,,0
LN002247,Aarav Das,Male,36.0,Single,BR008,Salaried,314500.0,645.0,1,6366.39,Auto Loan,164200.0,60,10.55,3533.37,0.38,0.0,0,2023-03-04,Approved,No,,0
LN001012,Aditya Singh,Male,27.0,Married,BR002,Business Owner,560600.0,689.0,0,0.0,Home Loan,2752100.0,180,9.11,0.0,0.6,2765100.0,0,2022-07-03,Rejected,No,,0
LN004955,Deepak Nair,Male,31.0,Married,BR009,Self-Employed,331000.0,585.0,1,2119.16,Personal Loan,86900.0,12,15.15,7849.6,0.36,0.0,1,2025-02-24,Approved,No,,0
LN001249,Nikhil Kapoor,Male,24.0,Divorced,BR006,Salaried,401700.0,722.0,0,0.0,Business Loan,811400.0,60,12.28,18164.16,0.54,1029300.0,0,2022-04-04,Approved,No,,0
LN005351,Ananya Malhotra,Female,29.0,Married,BR001,Unemployed,119900.0,752.0,0,0.0,Personal Loan,45300.0,12,13.48,4056.28,0.41,0.0,0,2025-07-15,Approved,No,,0
LN001338,Deepak Malhotra,Male,38.0,Married,BR012,Self-Employed,348100.0,637.0,1,742.56,Home Loan,2034800.0,300,9.63,17962.2,0.64,2639800.0,1,2025-06-26,Approved,No,,0
LN001029,Rekha Chatterjee,Female,46.0,Single,BR016,Self-Employed,449500.0,725.0,0,0.0,Education Loan,421800.0,36,10.75,13759.31,0.37,0.0,0,2024-05-03,Approved,No,,0
LN003243,Diya Rao,Female,,Married,BR016,Salaried,432500.0,612.0,0,0.0,Personal Loan,126800.0,36,14.88,4388.12,0.12,0.0,1,2022-03-15,Approved,No,,0
LN003047,Pooja Nair,Female,54.0,Married,BR018,Self-Employed,485500.0,735.0,1,7007.25,Business Loan,612100.0,24,12.15,28856.57,0.89,665700.0,2,2023-03-20,Approved,No,,0
LN005325,Aditya Gupta,Male,35.0,Divorced,BR001,Self-Employed,484400.0,613.0,1,2755.38,Personal Loan,226400.0,24,14.87,10963.4,0.34,0.0,1,2024-12-29,Approved,Yes,2025-08-07,36
LN005295,Sai Das,Male,37.0,Married,BR009,Salaried,420600.0,734.0,1,3538.81,Business Loan,668400.0,84,12.16,11856.35,0.44,834200.0,0,2022-07-16,Approved,No,,0
LN004335,Deepak Nair,Male,40.0,Single,BR002,Salaried,241400.0,812.0,0,0.0,Auto Loan,169000.0,48,8.88,4195.95,0.21,0.0,0,2023-11-19,Approved,No,,0
LN000185,Reyansh Mehta,Male,31.0,Single,BR012,Self-Employed,479500.0,560.0,2,1245.36,Business Loan,752500.0,36,13.9,0.0,0.67,1022600.0,0,2024-05-04,Rejected,No,,0
LN002776,Suresh Patel,Male,25.0,Married,BR003,Business Owner,150900.0,558.0,0,0.0,Personal Loan,25000.0,24,15.42,0.0,0.1,0.0,0,2024-03-13,Rejected,No,,0
LN002651,Vikram Chauhan,Male,34.0,Single,BR001,Business Owner,466300.0,731.0,0,0.0,Education Loan,413800.0,36,10.69,13486.61,0.35,0.0,0,2023-01-26,Approved,No,,0
LN003827,Rohan Gupta,Male,45.0,Single,BR001,Salaried,2331200.0,869.0,2,36045.36,Personal Loan,585400.0,48,12.31,15505.08,0.27,0.0,0,2025-09-27,Approved,No,,0
LN004784,Vikram Patel,Male,30.0,Married,BR006,Self-Employed,667100.0,714.0,1,7735.06,Business Loan,1102400.0,60,12.36,24723.3,0.58,1475200.0,1,2024-04-24,Approved,Yes,2025-08-07,10
LN004686,Swati Bhatt,Female,23.0,Married,BR004,Self-Employed,676200.0,815.0,2,4297.19,Home Loan,2490700.0,240,7.85,20601.3,0.44,3168400.0,1,2022-03-11,Approved,No,,0
LN000230,Suresh Malhotra,Male,22.0,Married,BR005,Salaried,270600.0,687.0,0,0.0,Auto Loan,136500.0,84,10.13,0.0,0.1,0.0,0,2025-04-19,Rejected,No,,0
LN002215,Kavya Pillai,Female,38.0,Married,BR016,Salaried,544400.0,690.0,1,84.39,Business Loan,560900.0,24,12.6,26560.95,0.59,729100.0,0,2022-03-25,Approved,No,,0
LN000690,Sai Gupta,Male,32.0,Married,BR006,Salaried,385000.0,600.0,1,1545.32,Personal Loan,49600.0,24,15.0,2404.94,0.12,0.0,0,2023-07-21,Approved,Yes,2024-06-02,6
LN001272,Amit Das,Male,39.0,Married,BR003,Salaried,295100.0,761.0,1,1470.24,Business Loan,502600.0,24,11.89,23633.32,1.02,684500.0,1,2024-06-07,Approved,No,,0
LN003312,Sunita Pillai,Female,52.0,Single,BR004,Salaried,249200.0,520.0,1,1752.43,Education Loan,118900.0,84,12.8,0.0,0.19,0.0,0,2024-11-27,Rejected,No,,0
LN001781,Rajesh Joshi,Male,49.0,Married,BR012,Salaried,312800.0,687.0,1,2827.73,Business Loan,271900.0,84,12.63,4891.87,0.3,272200.0,0,2023-06-07,Approved,Yes,2025-08-02,146
LN003159,Karthik Kapoor,Male,21.0,Married,BR009,Self-Employed,301500.0,690.0,0,0.0,Home Loan,1500700.0,240,9.1,13598.85,0.54,1866700.0,1,2022-06-20,Approved,No,,0
LN003263,Rekha Das,Female,33.0,Married,BR003,Salaried,452800.0,658.0,0,0.0,Education Loan,329100.0,60,11.42,7224.56,0.19,0.0,0,2025-05-28,Approved,No,,0
LN001970,Nikhil Verma,Male,33.0,Single,BR007,Self-Employed,230100.0,679.0,3,2309.87,Home Loan,737900.0,120,9.21,9431.47,0.61,964400.0,1,2023-03-28,Approved,No,,0
LN001839,Vihaan Mehta,Male,21.0,Single,BR007,Unemployed,125000.0,826.0,1,266.89,Business Loan,100600.0,24,11.24,4699.97,0.48,123700.0,0,2024-01-03,Approved,No,,0
LN000127,Rohan Reddy,Male,33.0,Married,BR007,Salaried,324800.0,680.0,0,0.0,Business Loan,283600.0,24,12.7,13442.93,0.5,376500.0,1,2024-06-27,Approved,No,,0
LN003801,Suresh Reddy,Male,34.0,Married,BR010,Business Owner,153700.0,649.0,1,1789.72,Personal Loan,25000.0,12,14.51,2250.68,0.32,0.0,0,2022-12-29,Approved,Yes,2023-08-02,27
LN002038,Sai Verma,Male,25.0,Married,BR003,Salaried,516400.0,745.0,3,4269.16,Personal Loan,112700.0,36,13.55,3827.23,0.19,0.0,1,2024-10-21,Approved,No,,0
LN004037,Swati Agarwal,Female,53.0,Single,BR015,Salaried,517000.0,822.0,0,0.0,Auto Loan,309600.0,60,8.78,6393.78,0.15,0.0,1,2022-12-05,Approved,No,,0
LN004458,Ishaan Chauhan,Male,24.0,Single,BR011,Business Owner,125600.0,640.0,1,1462.69,Education Loan,96700.0,60,11.6,2131.54,0.34,0.0,3,2023-07-12,Approved,No,,0
LN004346,Arjun Chatterjee,Male,42.0,Married,BR012,Salaried,731400.0,783.0,1,6706.02,Auto Loan,719000.0,36,9.17,22920.94,0.49,0.0,0,2024-05-24,Approved,No,,0
LN002237,Divya Patel,Female,57.0,Single,BR008,Salaried,954100.0,879.0,0,0.0,Auto Loan,538800.0,60,8.21,10979.15,0.14,0.0,0,2024-07-03,Approved,Yes,2024-08-19,147
LN000404,Diya Rao,Female,41.0,Married,BR010,Salaried,386200.0,641.0,0,0.0,Auto Loan,414800.0,60,10.59,8934.17,0.28,0.0,1,2024-05-19,Approved,No,,0
LN001653,Rekha Chauhan,Female,27.0,Single,BR001,Self-Employed,120900.0,817.0,0,0.0,Personal Loan,40300.0,48,12.83,1077.75,0.11,0.0,0,2024-03-21,Approved,No,,0
LN002194,Manish Das,Male,24.0,Married,BR010,Salaried,282000.0,529.0,0,0.0,Home Loan,1103200.0,300,10.71,10582.11,0.45,1539900.0,1,2025-10-19,Approved,No,,0
LN003377,Sai Gupta,Male,56.0,Single,BR001,Salaried,221100.0,473.0,0,0.0,Gold Loan,57200.0,24,11.77,2686.46,0.15,67400.0,1,2023-12-27,Approved,No,,0
LN001504,Arjun Malhotra,Male,43.0,Single,BR002,Salaried,461300.0,672.0,0,0.0,Home Loan,1465500.0,300,9.28,12580.63,0.33,2014500.0,0,2025-04-06,Approved,No,,0
LN003220,Swati Sharma,Female,25.0,Married,BR018,Self-Employed,483600.0,699.0,2,9170.57,Home Loan,1668800.0,240,9.01,0.0,0.6,1678800.0,1,2023-05-16,Rejected,No,,0
LN004119,Reyansh Bhatt,Male,47.0,Single,BR012,Salaried,310300.0,712.0,0,0.0,Business Loan,245200.0,84,12.38,4378.44,0.17,290000.0,0,2025-01-19,Approved,No,,0
LN000153,Geeta Agarwal,Female,35.0,Single,BR013,Business Owner,587600.0,664.0,0,0.0,Home Loan,2759600.0,300,9.36,23842.52,0.49,2797900.0,1,2025-12-22,Approved,No,,0
LN000816,Rekha Mehta,Female,41.0,Married,BR011,Business Owner,508400.0,688.0,0,0.0,Business Loan,471000.0,84,12.62,8471.41,0.2,490100.0,0,2023-06-08,Approved,No,,0
LN003581,Ishaan Kapoor,Male,47.0,Single,BR007,Salaried,361800.0,696.0,0,0.0,Personal Loan,135600.0,36,14.04,4637.12,0.15,0.0,1,2024-12-13,Approved,No,,0
LN003747,Aditya Iyer,Male,26.0,Married,BR008,Business Owner,234000.0,683.0,0,0.0,Personal Loan,49300.0,12,14.17,0.0,0.23,0.0,0,2022-02-19,Rejected,No,,0
LN000893,Vihaan Joshi,Male,25.0,Married,BR006,Business Owner,520700.0,605.0,0,0.0,Business Loan,987600.0,24,13.45,47161.32,1.09,1097300.0,1,2024-07-01,Approved,No,,0
LN004820,Amit Patel,Male,33.0,Married,BR016,Salaried,1007000.0,727.0,1,9701.67,Personal Loan,343500.0,36,13.73,0.0,0.25,0.0,2,2022-05-14,Rejected,No,,0
LN002009,Anil Agarwal,Male,37.0,Single,BR011,Salaried,312600.0,775.0,0,0.0,Business Loan,488500.0,84,11.75,8558.19,0.33,582800.0,0,2023-12-14,Approved,No,,0
LN001094,Arjun Joshi,Male,44.0,Single,BR002,Business Owner,512800.0,592.0,0,0.0,Business Loan,1172400.0,60,13.58,27025.09,0.63,1278300.0,1,2022-10-02,Approved,No,,0
LN004116,Meera Verma,Female,46.0,Married,BR012,Self-Employed,350700.0,593.0,1,6591.55,Personal Loan,188400.0,36,15.07,0.0,0.45,0.0,1,2025-07-07,Rejected,No,,0
LN002712,Arjun Malhotra,Male,57.0,Single,BR009,Salaried,288000.0,567.0,0,0.0,Business Loan,188300.0,60,13.83,4364.83,0.18,252900.0,3,2025-12-05,Approved,Yes,,16
LN000735,Aditya Malhotra,Male,35.0,Married,BR016,Self-Employed,251300.0,626.0,1,69.32,Personal Loan,149500.0,48,14.74,0.0,0.2,0.0,1,2024-06-07,Rejected,No,,0
LN004141,Rajesh Malhotra,Male,41.0,Single,BR001,Self-Employed,640300.0,671.0,1,7643.16,Education Loan,574700.0,60,11.29,12578.65,0.38,0.0,1,2023-12-28,Approved,No,,0
LN000517,Kavya Agarwal,Female,31.0,Married,BR006,Business Owner,331400.0,681.0,2,2004.09,Auto Loan,299600.0,36,10.19,0.0,0.42,0.0,0,2024-11-09,Rejected,No,,0
LN000927,Amit Patel,Male,47.0,Single,BR001,Business Owner,1059400.0,699.0,1,8555.69,Home Loan,5880100.0,180,9.01,59674.87,0.77,6506200.0,1,2023-01-03,Approved,No,,0
LN001558,Rahul Verma,Male,48.0,Married,BR008,Self-Employed,391100.0,813.0,0,0.0,Home Loan,1279300.0,180,7.87,12129.84,0.37,1753600.0,0,2024-03-16,Approved,No,,0
LN000843,Karthik Bhatt,Male,28.0,Married,BR008,Salaried,390400.0,753.0,0,0.0,Home Loan,2038100.0,120,8.47,25236.83,0.78,2769400.0,0,2022-01-01,Approved,No,,0
LN002415,Geeta Chatterjee,Female,32.0,Married,BR008,Business Owner,1064000.0,517.0,0,0.0,Business Loan,1223200.0,36,14.33,42002.4,0.47,1283800.0,0,2022-08-20,Approved,No,,0
LN001533,Pooja Kapoor,Female,40.0,Single,BR005,Self-Employed,495100.0,656.0,0,0.0,Personal Loan,205200.0,24,14.44,0.0,0.24,0.0,0,2024-05-24,Rejected,No,,0
LN004297,Aadhya Malhotra,Female,32.0,Married,BR009,Salaried,337700.0,731.0,4,4719.79,Auto Loan,372100.0,60,9.69,0.0,0.45,0.0,0,2024-04-08,Rejected,No,,0
LN002119,Sunita Bhatt,Female,37.0,Married,BR001,Business Owner,488300.0,682.0,1,759.02,Auto Loan,425300.0,60,10.18,0.0,0.24,0.0,1,2022-11-24,Rejected,No,,0
LN004948,Deepak Rao,Male,44.0,Single,BR011,Self-Employed,349900.0,725.0,1,526.41,Home Loan,1283500.0,180,8.75,0.0,0.46,1629400.0,0,2022-04-15,Rejected,No,,0
LN003722,Suresh Kapoor,Male,43.0,Single,BR006,Salaried,345100.0,620.0,3,3944.46,Gold Loan,53300.0,18,10.3,3208.41,0.25,62200.0,0,2022-07-24,Approved,No,,0
LN001033,Rekha Patel,Female,,Single,BR001,Self-Employed,747000.0,718.0,0,0.0,Personal Loan,381900.0,24,13.82,0.0,0.29,0.0,1,2024-03-24,Rejected,No,,0
LN002065,Pooja Singh,Female,23.0,Single,BR011,Salaried,580300.0,612.0,0,0.0,Business Loan,581000.0,84,13.38,10689.93,0.22,607600.0,2,2022-06-06,Approved,No,,0
LN001134,Meera Malhotra,Female,56.0,Married,BR003,Self-Employed,,565.0,0,0.0,Home Loan,1259400.0,300,10.35,11756.36,0.5,1537100.0,2,2023-03-30,Approved,No,,0
LN005367,Saanvi Kapoor,Female,35.0,Married,BR009,Salaried,286900.0,680.0,1,1048.14,Education Loan,89200.0,36,11.2,0.0,0.17,0.0,0,2024-01-18,Rejected,No,,0
LN003224,Meera Verma,Female,32.0,Married,BR006,Salaried,238000.0,618.0,0,0.0,Personal Loan,139000.0,12,14.82,0.0,0.63,0.0,3,2022-01-27,Rejected,No,,0
LN005283,Diya Das,Female,46.0,Married,BR003,Salaried,443500.0,483.0,0,0.0,Auto Loan,377100.0,60,12.17,0.0,0.23,0.0,1,2022-09-22,Rejected,No,,0
LN003258,Amit Nair,Male,25.0,Married,BR010,Self-Employed,563900.0,730.0,0,0.0,Home Loan,2437200.0,300,8.7,19954.56,0.42,3362900.0,0,2025-02-10,Approved,No,,0
LN004634,Vihaan Singh,Male,31.0,Married,BR018,Unemployed,212200.0,690.0,1,3610.52,Personal Loan,63500.0,36,14.1,2173.36,0.33,0.0,1,2023-08-26,Approved,No,,0
LN000707,Krishna Nair,Male,40.0,Single,BR005,Salaried,473600.0,764.0,0,0.0,Auto Loan,432400.0,84,9.36,7036.18,0.18,0.0,0,2022-06-13,Approved,No,,0
LN000721,Manish Iyer,Male,45.0,Single,BR009,Salaried,333100.0,569.0,0,0.0,Personal Loan,130000.0,24,15.31,6322.43,0.23,0.0,2,2024-02-14,Approved,No,,0
LN003285,Arjun Gupta,Male,27.0,Married,BR017,Salaried,413400.0,555.0,0,0.0,Auto Loan,439400.0,60,11.45,9652.53,0.28,0.0,1,2023-09-06,Approved,No,,0
LN001375,Diya Mehta,Female,46.0,Single,BR013,Business Owner,2022100.0,704.0,1,10679.69,Business Loan,2426500.0,36,12.46,81128.68,0.54,3150700.0,1,2023-01-18,Approved,No,,0
LN003382,Aditya Verma,Male,,Married,BR006,Self-Employed,290200.0,639.0,0,0.0,Auto Loan,190800.0,60,10.61,0.0,0.17,0.0,0,2023-04-29,Rejected,No,,0
LN001474,Divya Naidu,Female,32.0,Single,BR009,Business Owner,711200.0,662.0,1,6605.47,Personal Loan,336600.0,48,14.38,9262.38,0.27,0.0,0,2025-03-18,Approved,No,,0
LN003791,Amit Bhatt,Male,38.0,Married,BR012,Salaried,544400.0,590.0,0,0.0,Gold Loan,142900.0,18,10.6,8621.69,0.19,186300.0,1,2024-01-06,Approved,No,,0
LN002857,Divya Patel,Female,21.0,Single,BR002,Salaried,409500.0,626.0,1,3087.92,Personal Loan,228600.0,48,14.74,6332.02,0.28,0.0,1,2024-01-25,Approved,No,,0
LN004898,Priya Nair,Female,56.0,Single,BR001,Business Owner,444500.0,752.0,1,4061.93,Auto Loan,511500.0,36,9.48,16380.07,0.55,0.0,1,2025-03-09,Approved,No,,0
LN002838,Saanvi Reddy,Female,47.0,Married,BR008,Salaried,368500.0,665.0,0,0.0,Home Loan,1627200.0,120,9.35,0.0,0.68,1899500.0,0,2022-07-03,Rejected,No,,0
LN001535,Rohan Naidu,Male,29.0,Single,BR011,Self-Employed,241800.0,748.0,0,0.0,Auto Loan,256500.0,84,9.52,4194.86,0.21,0.0,0,2025-06-19,Approved,No,,0
LN004385,Aditya Naidu,Male,40.0,Married,BR001,Salaried,310700.0,663.0,0,0.0,Business Loan,612100.0,84,12.87,11092.09,0.43,716700.0,1,2025-08-21,Approved,No,,0
LN002042,Rajesh Naidu,Male,37.0,Married,BR004,Salaried,531500.0,614.0,1,6144.62,Education Loan,304900.0,60,11.86,6760.78,0.29,0.0,1,2022-04-10,Approved,No,,0
LN002442,Pooja Joshi,Female,28.0,Married,BR009,Salaried,997700.0,699.0,1,14015.19,Personal Loan,500300.0,48,14.01,0.0,0.33,0.0,0,2024-07-21,Rejected,No,,0
LN003815,Arjun Kapoor,Male,24.0,Single,BR017,Salaried,277300.0,746.0,0,0.0,Auto Loan,176600.0,84,9.54,2889.97,0.13,0.0,0,2025-11-07,Approved,No,,0
LN002107,Sunita Das,Female,45.0,Divorced,BR012,Unemployed,226300.0,763.0,2,1962.03,Auto Loan,154900.0,60,9.37,3243.36,0.28,0.0,1,2023-05-02,Approved,No,,0
LN002336,Nikhil Rao,Male,57.0,Married,BR011,Self-Employed,219300.0,742.0,2,1843.23,Gold Loan,25000.0,12,9.08,2187.21,0.22,28200.0,0,2024-02-05,Approved,No,,0
LN000826,Anil Naidu,Male,47.0,Married,BR005,Salaried,236300.0,758.0,1,4396.11,Personal Loan,91900.0,24,13.42,4387.25,0.45,0.0,0,2022-04-13,Approved,No,,0
LN000222,Anil Reddy,Male,43.0,Single,BR008,Salaried,692900.0,738.0,0,0.0,Business Loan,626700.0,84,12.12,11103.23,0.19,862300.0,0,2022-01-03,Approved,Yes,2025-11-02,87
LN003337,Ishaan Iyer,Male,27.0,Married,BR006,Salaried,714500.0,640.0,0,0.0,Auto Loan,733300.0,84,10.6,0.0,0.21,0.0,2,2023-04-28,Rejected,No,,0
LN001438,Pooja Joshi,Female,32.0,Married,BR015,Business Owner,577100.0,685.0,3,8899.98,Home Loan,2047200.0,300,9.15,17390.8,0.55,2714800.0,0,2024-12-15,Approved,No,,0
LN004374,Meera Agarwal,Female,35.0,Single,BR016,Salaried,238900.0,520.0,0,0.0,Business Loan,199500.0,60,14.3,4673.1,0.23,237400.0,1,2022-09-07,Approved,No,,0
LN001154,Pooja Nair,Female,38.0,Married,BR007,Salaried,711100.0,688.0,1,12988.85,Auto Loan,376000.0,84,10.12,0.0,0.32,0.0,1,2022-04-19,Rejected,No,,0
LN004296,Amit Malhotra,Male,54.0,Single,BR006,Salaried,481200.0,538.0,1,5779.44,Personal Loan,222200.0,12,15.62,0.0,0.65,0.0,0,2025-10-01,Rejected,No,,0
LN000868,Neha Mehta,Female,32.0,Single,BR006,Salaried,512400.0,713.0,1,7781.25,Education Loan,356600.0,120,10.87,0.0,0.3,0.0,0,2024-09-07,Rejected,No,,0
LN003727,Swati Kapoor,Female,35.0,Married,BR009,Salaried,706900.0,545.0,0,0.0,Auto Loan,611000.0,60,11.55,13452.83,0.23,0.0,1,2025-09-21,Approved,No,,0
LN002121,Aarav Kapoor,Male,27.0,Divorced,BR015,Salaried,338700.0,803.0,0,0.0,Auto Loan,239400.0,36,8.97,7609.51,0.27,0.0,1,2025-10-31,Approved,Yes,2025-12-11,7
LN005195,Reyansh Agarwal,Male,43.0,Married,BR007,Salaried,150000.0,572.0,1,1776.16,Education Loan,111600.0,36,12.28,3721.66,0.44,0.0,1,2025-04-24,Approved,Yes,2025-11-22,45
LN002363,Geeta Reddy,Female,31.0,Single,BR010,Business Owner,,709.0,1,2366.87,Home Loan,1248500.0,240,8.91,11160.91,0.66,1523200.0,0,2025-09-07,Approved,No,,0
LN002404,Rohan Kapoor,Male,44.0,Single,BR002,Salaried,372400.0,574.0,0,0.0,Personal Loan,53400.0,48,15.26,1493.21,0.05,0.0,1,2024-05-25,Approved,Yes,2025-03-04,66
LN005131,Karthik Singh,Male,24.0,Single,BR006,Salaried,296000.0,550.0,1,4771.56,Personal Loan,61000.0,24,15.5,2972.2,0.31,0.0,2,2022-06-28,Approved,No,,0
LN005200,Priya Naidu,Female,39.0,Married,BR012,Salaried,765600.0,459.0,0,0.0,Auto Loan,307800.0,48,12.41,0.0,0.13,0.0,1,2024-04-24,Rejected,No,,0
LN004517,Meera Joshi,Female,37.0,Single,BR017,Self-Employed,726100.0,723.0,0,0.0,Gold Loan,131000.0,6,9.27,22427.44,0.37,163100.0,1,2022-12-08,Approved,No,,0
LN001623,Reyansh Sharma,Male,52.0,Divorced,BR004,Business Owner,403500.0,641.0,0,0.0,Personal Loan,111200.0,12,14.59,10015.22,0.3,0.0,3,2023-06-14,Approved,No,,0
LN001127,Krishna Verma,Male,37.0,Married,BR008,Salaried,398800.0,626.0,2,6038.91,Auto Loan,411000.0,48,10.74,10570.69,0.5,0.0,1,2022-07-28,Approved,Yes,2024-09-17,116
LN001740,Geeta Naidu,Female,30.0,Married,BR009,Self-Employed,395800.0,733.0,0,0.0,Gold Loan,1152000.0,12,9.17,6722.33,0.2,99300.0,0,2024-01-17,Approved,No,,0
LN001135,Divya Verma,Female,33.0,Single,BR013,Business Owner,473000.0,799.0,0,0.0,Education Loan,179000.0,60,10.01,0.0,0.1,0.0,1,2025-06-11,Rejected,No,,0
LN005015,Anil Chauhan,Male,43.0,Single,BR001,Self-Employed,1389800.0,740.0,0,0.0,Education Loan,815900.0,84,10.6,13799.19,0.12,0.0,1,2022-01-26,Approved,No,,0
LN002815,Neha Gupta,Female,42.0,Divorced,BR004,Salaried,385700.0,690.0,0,0.0,Personal Loan,57900.0,36,14.1,1981.7,0.06,0.0,0,2023-03-27,Approved,Yes,2025-09-02,45
LN003539,Vivaan Iyer,Male,40.0,Married,BR012,Salaried,378000.0,686.0,1,3096.54,Auto Loan,166700.0,60,10.14,0.0,0.21,0.0,1,2022-10-08,Rejected,No,,0
LN004540,Anjali Malhotra,Female,41.0,Married,BR005,Salaried,190100.0,585.0,0,0.0,Auto Loan,157300.0,60,11.15,3431.86,0.22,0.0,0,2024-10-09,Approved,No,,0
LN002621,Meera Chauhan,Female,37.0,Married,BR018,Business Owner,1280500.0,790.0,0,0.0,Home Loan,5835200.0,180,8.1,56101.6,0.53,8131400.0,0,2024-11-17,Approved,No,,0
LN003602,Reyansh Agarwal,Male,34.0,Single,BR004,Business Owner,530000.0,587.0,0,0.0,Business Loan,639200.0,60,13.63,14750.74,0.33,662500.0,2,2023-01-08,Approved,Yes,2025-06-04,51
LN000903,Rahul Singh,Male,56.0,Divorced,BR003,Salaried,345400.0,557.0,0,0.0,Personal Loan,130600.0,24,15.43,0.0,0.22,0.0,1,2024-07-27,Rejected,No,,0
LN000491,Anjali Naidu,Female,50.0,Single,BR007,Business Owner,552900.0,838.0,0,0.0,Auto Loan,571200.0,84,8.62,9080.31,0.2,0.0,0,2022-02-07,Approved,No,,0
LN001383,Shreya Gupta,Female,21.0,Single,BR002,Salaried,286500.0,608.0,1,4649.06,Personal Loan,114300.0,24,14.92,5537.68,0.43,0.0,1,2023-03-19,Approved,Yes,2023-05-06,9
LN002716,Anil Rao,Male,38.0,Married,BR012,Salaried,434900.0,657.0,0,0.0,Home Loan,1842400.0,180,9.43,19161.05,0.53,2085200.0,0,2025-06-07,Approved,No,,0
LN000235,Ishaan Malhotra,Male,24.0,Married,BR011,Salaried,920100.0,734.0,3,11543.86,Education Loan,576400.0,120,10.66,7829.38,0.25,0.0,0,2022-07-15,Approved,No,,0
LN000067,Aarav Mehta,Male,30.0,Married,BR005,Salaried,397700.0,553.0,1,7308.3,Business Loan,747300.0,36,13.97,25530.06,0.99,872700.0,0,2023-12-22,Approved,No,,0
LN001510,Krishna Rao,Male,35.0,Married,BR012,Salaried,189800.0,676.0,0,0.0,Business Loan,233000.0,60,12.74,5270.51,0.33,250800.0,0,2023-06-16,Approved,No,,0
LN000392,Deepak Naidu,Male,32.0,Single,BR014,Salaried,587800.0,543.0,0,0.0,Business Loan,584500.0,60,14.07,0.0,0.28,701700.0,3,2022-01-24,Rejected,No,,0
LN004915,Deepak Iyer,Male,23.0,Married,BR008,Business Owner,281100.0,652.0,0,0.0,Personal Loan,160500.0,24,14.48,7742.51,0.33,0.0,1,2023-04-17,Approved,Yes,2024-02-06,31
LN001728,Rahul Joshi,Male,36.0,Married,BR009,Business Owner,239600.0,626.0,0,0.0,Business Loan,532100.0,24,13.24,25357.03,1.27,741000.0,0,2024-03-07,Approved,No,,0
LN001364,Ishita Sharma,Female,46.0,Single,BR009,Salaried,227600.0,695.0,1,3520.42,Auto Loan,244700.0,60,10.05,5205.17,0.46,0.0,0,2024-10-26,Approved,No,,0
LN004293,Manish Patel,Male,53.0,Married,BR004,Salaried,407500.0,900.0,0,0.0,Auto Loan,255500.0,60,8.0,5180.62,0.15,0.0,1,2024-04-15,Approved,Yes,2025-08-02,70
LN001853,Manish Kapoor,Male,42.0,Married,BR005,Salaried,780500.0,641.0,1,15665.39,Education Loan,387300.0,60,11.59,8535.25,0.37,0.0,1,2022-10-13,Approved,No,,0
LN002344,Aarav Malhotra,Male,39.0,Single,BR009,Salaried,566700.0,694.0,1,10148.29,Business Loan,956700.0,36,12.56,32032.62,0.89,962700.0,1,2024-10-30,Approved,No,,0
LN004101,Anjali Chauhan,Female,46.0,Single,BR005,Business Owner,633000.0,702.0,1,8380.68,Auto Loan,491600.0,36,9.98,15857.93,0.46,0.0,0,2025-03-22,Approved,No,,0
LN004792,Vivaan Reddy,Male,58.0,Married,BR008,Salaried,228100.0,658.0,2,3058.29,Auto Loan,98900.0,48,10.42,2528.35,0.29,0.0,0,2024-10-08,Approved,No,,0
LN004485,Ishaan Rao,Male,40.0,Married,BR010,Salaried,320900.0,746.0,1,5344.57,Home Loan,1622700.0,120,8.54,20153.89,0.95,1869700.0,0,2023-03-20,Approved,No,,0
LN001640,Vihaan Joshi,Male,35.0,Single,BR006,Business Owner,465400.0,705.0,1,6592.55,Personal Loan,193800.0,36,13.95,6618.92,0.34,0.0,0,2022-03-18,Approved,Yes,2024-01-31,9
LN004605,Pooja Sharma,Female,37.0,Single,BR002,Self-Employed,779300.0,764.0,0,0.0,Business Loan,1715600.0,60,11.86,38041.31,0.59,2358700.0,0,2022-10-05,Approved,No,,0
LN002217,Aditya Chauhan,Male,32.0,Married,BR014,Salaried,473600.0,690.0,0,0.0,Gold Loan,128300.0,24,9.6,5896.74,0.15,129900.0,1,2023-03-21,Approved,Yes,2023-05-12,76
LN000617,Aarav Iyer,Male,28.0,Single,BR008,Business Owner,119400.0,674.0,0,0.0,Education Loan,103400.0,120,11.26,0.0,0.14,0.0,1,2025-04-07,Rejected,No,,0
LN003136,Amit Kapoor,Male,36.0,Single,BR001,Salaried,305100.0,517.0,0,0.0,Education Loan,303300.0,120,12.83,0.0,0.18,0.0,1,2025-11-20,Rejected,No,,0
LN003027,Vihaan Chatterjee,Male,45.0,Married,BR008,Self-Employed,219100.0,894.0,2,2825.89,Gold Loan,53900.0,6,7.56,0.0,0.66,55100.0,1,2025-12-30,Rejected,No,,0
LN002353,Deepak Bhatt,Male,28.0,Single,BR014,Salaried,517900.0,737.0,0,0.0,Gold Loan,122100.0,24,9.13,5585.39,0.13,123700.0,0,2023-03-03,Approved,No,,0
LN001039,Pooja Chatterjee,Female,34.0,Married,BR011,Salaried,143600.0,900.0,3,2061.99,Auto Loan,77500.0,36,8.0,2428.57,0.38,0.0,0,2024-08-30,Approved,No,,0
LN000030,Ananya Bhatt,Female,40.0,Single,BR018,Business Owner,1002300.0,609.0,0,0.0,Auto Loan,1042400.0,48,10.91,26895.84,0.32,0.0,1,2025-06-17,Approved,No,,0
LN004598,Saanvi Agarwal,Female,33.0,Divorced,BR012,Self-Employed,296200.0,658.0,2,1275.52,Education Loan,213700.0,120,11.42,2994.75,0.17,0.0,0,2024-06-07,Approved,Yes,2025-12-18,5
LN004733,Reyansh Rao,Male,28.0,Single,BR004,Salaried,442600.0,591.0,1,6071.81,Auto Loan,190700.0,60,11.09,4154.84,0.28,0.0,0,2023-11-01,Approved,No,,0
LN001689,Anil Gupta,Male,28.0,Married,BR007,Self-Employed,706600.0,716.0,0,0.0,Home Loan,2345500.0,300,8.84,19427.01,0.33,2782100.0,0,2025-12-21,Approved,No,,0
LN005235,Sai Patel,Male,39.0,Married,BR001,Salaried,679200.0,728.0,1,6972.19,Auto Loan,495200.0,48,9.72,0.0,0.34,0.0,0,2022-02-14,Rejected,No,,0
LN000122,Nikhil Nair,Male,33.0,Divorced,BR011,Self-Employed,376900.0,787.0,0,0.0,Home Loan,1199200.0,180,8.13,11550.36,0.37,1614200.0,0,2023-06-17,Approved,No,,0
LN004971,Aditya Kapoor,Male,29.0,Single,BR009,Salaried,,760.0,0,0.0,Business Loan,662800.0,36,11.9,21982.8,0.62,880100.0,0,2022-09-01,Approved,No,,0
LN000204,Rajesh Malhotra,Male,30.0,Married,BR007,Self-Employed,175200.0,620.0,0,0.0,Personal Loan,69700.0,48,14.8,0.0,0.13,0.0,1,2023-07-07,Rejected,No,,0
LN002847,Manish Kapoor,Male,21.0,Single,BR012,Salaried,234400.0,682.0,1,2931.46,Personal Loan,25000.0,12,14.18,2246.8,0.27,0.0,0,2022-12-17,Approved,No,,0
LN002720,Divya Chauhan,Female,27.0,Married,BR004,Self-Employed,1087400.0,597.0,3,14127.39,Auto Loan,1142500.0,60,11.03,24857.82,0.43,0.0,2,2025-05-15,Approved,Yes,2025-07-27,62
LN004401,Sai Joshi,Male,38.0,Married,BR008,Business Owner,337300.0,753.0,2,2802.52,Business Loan,736800.0,24,11.97,0.0,1.33,806900.0,2,2022-02-24,Rejected,No,,0
LN004774,Ishaan Chatterjee,Male,21.0,Married,BR010,Business Owner,473800.0,737.0,1,8899.06,Personal Loan,112800.0,12,13.63,0.0,0.48,0.0,0,2025-02-18,Rejected,No,,0
LN005071,Arjun Sharma,Male,37.0,Married,BR006,Salaried,559000.0,820.0,2,7800.72,Home Loan,2123100.0,300,7.8,16106.14,0.51,2729600.0,1,2022-11-20,Approved,No,,0
LN001690,Vivaan Naidu,Male,36.0,Single,BR006,Business Owner,2696800.0,737.0,1,25138.25,Personal Loan,300500.0,24,13.63,14375.4,0.18,0.0,1,2024-06-02,Approved,No,,0
LN003287,Vihaan Gupta,Male,25.0,Married,BR015,Salaried,338100.0,638.0,1,7033.99,Home Loan,1213300.0,120,9.62,15779.63,0.81,1482500.0,1,2025-02-11,Approved,No,,0
LN004055,Vihaan Naidu,Male,21.0,Married,BR004,Salaried,506300.0,789.0,1,5795.9,Home Loan,1634900.0,120,8.11,19931.0,0.61,2069400.0,0,2024-04-18,Approved,No,,0
LN002774,Amit Pillai,Male,26.0,Married,BR014,Salaried,762600.0,606.0,0,0.0,Home Loan,2736900.0,120,9.94,36077.46,0.57,2761600.0,4,2025-12-09,Approved,Yes,,33
LN004397,Diya Patel,Female,37.0,Single,BR003,Salaried,,692.0,1,4404.68,Gold Loan,105900.0,24,9.58,4866.24,0.27,116700.0,0,2024-07-17,Approved,No,,0
LN003311,Saanvi Kapoor,Female,41.0,Married,BR011,Salaried,785200.0,656.0,2,15836.53,Home Loan,3462400.0,180,9.44,36029.98,0.79,3970900.0,1,2025-04-14,Approved,No,,0
LN002131,Rekha Joshi,Female,48.0,Married,BR012,Self-Employed,221500.0,824.0,0,0.0,Personal Loan,99100.0,36,12.76,3327.63,0.18,0.0,1,2024-11-18,Approved,No,,0
LN004852,Aadhya Kapoor,Female,30.0,Married,BR005,Salaried,244800.0,547.0,0,0.0,Auto Loan,146500.0,60,11.53,3224.12,0.16,0.0,1,2022-03-29,Approved,No,,0
LN001496,Kavya Chauhan,Female,25.0,Single,BR006,Salaried,641600.0,828.0,0,0.0,Personal Loan,321200.0,36,12.72,10779.23,0.2,0.0,0,2023-08-18,Approved,No,,0
LN002521,Rahul Chatterjee,Male,35.0,Single,BR007,Salaried,426000.0,474.0,0,0.0,Personal Loan,177500.0,48,16.26,0.0,0.14,0.0,2,2025-05-18,Rejected,No,,0
LN000116,Reyansh Sharma,Male,41.0,Married,BR005,Salaried,946900.0,716.0,2,12160.56,Personal Loan,451000.0,12,13.84,40460.05,0.67,0.0,0,2025-06-29,Approved,No,,0
LN003803,Nikhil Nair,Male,36.0,Married,BR008,Unemployed,99700.0,566.0,0,0.0,Personal Loan,28800.0,48,15.34,0.0,0.1,0.0,2,2024-02-12,Rejected,No,,0
LN003463,Manish Reddy,Male,25.0,Married,BR017,Salaried,563300.0,521.0,0,0.0,Business Loan,694600.0,24,14.29,0.0,0.71,850000.0,1,2023-08-27,Rejected,No,,0
LN002279,Diya Pillai,Female,41.0,Married,BR003,Self-Employed,2139300.0,412.0,0,0.0,Auto Loan,2489400.0,84,12.88,0.0,0.25,0.0,1,2025-05-11,Rejected,No,,0
LN005329,Arjun Bhatt,Male,42.0,Married,BR014,Unemployed,162100.0,713.0,3,1156.2,Home Loan,767000.0,300,8.87,6368.49,0.56,877000.0,2,2023-02-02,Approved,No,,0
LN002413,Krishna Sharma,Male,21.0,Single,BR010,Self-Employed,384900.0,671.0,1,670.02,Home Loan,2006100.0,240,9.29,0.0,0.6,2354800.0,1,2025-02-18,Rejected,No,,0
LN004933,Sunita Chatterjee,Female,28.0,Married,BR013,Business Owner,522600.0,778.0,1,4340.63,Gold Loan,102800.0,6,8.72,17571.72,0.5,133500.0,0,2025-10-25,Approved,No,,0
LN004273,Reyansh Patel,Male,59.0,Married,BR003,Salaried,583500.0,796.0,0,0.0,Gold Loan,81100.0,18,8.54,0.0,0.1,103600.0,1,2022-07-15,Rejected,No,,0
LN003764,Karthik Bhatt,Male,39.0,Married,BR002,Salaried,333500.0,861.0,0,0.0,Auto Loan,351500.0,60,8.39,7192.94,0.26,0.0,0,2024-11-03,Approved,No,,0
LN000731,Reyansh Joshi,Male,48.0,Divorced,BR005,Salaried,792900.0,719.0,0,0.0,Business Loan,1647700.0,24,12.31,0.0,1.18,1982600.0,0,2024-06-27,Rejected,No,,0
LN001646,Krishna Nair,Male,25.0,Single,BR009,Self-Employed,169300.0,692.0,0,0.0,Home Loan,944800.0,300,9.08,7980.55,0.57,1093600.0,0,2023-12-23,Approved,No,,0
LN003652,Anil Malhotra,Male,29.0,Single,BR007,Salaried,400100.0,765.0,1,5746.56,Education Loan,125000.0,84,10.35,0.0,0.24,0.0,0,2023-03-13,Rejected,No,,0
LN005322,Amit Kapoor,Male,52.0,Married,BR006,Salaried,401600.0,660.0,0,0.0,Business Loan,488000.0,84,12.9,8851.17,0.26,614400.0,0,2023-04-07,Approved,No,,0
LN004599,Aarav Chatterjee,Male,45.0,Married,BR016,Salaried,414900.0,543.0,0,0.0,Personal Loan,71900.0,48,15.57,0.0,0.06,0.0,0,2025-10-24,Rejected,No,,0
LN000891,Aditya Agarwal,Male,35.0,Single,BR009,Business Owner,713300.0,508.0,2,981.69,Business Loan,1350000.0,36,14.42,46415.67,0.8,1811400.0,1,2024-10-18,Approved,No,,0
LN001424,Aditya Agarwal,Male,37.0,Single,BR010,Business Owner,302200.0,519.0,2,3273.56,Gold Loan,69300.0,12,11.31,6134.87,0.37,76900.0,0,2022-01-18,Approved,No,,0
LN002100,Deepak Joshi,Male,27.0,Married,BR004,Self-Employed,469700.0,767.0,0,0.0,Business Loan,666700.0,60,11.83,0.0,0.38,747100.0,1,2025-06-20,Rejected,No,,0
LN003017,Rekha Joshi,Female,,Married,BR005,Business Owner,609900.0,806.0,1,827.91,Home Loan,3601200.0,180,7.94,34290.32,0.69,4828900.0,0,2023-10-10,Approved,No,,0
LN001060,Vivaan Kapoor,Male,49.0,Married,BR015,Salaried,570400.0,838.0,0,0.0,Personal Loan,84400.0,36,12.62,2828.35,0.06,0.0,0,2023-08-03,Approved,Yes,2023-11-23,22
LN001537,Manish Iyer,Male,39.0,Married,BR014,Salaried,621400.0,619.0,1,7175.11,Business Loan,1333900.0,84,13.31,24491.63,0.61,1865900.0,0,2024-01-05,Approved,Yes,2025-04-04,23
LN005139,Rahul Malhotra,Male,21.0,Married,BR007,Business Owner,197700.0,729.0,1,1712.8,Home Loan,770700.0,300,8.71,6315.33,0.49,1017600.0,0,2024-10-04,Approved,No,,0
LN003386,Arjun Mehta,Male,36.0,Single,BR005,Salaried,565400.0,614.0,0,0.0,Personal Loan,253000.0,12,14.86,22818.64,0.48,0.0,1,2024-01-15,Approved,No,,0
LN000501,Pooja Pillai,Female,41.0,Married,BR017,Salaried,674500.0,568.0,1,9934.4,Personal Loan,278700.0,36,15.32,9704.96,0.35,0.0,1,2024-04-22,Approved,No,,0
LN004007,Vihaan Rao,Male,48.0,Single,BR011,Salaried,898800.0,780.0,1,4056.26,Auto Loan,807100.0,48,9.2,20161.45,0.32,0.0,0,2025-11-04,Approved,No,,0
LN005084,Karthik Reddy,Male,36.0,Married,BR002,Self-Employed,714600.0,521.0,1,14792.68,Business Loan,791300.0,84,14.29,0.0,0.5,1032300.0,0,2024-04-29,Rejected,No,,0
LN003082,Krishna Kapoor,Male,48.0,Married,BR018,Salaried,195600.0,574.0,1,3959.28,Auto Loan,101400.0,36,11.26,3332.2,0.45,0.0,0,2025-06-07,Approved,No,,0
LN002598,Rohan Rao,Male,48.0,Married,BR016,Unemployed,121700.0,634.0,1,2317.5,Education Loan,40000.0,120,11.66,566.05,0.28,0.0,2,2025-03-15,Approved,No,,0
LN003595,Aditya Gupta,Male,45.0,Married,BR011,Salaried,560700.0,578.0,1,8383.9,Personal Loan,207900.0,24,15.22,0.0,0.4,0.0,3,2022-10-08,Rejected,No,,0
LN003532,Riya Naidu,Female,21.0,Married,BR011,Self-Employed,131900.0,738.0,0,0.0,Home Loan,770000.0,300,8.62,0.0,0.57,988700.0,1,2025-12-26,Rejected,No,,0
LN004713,Vihaan Malhotra,Male,24.0,Married,BR013,Salaried,248300.0,731.0,1,2794.37,Personal Loan,114300.0,48,13.69,3105.67,0.29,0.0,0,2023-03-21,Approved,No,,0
LN002364,Anil Pillai,Male,27.0,Married,BR005,Salaried,303300.0,377.0,0,0.0,Home Loan,1060600.0,240,12.23,11848.63,0.47,1412500.0,1,2025-05-17,Approved,Yes,2025-07-26,87
LN005072,Saanvi Verma,Female,29.0,Married,BR001,Salaried,457000.0,816.0,1,8210.03,Personal Loan,206600.0,36,12.84,6945.26,0.4,0.0,1,2023-08-09,Approved,No,,0
LN000014,Meera Nair,Female,40.0,Married,BR011,Salaried,380700.0,547.0,1,7570.12,Business Loan,555500.0,36,14.03,18993.77,0.84,700900.0,0,2025-04-17,Approved,No,,0
LN004645,Anil Mehta,Male,30.0,Single,BR015,Self-Employed,395300.0,853.0,1,4698.26,Personal Loan,158900.0,48,12.47,4221.21,0.27,0.0,2,2023-12-05,Approved,No,,0
LN002015,Krishna Sharma,Male,37.0,Married,BR010,Business Owner,993300.0,756.0,0,0.0,Personal Loan,473500.0,24,13.44,22609.04,0.27,0.0,2,2025-10-26,Approved,Yes,2025-12-01,45
LN004420,Ishaan Pillai,Male,29.0,Married,BR011,Business Owner,379400.0,689.0,2,5994.31,Gold Loan,94000.0,24,9.61,4320.72,0.33,125400.0,0,2022-07-07,Approved,No,,0
LN005169,Geeta Kapoor,Female,27.0,Single,BR007,Salaried,591900.0,762.0,1,4797.29,Education Loan,458200.0,120,10.38,6151.97,0.22,0.0,0,2023-05-18,Approved,No,,0
LN001522,Priya Nair,Female,,Married,BR017,Self-Employed,489200.0,697.0,1,4611.45,Home Loan,2455700.0,180,9.03,0.0,0.73,2913100.0,1,2023-08-10,Rejected,No,,0
LN002946,Aadhya Das,Female,34.0,Divorced,BR015,Business Owner,253700.0,737.0,0,0.0,Business Loan,422100.0,36,12.13,14045.98,0.66,568500.0,0,2025-10-08,Approved,No,,0
LN003433,Rahul Verma,Male,21.0,Single,BR007,Salaried,638000.0,610.0,3,13103.04,Personal Loan,357700.0,36,14.9,12382.28,0.48,0.0,3,2024-08-30,Approved,No,,0
LN005480,Karthik Agarwal,Male,34.0,Single,BR018,Salaried,447900.0,589.0,0,0.0,Auto Loan,221500.0,48,11.11,0.0,0.15,0.0,3,2025-09-20,Rejected,No,,0
LN002749,Shreya Nair,Female,40.0,Married,BR004,Business Owner,373400.0,545.0,0,0.0,Education Loan,331000.0,60,12.55,7455.24,0.24,0.0,1,2025-04-15,Approved,No,,0
LN001722,Geeta Singh,Female,32.0,Married,BR007,Business Owner,638200.0,629.0,0,0.0,Auto Loan,479600.0,84,10.71,8138.97,0.15,0.0,1,2023-08-25,Approved,No,,0
LN004490,Rajesh Mehta,Male,39.0,Single,BR005,Unemployed,91600.0,649.0,1,130.74,Education Loan,89100.0,60,11.51,0.0,0.27,0.0,0,2024-04-28,Rejected,No,,0
LN003695,Krishna Verma,Male,49.0,Married,BR007,Salaried,231300.0,678.0,1,3118.17,Education Loan,166100.0,84,11.22,2863.29,0.31,0.0,0,2023-07-02,Approved,No,,0
LN003139,Rajesh Chatterjee,Male,45.0,Married,BR010,Salaried,514800.0,750.0,1,3781.55,Education Loan,271100.0,84,10.5,4570.93,0.19,0.0,0,2022-11-02,Approved,No,,0
LN002950,Nikhil Verma,Male,24.0,Married,BR008,Business Owner,559100.0,684.0,1,7518.61,Personal Loan,298800.0,36,14.16,10235.51,0.38,0.0,0,2025-11-06,Approved,No,,0
LN000026,Shreya Bhatt,Female,43.0,Single,BR009,Business Owner,402400.0,642.0,2,2976.39,Home Loan,1934500.0,180,9.58,20294.02,0.69,2581500.0,1,2022-12-08,Approved,Yes,2023-10-06,89
LN003847,Rajesh Naidu,Male,52.0,Married,BR004,Self-Employed,430800.0,710.0,2,812.63,Home Loan,1675000.0,180,8.9,0.0,0.49,2034300.0,0,2023-07-20,Rejected,No,,0
LN002342,Rohan Reddy,Male,,Married,BR006,Salaried,587800.0,828.0,0,0.0,Personal Loan,1093500.0,12,12.72,6501.66,0.13,0.0,0,2022-03-30,Approved,No,,0
LN001343,Vivaan Patel,Male,33.0,Single,BR018,Salaried,794000.0,716.0,1,4900.42,Personal Loan,442200.0,36,13.84,15079.01,0.3,0.0,0,2024-09-01,Approved,No,,0
LN004409,Shreya Pillai,Female,43.0,Married,BR004,Self-Employed,544500.0,716.0,0,0.0,Education Loan,328200.0,120,10.84,0.0,0.1,0.0,0,2023-10-01,Rejected,No,,0
LN000937,Rekha Gupta,Female,34.0,Married,BR004,Salaried,791700.0,643.0,0,0.0,Home Loan,2528100.0,120,9.57,32809.96,0.5,3266900.0,1,2022-10-13,Approved,No,,0
LN001648,Geeta Naidu,Female,42.0,Married,BR006,Self-Employed,214100.0,514.0,0,0.0,Auto Loan,93900.0,60,11.86,0.0,0.12,0.0,1,2023-05-12,Rejected,No,,0
LN002082,Aarav Rao,Male,51.0,Married,BR009,Business Owner,1284500.0,610.0,0,0.0,Business Loan,2822800.0,84,13.4,51968.12,0.49,3351000.0,0,2022-10-21,Approved,No,,0
LN000929,Suresh Verma,Male,49.0,Married,BR018,Salaried,228100.0,623.0,1,4120.85,Auto Loan,255500.0,48,10.77,6575.03,0.56,0.0,0,2024-08-10,Approved,No,,0
LN005159,Saanvi Bhatt,Female,45.0,Married,BR003,Salaried,165700.0,584.0,2,1624.51,Home Loan,637600.0,180,10.16,0.0,0.62,695500.0,2,2022-03-28,Rejected,No,,0
LN002451,Manish Sharma,Male,42.0,Single,BR001,Salaried,814400.0,793.0,0,0.0,Personal Loan,203700.0,12,13.07,18200.62,0.27,0.0,2,2022-10-30,Approved,No,,0
LN003901,Arjun Joshi,Male,36.0,Married,BR009,Salaried,245900.0,564.0,1,2338.58,Education Loan,102600.0,60,12.36,0.0,0.23,0.0,2,2023-01-14,Rejected,No,,0
LN003417,Manish Verma,Male,44.0,Married,BR013,Self-Employed,843000.0,681.0,2,12279.65,Auto Loan,417400.0,36,10.19,0.0,0.37,0.0,0,2022-08-09,Rejected,No,,0
LN005470,Vivaan Mehta,Male,40.0,Married,BR018,Business Owner,480600.0,596.0,0,0.0,Education Loan,230900.0,60,12.04,0.0,0.13,0.0,1,2022-07-01,Rejected,No,,0
LN000999,Rekha Kapoor,Female,56.0,Single,BR006,Business Owner,1215400.0,754.0,0,0.0,Education Loan,621500.0,60,10.46,13346.15,0.13,0.0,2,2024-05-07,Approved,Yes,2025-04-01,104
LN002835,Aditya Singh,Male,45.0,Single,BR014,Business Owner,253800.0,592.0,1,3443.83,Business Loan,137100.0,24,13.58,6555.4,0.47,160200.0,2,2023-02-17,Approved,Yes,2024-03-11,82
LN002773,Sunita Singh,Female,41.0,Single,BR011,Salaried,637500.0,546.0,4,9031.21,Auto Loan,472200.0,60,11.54,10394.39,0.37,0.0,1,2023-06-23,Approved,No,,0
LN002368,Aarav Bhatt,Male,38.0,Married,BR001,Salaried,540800.0,661.0,1,4275.14,Auto Loan,473900.0,84,10.39,0.0,0.27,0.0,0,2022-02-26,Rejected,No,,0
LN003763,Amit Rao,Male,,Married,BR005,Salaried,,628.0,0,0.0,Personal Loan,92600.0,12,14.72,8345.69,0.26,0.0,3,2025-08-24,Approved,No,,0
LN004367,Aarav Gupta,Male,33.0,Divorced,BR013,Salaried,360500.0,617.0,1,2485.43,Home Loan,1906600.0,180,9.83,20290.59,0.76,2626700.0,0,2023-01-18,Approved,No,,0
LN001684,Anil Iyer,Male,34.0,Single,BR010,Salaried,542400.0,858.0,1,5456.37,Home Loan,1665800.0,180,7.42,15366.54,0.46,1894700.0,0,2025-10-07,Approved,No,,0
LN000191,Reyansh Sharma,Male,40.0,Married,BR014,Salaried,939600.0,825.0,1,8976.24,Business Loan,1467200.0,84,11.25,25315.31,0.44,1987400.0,1,2025-08-11,Approved,No,,0
LN003442,Kritika Pillai,Female,38.0,Married,BR010,Self-Employed,344800.0,625.0,0,0.0,Business Loan,585400.0,84,13.25,0.0,0.37,772500.0,2,2023-02-10,Rejected,No,,0
LN000452,Arjun Singh,Male,32.0,Single,BR008,Salaried,449000.0,640.0,0,0.0,Business Loan,910600.0,60,13.1,0.0,0.55,1142600.0,1,2022-12-04,Rejected,No,,0
LN004989,Neha Singh,Female,57.0,Single,BR010,Salaried,189400.0,546.0,2,574.49,Personal Loan,33600.0,36,15.54,1173.66,0.11,0.0,3,2024-12-04,Approved,No,,0
LN004268,Diya Reddy,Female,24.0,Single,BR010,Business Owner,303400.0,708.0,1,3697.71,Personal Loan,88300.0,12,13.92,0.0,0.46,0.0,0,2022-03-26,Rejected,No,,0
LN001559,Aarav Pillai,Male,44.0,Single,BR006,Salaried,590400.0,642.0,0,0.0,Personal Loan,193300.0,48,14.58,0.0,0.11,0.0,1,2025-01-29,Rejected,No,,0
LN004232,Sai Das,Male,37.0,Married,BR004,Salaried,432500.0,724.0,2,6980.3,Gold Loan,65900.0,6,9.26,11281.88,0.51,84000.0,1,2022-01-07,Approved,No,,0
LN002675,Reyansh Kapoor,Male,43.0,Married,BR002,Salaried,197100.0,687.0,0,0.0,Business Loan,298600.0,36,12.63,10007.88,0.61,305400.0,1,2022-09-01,Approved,No,,0
LN005465,Sai Chatterjee,Male,34.0,Married,BR001,Salaried,237200.0,838.0,0,0.0,Personal Loan,112300.0,36,12.62,3763.31,0.19,0.0,0,2025-10-01,Approved,No,,0
LN000077,Anil Verma,Male,26.0,Married,BR005,Salaried,514900.0,690.0,0,0.0,Home Loan,2868300.0,300,9.1,24267.39,0.57,2936000.0,0,2022-02-17,Approved,No,,0
LN002471,Rajesh Sharma,Male,21.0,Married,BR006,Unemployed,90000.0,802.0,2,422.81,Home Loan,418700.0,180,7.98,3996.48,0.59,426400.0,0,2024-06-01,Approved,Yes,2024-12-29,1
LN000233,Rajesh Kapoor,Male,21.0,Married,BR006,Business Owner,806200.0,720.0,0,0.0,Home Loan,3333400.0,120,8.8,0.0,0.62,3891600.0,0,2024-10-16,Rejected,No,,0
LN003338,Aditya Mehta,Male,36.0,Single,BR015,Business Owner,1242800.0,568.0,1,1098.79,Home Loan,3785700.0,180,10.32,0.0,0.41,4258300.0,3,2023-12-07,Rejected,No,,0
LN002508,Karthik Sharma,Male,27.0,Married,BR004,Self-Employed,314000.0,693.0,1,4548.08,Business Loan,239700.0,84,12.57,4304.77,0.34,333300.0,0,2023-10-05,Approved,Yes,2024-06-16,26
LN002965,Aditya Iyer,Male,28.0,Married,BR011,Salaried,511000.0,649.0,2,5379.23,Personal Loan,69100.0,12,14.51,0.0,0.27,0.0,1,2022-02-22,Rejected,No,,0
LN001670,Vivaan Kapoor,Male,41.0,Married,BR005,Salaried,940500.0,671.0,0,0.0,Home Loan,4607600.0,180,9.29,0.0,0.61,5609700.0,0,2025-01-27,Rejected,No,,0
LN003084,Ishaan Gupta,Male,22.0,Married,BR013,Unemployed,123100.0,788.0,1,1656.28,Home Loan,384600.0,300,8.12,2999.04,0.45,502800.0,0,2023-08-10,Approved,Yes,2025-03-03,63
LN001031,Priya Verma,Female,59.0,Divorced,BR005,Salaried,559000.0,634.0,1,9462.16,Auto Loan,292800.0,60,10.66,0.0,0.34,0.0,1,2025-01-31,Rejected,No,,0
LN000798,Anil Kapoor,Male,44.0,Single,BR008,Self-Employed,368200.0,627.0,0,0.0,Auto Loan,159200.0,36,10.73,0.0,0.17,0.0,3,2025-10-20,Rejected,No,,0
LN003241,Rahul Chauhan,Male,57.0,Married,BR005,Self-Employed,197400.0,788.0,2,1229.69,Personal Loan,63000.0,48,13.12,1693.89,0.18,0.0,0,2024-02-02,Approved,No,,0
LN001725,Priya Pillai,Female,38.0,Married,BR008,Salaried,607100.0,737.0,0,0.0,Personal Loan,130900.0,24,13.63,6262.03,0.12,0.0,0,2024-01-05,Approved,Yes,2025-11-26,34
LN002903,Diya Pillai,Female,31.0,Married,BR002,Salaried,475900.0,645.0,1,4359.73,Personal Loan,279900.0,48,14.55,0.0,0.3,0.0,1,2025-07-09,Rejected,No,,0
LN002734,Diya Rao,Female,25.0,Single,BR015,Business Owner,1183300.0,683.0,2,8605.46,Education Loan,667000.0,84,11.17,11480.37,0.2,0.0,0,2023-05-29,Approved,No,,0
LN000051,Karthik Joshi,Male,40.0,Single,BR012,Salaried,656100.0,501.0,0,0.0,Personal Loan,365600.0,36,15.99,0.0,0.24,0.0,1,2025-08-02,Rejected,No,,0
LN001587,Riya Pillai,Female,45.0,Married,BR004,Salaried,694100.0,542.0,2,13529.56,Education Loan,355800.0,60,12.58,0.0,0.37,0.0,6,2024-05-09,Rejected,No,,0
LN004266,Aarav Agarwal,Male,33.0,Married,BR014,Salaried,413400.0,645.0,3,6003.71,Auto Loan,368200.0,84,10.55,0.0,0.35,0.0,0,2022-10-27,Rejected,No,,0
LN003694,Swati Mehta,Female,32.0,Married,BR007,Business Owner,1010500.0,689.0,2,8992.5,Gold Loan,174600.0,12,9.61,15318.46,0.29,184900.0,0,2022-11-12,Approved,No,,0
LN003902,Pooja Chatterjee,Female,57.0,Single,BR005,Self-Employed,484000.0,607.0,0,0.0,Personal Loan,77000.0,24,14.93,0.0,0.09,0.0,1,2023-12-21,Rejected,No,,0
LN002564,Anjali Pillai,Female,52.0,Married,BR010,Self-Employed,266000.0,643.0,1,2027.17,Business Loan,180600.0,84,13.07,0.0,0.24,242900.0,2,2022-01-01,Rejected,No,,0
LN001666,Rohan Singh,Male,34.0,Divorced,BR010,Salaried,218800.0,781.0,2,2893.2,Home Loan,19033500.0,300,8.19,9953.82,0.7,1362600.0,0,2025-09-19,Approved,Yes,2025-11-08,44
LN004851,Shreya Chauhan,Female,37.0,Single,BR007,Salaried,381200.0,664.0,1,7908.23,Home Loan,1418300.0,300,9.36,12253.89,0.63,1460000.0,2,2025-07-04,Approved,Yes,2025-08-19,116
LN003720,Aarav Gupta,Male,43.0,Single,BR010,Self-Employed,306700.0,644.0,1,30.55,Auto Loan,322500.0,36,10.56,10491.16,0.41,0.0,1,2023-09-09,Approved,Yes,2025-11-14,28
LN004074,Neha Rao,Female,,Single,BR007,Self-Employed,,713.0,0,0.0,Personal Loan,74700.0,36,13.87,2548.35,0.12,0.0,0,2022-06-22,Approved,No,,0
LN003040,Rohan Malhotra,Male,43.0,Single,BR010,Salaried,269100.0,685.0,0,0.0,Auto Loan,262800.0,36,10.15,0.0,0.38,0.0,0,2022-01-29,Rejected,No,,0
LN000898,Rajesh Patel,Male,30.0,Married,BR011,Salaried,176500.0,623.0,2,1894.06,Auto Loan,184400.0,48,10.77,4745.34,0.45,0.0,1,2022-04-10,Approved,Yes,2024-01-07,63
LN001133,Nikhil Singh,Male,45.0,Single,BR006,Self-Employed,249300.0,708.0,0,0.0,Auto Loan,226700.0,48,9.92,5740.99,0.28,0.0,0,2023-05-15,Approved,No,,0
LN000775,Sneha Joshi,Female,21.0,Married,BR015,Business Owner,1580700.0,661.0,2,25085.06,Personal Loan,204300.0,36,14.39,7021.25,0.24,0.0,0,2024-05-02,Approved,Yes,2024-06-05,206
LN004897,Kavya Reddy,Female,31.0,Married,BR011,Salaried,251800.0,587.0,0,0.0,Business Loan,425100.0,24,13.63,20336.05,0.97,555400.0,0,2024-11-08,Approved,No,,0
LN001437,Sai Patel,Male,47.0,Single,BR005,Business Owner,185300.0,594.0,4,889.43,Personal Loan,53800.0,36,15.06,0.0,0.18,0.0,2,2022-01-03,Rejected,No,,0
LN002383,Arjun Naidu,Male,25.0,Married,BR006,Unemployed,138400.0,636.0,1,2013.37,Personal Loan,57200.0,36,14.64,0.0,0.35,0.0,2,2023-06-05,Rejected,No,,0
LN002490,Rajesh Agarwal,Male,32.0,Married,BR015,Business Owner,687200.0,735.0,0,0.0,Business Loan,492200.0,36,12.15,16383.37,0.29,632000.0,1,2022-11-29,Approved,No,,0
LN001177,Aarav Patel,Male,21.0,Single,BR005,Business Owner,366400.0,695.0,2,1219.95,Gold Loan,25000.0,12,9.55,2192.67,0.11,33200.0,1,2023-01-26,Approved,No,,0
LN000297,Diya Patel,Female,31.0,Divorced,BR006,Business Owner,505900.0,,0,0.0,Personal Loan,153400.0,24,14.94,7433.48,0.18,0.0,0,2023-10-23,Approved,No,,0
LN002348,Vivaan Bhatt,Male,39.0,Single,BR015,Business Owner,2099900.0,747.0,1,27306.57,Auto Loan,1256400.0,84,9.53,20553.89,0.27,0.0,0,2023-08-21,Approved,No,,0
LN002033,Diya Verma,Female,21.0,Single,BR005,Salaried,376300.0,646.0,0,0.0,Personal Loan,205300.0,24,14.54,9909.5,0.32,0.0,0,2022-01-17,Approved,No,,0
LN004563,Divya Mehta,Female,51.0,Married,BR008,Salaried,456000.0,575.0,1,6720.67,Personal Loan,104500.0,36,15.25,0.0,0.27,0.0,1,2023-03-28,Rejected,No,,0
LN001599,Sai Malhotra,Male,21.0,Single,BR017,Salaried,721200.0,568.0,0,0.0,Personal Loan,187500.0,12,15.32,16951.76,0.28,0.0,2,2024-02-02,Approved,Yes,2024-10-24,50
LN004288,Vivaan Naidu,Male,31.0,Divorced,BR007,Salaried,501900.0,703.0,1,1984.39,Personal Loan,246700.0,12,13.97,22147.0,0.58,0.0,0,2024-05-10,Approved,No,,0
LN000042,Geeta Das,Female,33.0,Single,BR004,Self-Employed,185200.0,627.0,0,0.0,Gold Loan,41700.0,6,10.23,7158.84,0.46,56200.0,2,2022-07-15,Approved,No,,0
LN004264,Nikhil Kapoor,Male,28.0,Married,BR002,Salaried,264500.0,538.0,0,0.0,Personal Loan,107400.0,36,15.62,0.0,0.17,0.0,1,2023-11-12,Rejected,No,,0
LN002566,Aadhya Malhotra,Female,35.0,Single,BR009,Salaried,,779.0,0,0.0,Education Loan,591700.0,36,10.21,19150.89,0.32,0.0,0,2023-04-15,Approved,No,,0
LN003675,Krishna Nair,Male,29.0,Married,BR007,Salaried,326600.0,746.0,1,4420.36,Personal Loan,44200.0,24,13.54,2112.58,0.24,0.0,0,2023-04-07,Approved,Yes,2023-09-25,94
LN000632,Rahul Rao,Male,24.0,Divorced,BR008,Business Owner,718200.0,586.0,0,0.0,Home Loan,3822800.0,120,10.14,50815.41,0.85,4151400.0,1,2025-03-24,Approved,Yes,2025-12-03,32
LN000341,Amit Sharma,Male,26.0,Married,BR006,Self-Employed,282600.0,731.0,2,3165.98,Personal Loan,30600.0,12,13.69,2743.02,0.25,0.0,1,2025-04-10,Approved,No,,0
LN002550,Vivaan Chauhan,Male,31.0,Married,BR001,Self-Employed,472900.0,653.0,0,0.0,Auto Loan,467600.0,36,10.47,0.0,0.39,0.0,1,2024-05-21,Rejected,No,,0
LN000147,Reyansh Kapoor,Male,30.0,Single,BR006,Business Owner,638200.0,741.0,2,9019.61,Home Loan,3563600.0,180,8.59,35280.43,0.83,3837000.0,0,2022-01-31,Approved,No,,0
LN004082,Rahul Naidu,Male,24.0,Married,BR005,Salaried,405200.0,830.0,1,4895.62,Home Loan,1853500.0,180,7.7,17393.5,0.66,1854900.0,0,2023-04-09,Approved,No,,0
LN004932,Anil Sharma,Male,32.0,Single,BR002,Salaried,,676.0,0,0.0,Home Loan,1694400.0,180,9.24,17428.48,0.4,1723400.0,0,2024-08-14,Approved,No,,0
LN003171,Karthik Rao,Male,40.0,Married,BR002,Salaried,371300.0,757.0,1,1457.84,Home Loan,1823400.0,180,8.43,17881.0,0.63,2491200.0,0,2023-12-12,Approved,No,,0
LN004388,Meera Nair,Female,36.0,Single,BR013,Self-Employed,284300.0,587.0,0,0.0,Home Loan,1508800.0,120,10.13,0.0,0.85,1931400.0,2,2023-08-06,Rejected,No,,0
LN002602,Priya Joshi,Female,36.0,Single,BR008,Business Owner,281400.0,559.0,0,0.0,Auto Loan,126800.0,60,11.41,2782.94,0.12,0.0,1,2024-08-23,Approved,No,,0
LN003994,Ishaan Agarwal,Male,38.0,Married,BR004,Self-Employed,431700.0,559.0,1,6097.76,Personal Loan,47500.0,48,15.41,0.0,0.21,0.0,2,2022-10-14,Rejected,No,,0
LN002008,Vihaan Nair,Male,57.0,Married,BR010,Salaried,1096900.0,773.0,0,0.0,Auto Loan,759500.0,36,9.27,24247.45,0.27,0.0,1,2024-08-22,Approved,No,,0
LN003059,Vihaan Nair,Male,28.0,Single,BR008,Salaried,329700.0,624.0,1,4714.78,Home Loan,1709600.0,120,9.76,0.0,0.99,2308400.0,3,2024-02-16,Rejected,No,,0
LN004677,Anjali Mehta,Female,50.0,Single,BR014,Salaried,669600.0,712.0,0,0.0,Education Loan,411900.0,84,10.88,7026.77,0.13,0.0,0,2022-10-18,Approved,No,,0
LN002831,Amit Joshi,Male,35.0,Single,BR015,Self-Employed,197500.0,766.0,1,1200.03,Personal Loan,98600.0,24,13.34,0.0,0.36,0.0,2,2025-12-25,Rejected,No,,0
LN005168,Suresh Chauhan,Male,47.0,Divorced,BR005,Salaried,387400.0,693.0,0,0.0,Business Loan,500800.0,36,12.57,16770.4,0.52,568400.0,2,2024-06-23,Approved,No,,0
LN002880,Nikhil Iyer,Male,44.0,Married,BR007,Self-Employed,102000.0,661.0,3,1223.73,Auto Loan,69000.0,60,10.39,0.0,0.32,0.0,0,2022-07-13,Rejected,No,,0
LN004584,Arjun Mehta,Male,42.0,Married,BR005,Salaried,940000.0,571.0,0,0.0,Personal Loan,392000.0,36,15.29,0.0,0.17,0.0,1,2023-09-27,Rejected,No,,0
LN003936,Anil Nair,Male,34.0,Single,BR006,Salaried,775600.0,550.0,3,9207.62,Personal Loan,359300.0,36,15.5,12543.41,0.34,0.0,2,2023-10-04,Approved,Yes,2025-10-02,41
LN000207,Suresh Patel,Male,21.0,Single,BR001,Self-Employed,322200.0,624.0,0,0.0,Business Loan,235500.0,36,13.26,0.0,0.3,303700.0,3,2023-10-17,Rejected,No,,0
LN001230,Kavya Sharma,Female,30.0,Single,BR012,Self-Employed,723600.0,,2,2248.54,Business Loan,885600.0,84,13.52,16362.22,0.31,968600.0,0,2024-09-09,Approved,No,,0
LN000900,Ishita Nair,Female,30.0,Married,BR010,Self-Employed,1944900.0,724.0,0,0.0,Personal Loan,933500.0,12,13.76,0.0,0.52,0.0,1,2023-01-10,Rejected,No,,0
LN001371,Krishna Singh,Male,50.0,Married,BR009,Self-Employed,573200.0,657.0,1,9063.4,Home Loan,2928300.0,180,9.43,30454.46,0.83,3970700.0,0,2024-05-31,Approved,No,,0
LN001153,Kritika Patel,Female,21.0,Single,BR006,Salaried,591800.0,697.0,0,0.0,Personal Loan,225500.0,12,14.03,20250.18,0.41,0.0,0,2023-04-29,Approved,Yes,2024-04-03,13
LN003361,Saanvi Sharma,Female,27.0,Single,BR006,Self-Employed,714800.0,778.0,5,12615.06,Auto Loan,760700.0,84,9.22,12324.06,0.42,0.0,0,2023-03-07,Approved,Yes,2023-05-11,53
LN004872,Aadhya Pillai,Female,32.0,Married,BR005,Salaried,367600.0,695.0,0,0.0,Home Loan,1751800.0,300,9.05,14761.07,0.48,1888200.0,0,2022-07-22,Approved,No,,0
LN003438,Anil Patel,Male,45.0,Single,BR002,Salaried,1503300.0,735.0,1,22890.14,Personal Loan,790900.0,12,13.65,0.0,0.75,0.0,1,2022-02-12,Rejected,No,,0
LN001396,Ishaan Malhotra,Male,21.0,Single,BR005,Salaried,856100.0,817.0,2,17635.24,Education Loan,333500.0,84,9.83,5507.24,0.32,0.0,0,2024-05-12,Approved,No,,0
LN001488,Arjun Agarwal,Male,21.0,Married,BR009,Salaried,457000.0,646.0,1,8051.12,Personal Loan,203000.0,48,14.54,0.0,0.36,0.0,6,2022-12-11,Rejected,No,,0
LN004868,Sunita Chauhan,Female,41.0,Married,BR007,Self-Employed,380200.0,710.0,2,4392.51,Personal Loan,107700.0,24,13.9,0.0,0.3,0.0,1,2024-05-31,Rejected,No,,0
LN001838,Nikhil Gupta,Male,36.0,Married,BR014,Salaried,401600.0,730.0,1,5013.92,Business Loan,651100.0,84,12.2,11563.45,0.5,906900.0,0,2024-07-20,Approved,No,,0
LN005216,Rekha Verma,Female,29.0,Divorced,BR010,Salaried,372300.0,647.0,0,0.0,Business Loan,878300.0,84,13.03,15992.33,0.52,1077500.0,1,2024-07-07,Approved,Yes,2025-09-30,137
LN000912,Geeta Mehta,Female,35.0,Married,BR011,Business Owner,287200.0,748.0,0,0.0,Auto Loan,223000.0,60,9.52,4685.59,0.2,0.0,0,2022-06-19,Approved,No,,0
LN005268,Anjali Naidu,Female,37.0,Married,BR011,Salaried,207900.0,452.0,1,3565.82,Education Loan,178600.0,84,13.48,0.0,0.4,0.0,2,2022-04-16,Rejected,No,,0
LN003134,Meera Rao,Female,48.0,Married,BR006,Self-Employed,180700.0,546.0,1,2494.61,Personal Loan,93600.0,12,15.54,0.0,0.73,0.0,3,2025-07-23,Rejected,No,,0
LN002139,Pooja Chatterjee,Female,51.0,Married,BR010,Business Owner,558700.0,830.0,0,0.0,Gold Loan,165500.0,18,8.2,9802.83,0.21,190300.0,1,2024-10-28,Approved,No,,0
LN001132,Krishna Bhatt,Male,45.0,Married,BR001,Salaried,156900.0,577.0,0,0.0,Business Loan,169200.0,60,13.73,3913.34,0.3,175600.0,1,2025-01-27,Approved,No,,0
LN003882,Shreya Agarwal,Female,25.0,Divorced,BR006,Self-Employed,218700.0,769.0,3,3706.34,Personal Loan,99000.0,48,13.31,0.0,0.35,0.0,1,2022-03-02,Rejected,No,,0
LN002178,Vikram Mehta,Male,29.0,Single,BR001,Business Owner,118900.0,626.0,2,178.17,Business Loan,151900.0,84,13.24,2783.22,0.3,187000.0,1,2024-04-13,Approved,No,,0
LN001143,Sunita Das,Female,40.0,Single,BR007,Salaried,446300.0,594.0,1,1290.18,Auto Loan,474600.0,60,11.06,10333.16,0.31,0.0,0,2023-06-10,Approved,No,,0
LN003731,Ishita Sharma,Female,44.0,Single,BR015,Business Owner,2356400.0,707.0,2,24608.7,Business Loan,2065300.0,36,12.43,69022.45,0.48,2133000.0,0,2022-04-04,Approved,No,,0
LN001612,Diya Das,Female,35.0,Divorced,BR002,Salaried,341000.0,814.0,0,0.0,Personal Loan,53000.0,12,12.86,4730.34,0.17,0.0,0,2022-11-19,Approved,No,,0
LN005474,Karthik Singh,Male,21.0,Single,BR004,Self-Employed,332400.0,686.0,1,2768.2,Personal Loan,97700.0,24,14.14,0.0,0.27,0.0,0,2022-01-01,Rejected,No,,0
LN002940,Deepak Nair,Male,46.0,Divorced,BR011,Salaried,444300.0,614.0,2,7146.0,Personal Loan,97500.0,24,14.86,0.0,0.32,0.0,1,2023-09-10,Rejected,No,,0
LN004211,Krishna Mehta,Male,45.0,Married,BR002,Salaried,281700.0,779.0,0,0.0,Gold Loan,25000.0,6,8.71,4273.16,0.18,26300.0,0,2022-07-28,Approved,Yes,2023-01-03,46
LN001828,Meera Verma,Female,21.0,Divorced,BR017,Salaried,510800.0,660.0,1,1342.98,Personal Loan,92000.0,48,14.4,2532.53,0.09,0.0,0,2025-11-19,Approved,Yes,2025-12-21,16
LN003429,Divya Chauhan,Female,40.0,Married,BR012,Salaried,342800.0,725.0,2,4859.28,Personal Loan,193900.0,24,13.75,9286.81,0.5,0.0,1,2023-07-05,Approved,No,,0
LN000379,Nikhil Nair,Male,24.0,Single,BR006,Salaried,520800.0,627.0,2,8741.27,Home Loan,2757900.0,120,9.73,36034.76,1.03,2823300.0,0,2022-10-05,Approved,No,,0
LN000273,Rohan Verma,Male,31.0,Married,BR006,Salaried,148900.0,894.0,1,187.55,Auto Loan,62700.0,84,8.06,979.13,0.09,0.0,1,2023-06-16,Approved,No,,0
LN001668,Diya Naidu,Female,37.0,Married,BR006,Business Owner,1489100.0,619.0,1,22826.85,Personal Loan,414100.0,24,14.81,0.0,0.35,0.0,2,2024-07-30,Rejected,No,,0
LN001320,Vikram Bhatt,Male,29.0,Single,BR011,Salaried,453400.0,497.0,1,5192.25,Personal Loan,243100.0,48,16.03,6893.26,0.32,0.0,1,2023-08-15,Approved,Yes,2025-10-26,25
LN003106,Kavya Chatterjee,Female,27.0,Single,BR001,Business Owner,115400.0,609.0,0,0.0,Business Loan,233400.0,60,13.41,0.0,0.56,266600.0,2,2022-08-21,Rejected,No,,0
LN003843,Rohan Verma,Male,55.0,Married,BR002,Self-Employed,592600.0,642.0,1,11057.87,Gold Loan,153100.0,6,10.08,26272.09,0.76,170100.0,0,2025-10-19,Approved,No,,0
LN004939,Arjun Malhotra,Male,31.0,Married,BR009,Self-Employed,503400.0,693.0,2,4061.53,Home Loan,2897700.0,240,9.07,26201.95,0.72,3383400.0,0,2022-04-29,Approved,No,,0
LN002166,Karthik Gupta,Male,28.0,Married,BR005,Salaried,312600.0,791.0,2,3281.52,Personal Loan,177300.0,12,13.09,15843.44,0.73,0.0,1,2024-12-05,Approved,Yes,2025-06-10,104
LN003498,Neha Agarwal,Female,40.0,Single,BR017,Salaried,268900.0,722.0,3,438.05,Personal Loan,91000.0,24,13.78,0.0,0.21,0.0,0,2022-11-10,Rejected,No,,0
LN005494,Anil Bhatt,Male,21.0,Single,BR007,Business Owner,,568.0,1,1635.8,Personal Loan,297900.0,24,15.32,14489.51,0.19,0.0,0,2024-05-05,Approved,Yes,2025-02-27,58
LN000457,Rohan Iyer,Male,,Single,BR002,Self-Employed,532300.0,593.0,1,10993.51,Business Loan,607200.0,24,13.57,0.0,0.9,664700.0,3,2023-05-17,Rejected,No,,0
LN002868,Manish Nair,Male,40.0,Married,BR013,Salaried,339000.0,712.0,0,0.0,Personal Loan,41500.0,36,13.88,1415.95,0.05,0.0,1,2023-12-22,Approved,No,,0
LN001106,Anil Pillai,Male,24.0,Married,BR007,Salaried,438300.0,654.0,1,1084.67,Auto Loan,238500.0,84,10.46,4016.3,0.14,0.0,0,2025-07-31,Approved,Yes,2025-11-29,1
LN001097,Deepak Verma,Male,38.0,Single,BR004,Self-Employed,570200.0,673.0,1,1879.93,Home Loan,32755500.0,240,9.27,20028.1,0.46,2380900.0,2,2024-11-10,Approved,No,,0
LN000786,Anil Iyer,Male,43.0,Married,BR003,Salaried,503100.0,839.0,1,1671.18,Personal Loan,152500.0,24,12.61,7222.22,0.21,0.0,1,2022-01-14,Approved,No,,0
LN004251,Karthik Singh,Male,31.0,Single,BR005,Self-Employed,436100.0,650.0,1,2063.49,Gold Loan,97700.0,12,10.0,8589.38,0.29,118300.0,0,2025-02-03,Approved,No,,0
LN003689,Anil Chatterjee,Male,35.0,Single,BR007,Salaried,458400.0,738.0,0,0.0,Auto Loan,209300.0,36,9.62,6716.24,0.18,0.0,0,2023-11-16,Approved,No,,0
LN004815,Ishita Kapoor,Female,45.0,Married,BR001,Salaried,788100.0,823.0,1,8768.65,Gold Loan,145500.0,12,8.27,12674.99,0.33,200000.0,1,2022-11-10,Approved,No,,0
LN001821,Aditya Sharma,Male,37.0,Married,BR018,Self-Employed,398700.0,483.0,1,8247.51,Home Loan,2073100.0,300,11.17,0.0,0.87,2230000.0,1,2024-08-03,Rejected,No,,0
LN001310,Divya Nair,Female,27.0,Married,BR008,Salaried,725800.0,818.0,4,8538.57,Gold Loan,186100.0,6,8.32,0.0,0.67,202700.0,1,2022-09-15,Rejected,No,,0
LN004678,Divya Agarwal,Female,38.0,Married,BR011,Salaried,565000.0,733.0,0,0.0,Auto Loan,660600.0,84,9.67,10854.43,0.23,0.0,0,2022-06-05,Approved,No,,0
LN004543,Kritika Nair,Female,,Married,BR012,Salaried,262100.0,605.0,0,0.0,Personal Loan,93000.0,48,14.95,0.0,0.12,0.0,2,2023-11-04,Rejected,No,,0
LN000540,Sai Agarwal,Male,23.0,Married,BR011,Salaried,190800.0,652.0,0,0.0,Education Loan,61500.0,60,11.48,0.0,0.09,0.0,0,2025-01-05,Rejected,No,,0
LN005405,Amit Naidu,Male,26.0,Single,BR018,Salaried,885200.0,776.0,0,0.0,Home Loan,4811300.0,120,8.24,0.0,0.8,6469000.0,0,2022-10-07,Rejected,No,,0
LN004731,Riya Kapoor,Female,28.0,Divorced,BR001,Salaried,474300.0,747.0,0,0.0,Personal Loan,117400.0,24,13.53,5610.68,0.14,0.0,0,2024-12-21,Approved,No,,0
LN000529,Sunita Reddy,Female,33.0,Married,BR001,Salaried,347500.0,837.0,0,0.0,Education Loan,289900.0,36,9.63,9303.98,0.32,0.0,0,2025-09-23,Approved,No,,0
LN000495,Nikhil Rao,Male,33.0,Divorced,BR008,Salaried,610800.0,573.0,2,9542.81,Auto Loan,299300.0,84,11.27,0.0,0.29,0.0,1,2025-02-20,Rejected,No,,0
LN001829,Ananya Singh,Female,27.0,Married,BR002,Self-Employed,312900.0,735.0,1,2894.42,Business Loan,612900.0,24,12.15,0.0,1.22,690200.0,0,2022-03-04,Rejected,No,,0
LN005264,Riya Bhatt,Female,45.0,Single,BR008,Business Owner,426800.0,633.0,1,939.01,Auto Loan,316500.0,84,10.67,5364.49,0.18,0.0,1,2024-07-14,Approved,No,,0
LN002670,Anil Chatterjee,Male,28.0,Single,BR002,Unemployed,184700.0,748.0,0,0.0,Business Loan,223500.0,24,12.02,10523.01,0.68,280200.0,0,2023-05-21,Approved,No,,0
LN002584,Neha Chauhan,Female,32.0,Single,BR003,Business Owner,1493500.0,708.0,1,13239.41,Auto Loan,1579400.0,60,9.92,33495.45,0.38,0.0,0,2022-08-02,Approved,No,,0
LN002918,Anil Agarwal,Male,42.0,Married,BR001,Salaried,470300.0,552.0,0,0.0,Personal Loan,207000.0,24,15.48,0.0,0.26,0.0,1,2024-07-05,Rejected,No,,0
LN004793,Ananya Bhatt,Female,26.0,Married,BR011,Salaried,687900.0,711.0,0,0.0,Home Loan,2512600.0,180,8.89,25320.31,0.44,2654300.0,1,2024-03-04,Approved,No,,0
LN004959,Riya Sharma,Female,52.0,Married,BR005,Business Owner,648000.0,652.0,1,673.23,Auto Loan,502400.0,60,10.48,0.0,0.21,0.0,0,2022-12-20,Rejected,No,,0
LN003396,Sneha Chatterjee,Female,29.0,Single,BR014,Business Owner,302400.0,583.0,2,2316.46,Personal Loan,144600.0,48,15.17,4036.8,0.25,0.0,2,2023-10-18,Approved,Yes,2025-08-15,1
LN000434,Meera Malhotra,Female,34.0,Married,BR006,Salaried,217300.0,676.0,0,0.0,Business Loan,290100.0,24,12.74,13756.48,0.76,395300.0,0,2024-03-08,Approved,Yes,2024-10-25,1
LN002661,Rahul Bhatt,Male,40.0,Single,BR006,Salaried,199800.0,711.0,1,2573.46,Business Loan,386400.0,24,12.39,18259.64,1.25,422100.0,0,2023-01-30,Approved,Yes,2023-08-26,11
LN001942,Krishna Malhotra,Male,29.0,Married,BR010,Self-Employed,942400.0,594.0,1,7849.99,Personal Loan,449400.0,48,15.06,0.0,0.26,0.0,2,2022-08-24,Rejected,No,,0
LN000295,Aarav Malhotra,Male,34.0,Married,BR002,Salaried,264900.0,820.0,2,3002.89,Personal Loan,145900.0,48,12.8,3899.66,0.31,0.0,0,2023-02-21,Approved,No,,0
LN000399,Pooja Bhatt,Female,64.0,Married,BR010,Business Owner,799400.0,757.0,2,10356.83,Auto Loan,714100.0,36,9.43,22851.37,0.5,0.0,2,2022-02-23,Approved,No,,0
LN001935,Sunita Kapoor,Female,33.0,Married,BR012,Salaried,948600.0,809.0,0,0.0,Personal Loan,297900.0,48,12.91,7978.61,0.1,0.0,1,2025-08-17,Approved,No,,0
LN003514,Karthik Gupta,Male,44.0,Single,BR009,Self-Employed,1195200.0,758.0,1,21733.43,Gold Loan,209100.0,12,8.92,18278.35,0.4,284600.0,0,2024-10-10,Approved,No,,0
LN003200,Vikram Reddy,Male,34.0,Married,BR003,Self-Employed,708300.0,744.0,0,0.0,Personal Loan,216200.0,36,13.56,0.0,0.12,0.0,0,2024-09-21,Rejected,No,,0
LN003659,Aarav Joshi,Male,42.0,Single,BR005,Self-Employed,186100.0,550.0,1,3625.3,Home Loan,580200.0,120,10.5,0.0,0.74,617800.0,0,2025-04-26,Rejected,No,,0
LN002128,Rohan Patel,Male,53.0,Single,BR003,Unemployed,295400.0,890.0,0,0.0,Personal Loan,29800.0,36,12.1,991.21,0.04,0.0,0,2022-08-02,Approved,No,,0
LN005248,Ishaan Pillai,Male,43.0,Single,BR006,Salaried,450300.0,664.0,0,0.0,Personal Loan,229000.0,36,14.36,0.0,0.21,0.0,2,2024-05-02,Rejected,No,,0
LN005306,Anjali Kapoor,Female,31.0,Married,BR001,Self-Employed,462200.0,548.0,0,0.0,Business Loan,1125600.0,84,14.02,21106.2,0.55,1574500.0,1,2024-01-21,Approved,No,,0
LN000158,Manish Rao,Male,21.0,Married,BR001,Salaried,226900.0,658.0,0,0.0,Business Loan,507700.0,36,12.92,0.0,0.9,669500.0,0,2025-01-03,Rejected,No,,0
LN002709,Anil Mehta,Male,21.0,Married,BR008,Salaried,294000.0,732.0,0,0.0,Home Loan,1307100.0,120,8.68,16332.27,0.67,1721400.0,1,2023-10-13,Approved,No,,0
LN002487,Vikram Reddy,Male,23.0,Single,BR008,Unemployed,251900.0,756.0,2,3406.04,Auto Loan,287400.0,60,9.44,6027.51,0.45,0.0,0,2024-07-26,Approved,Yes,2025-03-07,164
LN000646,Geeta Malhotra,Female,23.0,Married,BR009,Self-Employed,595300.0,726.0,0,0.0,Personal Loan,347900.0,24,13.74,0.0,0.34,0.0,0,2023-04-04,Rejected,No,,0
LN002996,Kritika Mehta,Female,40.0,Married,BR013,Salaried,180400.0,658.0,0,0.0,Home Loan,794300.0,180,9.42,8255.98,0.55,1073900.0,0,2025-06-02,Approved,Yes,2025-08-21,133
LN001211,Reyansh Patel,Male,32.0,Married,BR001,Business Owner,107900.0,718.0,2,298.16,Business Loan,113300.0,24,12.32,5350.37,0.63,127700.0,0,2025-12-05,Approved,Yes,,182
LN001415,Swati Malhotra,Female,33.0,Married,BR003,Salaried,,859.0,0,0.0,Education Loan,209100.0,120,9.41,2695.41,0.14,0.0,0,2022-07-08,Approved,No,,0
LN001732,Krishna Naidu,Male,25.0,Single,BR005,Salaried,737600.0,585.0,1,2750.42,Auto Loan,783200.0,36,11.15,25696.63,0.46,0.0,0,2023-12-15,Approved,Yes,2024-11-01,53
LN005454,Aarav Sharma,Male,29.0,Married,BR001,Self-Employed,1189100.0,580.0,0,0.0,Personal Loan,235600.0,24,15.2,0.0,0.12,0.0,2,2025-10-05,Rejected,No,,0
LN000925,Suresh Patel,Male,24.0,Single,BR007,Salaried,371100.0,760.0,2,2403.56,Education Loan,149900.0,120,10.4,2014.29,0.14,0.0,0,2022-01-21,Approved,No,,0
LN004833,Nikhil Rao,Male,37.0,Married,BR010,Self-Employed,,633.0,2,12247.78,Business Loan,598100.0,84,13.17,0.0,0.43,655200.0,2,2024-09-02,Rejected,No,,0
LN003579,Ishaan Bhatt,Male,43.0,Single,BR011,Business Owner,379800.0,798.0,0,0.0,Home Loan,1999700.0,300,8.02,15460.51,0.49,2303600.0,1,2024-06-20,Approved,No,,0
LN004711,Anil Mehta,Male,42.0,Married,BR016,Salaried,362600.0,675.0,1,4694.04,Personal Loan,212900.0,48,14.25,5844.54,0.35,0.0,0,2025-06-27,Approved,No,,0
LN002054,Arjun Agarwal,Male,33.0,Single,BR015,Self-Employed,317900.0,618.0,0,0.0,Home Loan,1792900.0,120,9.82,23514.96,0.89,2082400.0,0,2024-03-18,Approved,No,,0
LN002568,Aarav Das,Male,40.0,Divorced,BR004,Salaried,546900.0,900.0,0,0.0,Personal Loan,320500.0,24,12.0,0.0,0.33,0.0,1,2023-05-30,Rejected,No,,0
LN001921,Ishaan Patel,Male,41.0,Married,BR001,Salaried,440600.0,636.0,2,5284.58,Personal Loan,143400.0,48,14.64,3964.81,0.25,0.0,2,2025-11-24,Approved,Yes,2025-12-26,29
LN004804,Anil Singh,Male,27.0,Single,BR016,Salaried,254900.0,759.0,2,1804.98,Education Loan,104100.0,36,10.41,3379.09,0.24,0.0,0,2024-03-08,Approved,No,,0
LN002503,Sai Chatterjee,Male,47.0,Married,BR003,Self-Employed,,701.0,1,1058.1,Business Loan,1962900.0,36,12.49,65656.71,0.55,2433500.0,0,2023-02-14,Approved,No,,0
LN002652,Arjun Iyer,Male,41.0,Married,BR010,Self-Employed,151300.0,752.0,0,0.0,Personal Loan,78400.0,48,13.48,2122.0,0.17,0.0,1,2025-04-21,Approved,No,,0
LN005386,Sai Agarwal,Male,37.0,Single,BR001,Salaried,568500.0,539.0,1,8434.45,Personal Loan,74600.0,48,15.61,0.0,0.22,0.0,3,2024-12-31,Rejected,No,,0
LN000878,Vihaan Patel,Male,30.0,Single,BR009,Salaried,399700.0,665.0,2,3912.12,Business Loan,891500.0,84,12.85,0.0,0.6,1157600.0,1,2024-10-07,Rejected,No,,0
LN000742,Rajesh Bhatt,Male,21.0,Married,BR003,Salaried,672400.0,605.0,0,0.0,Business Loan,409100.0,36,13.45,13873.03,0.25,552000.0,1,2022-03-13,Approved,Yes,2022-06-01,128
LN001007,Kavya Naidu,Female,21.0,Married,BR016,Salaried,607000.0,785.0,0,0.0,Personal Loan,150000.0,12,13.15,13408.15,0.27,0.0,0,2025-10-14,Approved,Yes,2025-12-01,37
LN001136,Reyansh Nair,Male,53.0,Single,BR013,Salaried,330800.0,653.0,0,0.0,Personal Loan,48800.0,12,14.47,0.0,0.16,0.0,0,2022-12-08,Rejected,No,,0
LN004618,Aarav Bhatt,Male,39.0,Single,BR011,Salaried,523200.0,727.0,0,0.0,Home Loan,2961700.0,240,8.73,0.0,0.6,4048600.0,0,2025-05-07,Rejected,No,,0
LN000398,Suresh Chatterjee,Male,38.0,Single,BR008,Business Owner,1081000.0,586.0,1,13386.72,Home Loan,5455700.0,180,10.14,59095.38,0.8,7087000.0,4,2022-09-14,Approved,Yes,2022-11-06,4
LN004928,Manish Rao,Male,29.0,Married,BR006,Business Owner,183500.0,663.0,2,1486.33,Personal Loan,103900.0,48,14.37,2858.54,0.28,0.0,0,2023-11-15,Approved,Yes,2024-05-25,36
LN002626,Sneha Chauhan,Female,21.0,Married,BR005,Salaried,527700.0,724.0,0,0.0,Personal Loan,208800.0,48,13.76,5680.66,0.13,0.0,0,2024-04-03,Approved,No,,0
LN001069,Rohan Kapoor,Male,42.0,Single,BR010,Business Owner,539100.0,741.0,2,2832.08,Home Loan,3178600.0,300,8.59,25788.02,0.64,3926100.0,0,2022-02-19,Approved,Yes,2022-08-20,37
LN003854,Anil Chatterjee,Male,32.0,Married,BR018,Salaried,561400.0,638.0,0,0.0,Personal Loan,219900.0,12,14.62,0.0,0.42,0.0,1,2025-12-08,Rejected,No,,0
LN003691,Ishita Chauhan,Female,48.0,Married,BR015,Salaried,666200.0,862.0,1,9025.92,Business Loan,1605100.0,36,10.88,52457.75,1.11,2188100.0,1,2023-01-16,Approved,No,,0
LN004979,Swati Mehta,Female,35.0,Single,BR006,Self-Employed,338800.0,660.0,1,5843.42,Home Loan,1506600.0,300,9.4,13058.54,0.67,1755700.0,0,2024-09-06,Approved,No,,0
LN003473,Arjun Joshi,Male,37.0,Single,BR003,Salaried,603200.0,635.0,1,2932.6,Business Loan,826500.0,24,13.15,39351.57,0.84,933000.0,1,2025-02-01,Approved,Yes,2025-12-07,31
LN003102,Karthik Reddy,Male,40.0,Married,BR005,Business Owner,143300.0,611.0,1,1629.97,Education Loan,118600.0,120,11.89,0.0,0.28,0.0,2,2022-11-13,Rejected,No,,0
LN002222,Karthik Singh,Male,42.0,Single,BR005,Self-Employed,595800.0,764.0,1,1739.57,Auto Loan,589100.0,48,9.36,14760.69,0.33,0.0,1,2024-03-04,Approved,Yes,2025-03-30,37
LN000364,Anil Naidu,Male,29.0,Single,BR003,Salaried,783300.0,751.0,2,6201.96,Business Loan,918300.0,24,11.99,43223.28,0.76,1173100.0,1,2022-06-04,Approved,No,,0
LN000096,Swati Joshi,Female,21.0,Married,BR015,Salaried,541700.0,627.0,0,0.0,Home Loan,3158200.0,240,9.73,29914.52,0.66,4262200.0,0,2022-06-16,Approved,No,,0
LN004354,Manish Chatterjee,Male,37.0,Single,BR007,Unemployed,112000.0,701.0,0,0.0,Auto Loan,123100.0,60,9.99,0.0,0.28,0.0,1,2024-06-13,Rejected,No,,0
LN001355,Deepak Patel,Male,49.0,Single,BR015,Business Owner,544000.0,759.0,0,0.0,Home Loan,2270200.0,300,8.41,18142.78,0.4,2726900.0,0,2022-12-16,Approved,No,,0
LN000245,Ishita Patel,Female,44.0,Single,BR003,Salaried,225000.0,772.0,1,1167.83,Gold Loan,58500.0,18,8.78,3480.57,0.25,75800.0,0,2022-07-30,Approved,No,,0
LN004358,Riya Nair,Female,40.0,Married,BR002,Self-Employed,242200.0,709.0,0,0.0,Personal Loan,51000.0,24,13.91,2446.49,0.12,0.0,0,2024-12-11,Approved,No,,0
LN001321,Nikhil Singh,Male,22.0,Divorced,BR006,Salaried,476900.0,836.0,1,1874.55,Auto Loan,533900.0,36,8.64,16888.56,0.47,0.0,0,2024-02-18,Approved,No,,0
LN004437,Karthik Verma,Male,57.0,Divorced,BR013,Business Owner,171600.0,710.0,0,0.0,Personal Loan,31300.0,36,13.9,0.0,0.07,0.0,1,2024-02-16,Rejected,No,,0
LN001579,Karthik Pillai,Male,51.0,Married,BR005,Self-Employed,879000.0,574.0,1,6295.36,Personal Loan,473200.0,12,15.26,0.0,0.67,0.0,0,2023-08-23,Rejected,No,,0
LN003064,Kritika Naidu,Female,42.0,Married,BR001,Business Owner,367900.0,519.0,1,3083.59,Education Loan,229200.0,120,12.81,0.0,0.21,0.0,1,2023-06-27,Rejected,No,,0
LN000966,Vikram Joshi,Male,21.0,Single,BR004,Salaried,414700.0,608.0,0,0.0,Personal Loan,183400.0,48,14.92,5096.72,0.15,0.0,2,2022-09-24,Approved,Yes,2025-09-06,7
LN005013,Pooja Iyer,Female,33.0,Married,BR004,Business Owner,90000.0,457.0,1,654.43,Home Loan,365800.0,180,11.43,0.0,0.65,475200.0,0,2022-08-29,Rejected,No,,0
LN005099,Vihaan Bhatt,Male,45.0,Single,BR015,Self-Employed,,676.0,0,0.0,Auto Loan,252100.0,48,10.24,6423.0,0.2,0.0,0,2022-11-28,Approved,No,,0
LN001079,Kritika Das,Female,26.0,Married,BR011,Business Owner,662500.0,719.0,2,9358.95,Business Loan,607100.0,24,12.31,28666.27,0.69,805000.0,1,2025-10-21,Approved,No,,0
LN000255,Anil Joshi,Male,42.0,Single,BR009,Salaried,475600.0,769.0,1,2481.52,Business Loan,1107200.0,60,11.81,0.0,0.68,1151200.0,2,2022-12-18,Rejected,No,,0
LN004558,Amit Patel,Male,32.0,Married,BR010,Salaried,346500.0,885.0,0,0.0,Education Loan,116400.0,36,9.15,3709.62,0.13,0.0,0,2025-02-27,Approved,No,,0
LN000551,Manish Malhotra,Male,30.0,Single,BR016,Salaried,532600.0,639.0,1,2548.1,Home Loan,2864400.0,300,9.61,25245.54,0.63,3711000.0,4,2022-09-20,Approved,Yes,2023-04-07,10
LN002276,Aarav Das,Male,45.0,Married,BR013,Salaried,600600.0,748.0,0,0.0,Business Loan,1293000.0,84,12.02,22838.82,0.46,1710500.0,0,2024-07-19,Approved,No,,0
LN000533,Ishaan Agarwal,Male,38.0,Married,BR009,Salaried,765400.0,663.0,0,0.0,Auto Loan,507800.0,84,10.37,8527.48,0.13,0.0,0,2023-02-05,Approved,No,,0
LN000334,Manish Nair,Male,50.0,Single,BR005,Salaried,649100.0,705.0,0,0.0,Auto Loan,624800.0,84,9.95,10356.29,0.19,0.0,0,2024-06-16,Approved,No,,0
LN002555,Vivaan Iyer,Male,21.0,Married,BR001,Business Owner,982200.0,657.0,0,0.0,Home Loan,3680000.0,240,9.43,34134.39,0.42,4556200.0,1,2025-05-02,Approved,No,,0
LN005359,Sai Singh,Male,21.0,Married,BR006,Salaried,412600.0,683.0,0,0.0,Home Loan,1789800.0,300,9.17,15228.84,0.44,1992000.0,0,2025-03-20,Approved,No,,0
LN005393,Sai Malhotra,Male,30.0,Single,BR008,Business Owner,840900.0,834.0,2,7069.92,Personal Loan,206100.0,24,12.66,9765.49,0.24,0.0,1,2022-11-23,Approved,Yes,2024-02-09,15
LN001353,Anil Singh,Male,53.0,Single,BR003,Salaried,439600.0,780.0,1,3463.56,Education Loan,401800.0,60,10.2,8576.66,0.33,0.0,0,2022-03-27,Approved,No,,0
LN001265,Amit Naidu,Male,39.0,Single,BR012,Salaried,554000.0,833.0,1,3805.93,Business Loan,992400.0,84,11.17,0.0,0.45,1167200.0,0,2022-09-23,Rejected,No,,0
LN004749,Anil Malhotra,Male,28.0,Married,BR005,Salaried,290800.0,592.0,1,1944.3,Business Loan,590800.0,60,13.58,13618.58,0.64,806600.0,1,2024-08-18,Approved,No,,0
LN003368,Aditya Bhatt,Male,24.0,Divorced,BR010,Salaried,413300.0,678.0,3,3886.16,Business Loan,613600.0,84,12.72,0.0,0.43,770500.0,1,2023-12-27,Rejected,No,,0
LN000923,Aarav Reddy,Male,30.0,Married,BR009,Self-Employed,747800.0,736.0,0,0.0,Auto Loan,723500.0,60,9.64,0.0,0.24,0.0,1,2025-04-18,Rejected,No,,0
LN002999,Sneha Kapoor,Female,29.0,Married,BR009,Salaried,462300.0,832.0,1,4503.87,Business Loan,709800.0,60,11.18,15496.57,0.52,728000.0,2,2024-07-08,Approved,No,,0
LN003648,Manish Agarwal,Male,48.0,Married,BR006,Salaried,850500.0,671.0,1,964.37,Auto Loan,691900.0,36,10.29,22419.99,0.33,0.0,0,2024-10-25,Approved,Yes,2025-11-16,8
LN000403,Rajesh Rao,Male,42.0,Single,BR011,Salaried,337000.0,629.0,1,805.02,Home Loan,1997800.0,300,9.71,0.0,0.66,2661600.0,2,2022-04-02,Rejected,No,,0
LN001806,Suresh Malhotra,Male,30.0,Single,BR005,Salaried,394500.0,675.0,1,409.74,Education Loan,319000.0,84,11.25,0.0,0.18,0.0,1,2024-01-23,Rejected,No,,0
LN001252,Aadhya Chauhan,Female,35.0,Single,BR007,Unemployed,90000.0,796.0,0,0.0,Auto Loan,102400.0,36,9.04,3258.2,0.43,0.0,0,2024-01-04,Approved,No,,0
LN004343,Kritika Chatterjee,Female,47.0,Married,BR009,Salaried,297700.0,599.0,0,0.0,Home Loan,1703300.0,300,10.01,0.0,0.62,2269600.0,2,2023-10-16,Rejected,No,,0
LN003640,Krishna Mehta,Male,50.0,Married,BR011,Salaried,216400.0,704.0,1,294.69,Personal Loan,69200.0,48,13.96,1889.6,0.12,0.0,1,2023-12-27,Approved,No,,0
LN003379,Anil Chauhan,Male,22.0,Single,BR009,Salaried,430100.0,620.0,0,0.0,Business Loan,816100.0,84,13.3,0.0,0.42,914400.0,1,2023-10-05,Rejected,No,,0
LN005018,Diya Iyer,Female,26.0,Married,BR014,Salaried,454000.0,731.0,0,0.0,Personal Loan,88600.0,48,13.69,2407.37,0.06,0.0,0,2025-03-14,Approved,No,,0
LN004836,Sunita Iyer,Female,52.0,Married,BR005,Salaried,471500.0,649.0,0,0.0,Business Loan,708600.0,60,13.01,16126.46,0.41,984600.0,0,2024-02-15,Approved,No,,0
LN000408,Rohan Das,Male,34.0,Single,BR001,Salaried,423700.0,680.0,1,7415.05,Auto Loan,271200.0,36,10.2,8776.35,0.46,0.0,1,2025-06-06,Approved,No,,0
LN001297,Suresh Verma,Male,30.0,Married,BR005,Unemployed,120200.0,735.0,1,1424.35,Home Loan,478000.0,180,8.65,0.0,0.62,588900.0,0,2025-01-22,Rejected,No,,0
LN004826,Krishna Gupta,Male,33.0,Married,BR006,Business Owner,535000.0,796.0,0,0.0,Education Loan,410600.0,120,10.04,5435.21,0.12,0.0,0,2025-07-19,Approved,No,,0
LN005112,Nikhil Chauhan,Male,29.0,Married,BR011,Salaried,589100.0,543.0,0,0.0,Auto Loan,376900.0,48,11.57,0.0,0.2,0.0,4,2022-04-01,Rejected,No,,0
LN004019,Aarav Sharma,Male,44.0,Single,BR015,Unemployed,128900.0,573.0,1,771.31,Personal Loan,33200.0,24,15.27,1614.02,0.22,0.0,0,2022-05-26,Approved,No,,0
LN004845,Nikhil Patel,Male,27.0,Single,BR003,Business Owner,352700.0,740.0,0,0.0,Home Loan,1155900.0,300,8.6,9385.64,0.32,1453900.0,0,2023-08-08,Approved,Yes,2025-05-05,192
LN005300,Sai Mehta,Male,46.0,Married,BR015,Self-Employed,226300.0,567.0,3,161.35,Personal Loan,43100.0,12,15.33,0.0,0.22,0.0,3,2022-03-31,Rejected,No,,0
LN001260,Amit Chatterjee,Male,55.0,Married,BR010,Salaried,407300.0,771.0,0,0.0,Home Loan,1614100.0,120,8.29,0.0,0.58,1825800.0,1,2022-01-21,Rejected,No,,0
LN002365,Divya Agarwal,Female,24.0,Married,BR005,Salaried,,650.0,1,8823.11,Personal Loan,135400.0,24,14.5,6532.97,0.18,0.0,0,2022-05-02,Approved,No,,0
LN003676,Suresh Kapoor,Male,25.0,Single,BR007,Self-Employed,277700.0,868.0,3,4104.95,Auto Loan,190800.0,84,8.32,3004.36,0.31,0.0,2,2024-04-13,Approved,No,,0
LN001103,Deepak Mehta,Male,44.0,Single,BR012,Self-Employed,340900.0,778.0,2,1160.6,Business Loan,338100.0,36,11.72,11184.6,0.43,401500.0,0,2023-07-13,Approved,No,,0
LN001908,Divya Iyer,Female,26.0,Single,BR002,Salaried,336500.0,640.0,2,1472.59,Education Loan,146800.0,84,11.6,0.0,0.14,0.0,0,2023-05-30,Rejected,No,,0
LN003380,Geeta Chatterjee,Female,31.0,Single,BR001,Salaried,495000.0,621.0,2,4417.78,Personal Loan,161700.0,12,14.79,14578.75,0.46,0.0,2,2022-02-11,Approved,Yes,2022-07-12,9
LN001017,Swati Pillai,Female,33.0,Single,BR005,Salaried,296500.0,707.0,0,0.0,Home Loan,1672600.0,240,8.93,14973.6,0.61,2132300.0,0,2025-07-29,Approved,Yes,2025-09-02,121
LN005218,Riya Reddy,Female,35.0,Single,BR004,Self-Employed,,676.0,1,1438.89,Personal Loan,78600.0,36,14.24,2695.53,0.23,0.0,0,2025-02-16,Approved,Yes,2025-08-09,6
LN001734,Ananya Rao,Female,23.0,Married,BR009,Salaried,306100.0,869.0,3,951.51,Personal Loan,79300.0,48,12.31,2100.36,0.12,0.0,0,2023-03-17,Approved,No,,0
LN000616,Anil Kapoor,Male,30.0,Married,BR015,Self-Employed,168400.0,753.0,1,3341.13,Business Loan,189500.0,24,11.97,0.0,0.87,195900.0,0,2024-06-28,Rejected,No,,0
LN004064,Swati Reddy,Female,40.0,Married,BR010,Self-Employed,470500.0,729.0,0,0.0,Home Loan,1471900.0,120,8.71,18415.18,0.47,1959100.0,0,2024-04-27,Approved,No,,0
LN002302,Vivaan Iyer,Male,27.0,Married,BR010,Salaried,289000.0,624.0,2,5418.01,Auto Loan,310100.0,48,10.76,7978.6,0.56,0.0,2,2022-05-07,Approved,No,,0
LN005485,Aarav Naidu,Male,21.0,Single,BR013,Business Owner,230400.0,,1,4061.61,Home Loan,776800.0,240,9.78,7383.42,0.6,932400.0,0,2023-06-06,Approved,No,,0
LN001118,Anil Naidu,Male,41.0,Married,BR003,Business Owner,1146400.0,801.0,0,0.0,Home Loan,6360600.0,300,7.99,49050.01,0.51,6934800.0,1,2022-08-03,Approved,No,,0
LN000536,Aarav Sharma,Male,35.0,Married,BR001,Salaried,466700.0,518.0,0,0.0,Auto Loan,256900.0,36,11.82,0.0,0.22,0.0,0,2022-08-16,Rejected,No,,0
LN003196,Deepak Mehta,Male,46.0,Married,BR008,Salaried,383800.0,679.0,1,4956.21,Personal Loan,188300.0,48,14.21,5165.43,0.32,0.0,0,2024-08-02,Approved,No,,0
LN001622,Reyansh Chauhan,Male,21.0,Married,BR007,Business Owner,1073000.0,623.0,2,3652.78,Auto Loan,916800.0,60,10.77,19828.45,0.26,0.0,0,2023-02-08,Approved,No,,0
LN004811,Ishita Verma,Female,27.0,Single,BR009,Salaried,575800.0,691.0,1,11884.98,Home Loan,2511500.0,300,9.09,21231.42,0.69,2749100.0,0,2023-05-21,Approved,No,,0
LN000860,Anil Nair,Male,32.0,Married,BR009,Unemployed,198900.0,647.0,1,1898.88,Gold Loan,25000.0,24,10.03,1153.97,0.18,27600.0,1,2024-02-25,Approved,No,,0
LN001345,Ishita Iyer,Female,30.0,Single,BR015,Business Owner,1035700.0,713.0,0,0.0,Home Loan,4984400.0,240,8.87,44430.06,0.51,5478300.0,0,2024-08-27,Approved,No,,0
LN002023,Deepak Iyer,Male,44.0,Married,BR010,Business Owner,240500.0,589.0,3,1687.96,Personal Loan,25000.0,24,15.11,1213.47,0.14,0.0,0,2023-01-14,Approved,No,,0
LN002078,Priya Pillai,Female,40.0,Married,BR002,Unemployed,172900.0,636.0,0,0.0,Home Loan,536800.0,240,9.64,5052.86,0.35,624500.0,0,2022-07-27,Approved,Yes,2023-06-17,55
LN002120,Sunita Gupta,Female,36.0,Married,BR017,Business Owner,443400.0,715.0,1,6571.4,Personal Loan,119800.0,48,13.85,3264.7,0.27,0.0,0,2023-02-25,Approved,No,,0
LN005188,Rahul Das,Male,51.0,Married,BR004,Salaried,217000.0,732.0,0,0.0,Business Loan,479600.0,84,12.18,8512.49,0.47,485800.0,0,2024-05-23,Approved,No,,0
LN004690,Divya Joshi,Female,26.0,Married,BR005,Salaried,290400.0,692.0,1,4629.74,Personal Loan,39400.0,36,14.08,1348.13,0.25,0.0,0,2023-09-17,Approved,No,,0
LN003838,Meera Nair,Female,45.0,Married,BR010,Self-Employed,738300.0,660.0,0,0.0,Personal Loan,303800.0,24,14.4,0.0,0.24,0.0,0,2023-06-13,Rejected,No,,0
LN001593,Amit Nair,Male,23.0,Married,BR017,Self-Employed,105900.0,566.0,1,921.1,Education Loan,57100.0,120,12.34,0.0,0.2,0.0,1,2024-03-08,Rejected,No,,0
LN005262,Ishaan Nair,Male,29.0,Single,BR007,Self-Employed,718300.0,764.0,1,11607.25,Home Loan,4172600.0,120,8.36,51422.37,1.05,5262900.0,0,2024-10-03,Approved,No,,0
LN005004,Rahul Gupta,Male,21.0,Divorced,BR004,Self-Employed,333900.0,716.0,0,0.0,Auto Loan,392500.0,84,9.84,6483.56,0.23,0.0,0,2025-07-27,Approved,No,,0
LN003571,Rekha Reddy,Female,30.0,Married,BR007,Self-Employed,211800.0,692.0,0,0.0,Auto Loan,184300.0,36,10.08,5953.77,0.34,0.0,1,2022-01-17,Approved,No,,0
LN001172,Meera Sharma,Female,42.0,Married,BR017,Self-Employed,645400.0,689.0,2,9676.36,Personal Loan,277200.0,12,14.11,0.0,0.64,0.0,1,2025-04-26,Rejected,No,,0
LN002424,Rahul Mehta,Male,32.0,Married,BR018,Self-Employed,182500.0,697.0,1,855.84,Personal Loan,83400.0,24,14.03,4005.46,0.32,0.0,1,2025-06-22,Approved,Yes,2025-11-21,69
LN001369,Vikram Mehta,Male,43.0,Single,BR012,Business Owner,643700.0,769.0,0,0.0,Education Loan,627500.0,84,10.31,10518.03,0.2,0.0,0,2025-07-24,Approved,No,,0
LN004488,Deepak Reddy,Male,37.0,Married,BR006,Salaried,493100.0,657.0,1,5218.68,Personal Loan,84700.0,36,14.43,0.0,0.2,0.0,0,2025-04-19,Rejected,No,,0
LN001164,Anil Iyer,Male,41.0,Divorced,BR017,Salaried,402700.0,729.0,1,6259.54,Home Loan,2386500.0,300,8.71,0.0,0.77,2831100.0,0,2025-09-08,Rejected,No,,0
LN005487,Kritika Malhotra,Female,31.0,Single,BR013,Self-Employed,435000.0,709.0,1,7035.37,Gold Loan,101500.0,12,9.41,8895.63,0.44,117600.0,0,2022-04-23,Approved,No,,0
LN001067,Karthik Kapoor,Male,40.0,Single,BR012,Salaried,516000.0,784.0,1,9390.11,Home Loan,2974500.0,120,8.16,36340.86,1.06,2993200.0,0,2024-09-11,Approved,Yes,2024-12-20,8
LN003501,Aditya Verma,Male,39.0,Married,BR001,Self-Employed,156900.0,603.0,2,2587.89,Personal Loan,75900.0,48,14.97,2111.2,0.36,0.0,1,2024-04-18,Approved,No,,0
LN000142,Anil Patel,Male,36.0,Married,BR011,Self-Employed,140200.0,580.0,3,2075.39,Home Loan,551800.0,240,10.2,5398.31,0.64,586500.0,2,2024-05-22,Approved,Yes,2025-09-03,15
LN000597,Sai Pillai,Male,26.0,Single,BR001,Salaried,363400.0,838.0,1,2976.97,Home Loan,1192200.0,120,7.62,14226.4,0.57,1234000.0,0,2024-04-23,Approved,No,,0
LN003214,Krishna Agarwal,Male,46.0,Married,BR017,Business Owner,1130000.0,746.0,0,0.0,Personal Loan,224900.0,48,13.54,6093.95,0.06,0.0,0,2022-04-04,Approved,Yes,2024-04-10,78
LN004724,Sai Agarwal,Male,44.0,Married,BR011,Business Owner,743500.0,780.0,2,14157.01,Home Loan,2846400.0,180,8.2,27531.34,0.67,3984900.0,0,2023-08-23,Approved,No,,0
LN003745,Suresh Reddy,Male,47.0,Single,BR008,Business Owner,1220000.0,833.0,0,0.0,Auto Loan,1394600.0,48,8.67,34486.56,0.34,0.0,1,2025-09-07,Approved,No,,0
LN005100,Karthik Pillai,Male,,Married,BR004,Business Owner,476400.0,627.0,0,0.0,Home Loan,2658000.0,240,9.73,0.0,0.63,3334500.0,1,2025-06-20,Rejected,No,,0
LN004173,Rajesh Malhotra,Male,25.0,Single,BR006,Salaried,302300.0,556.0,0,0.0,Personal Loan,114900.0,48,15.44,0.0,0.13,0.0,2,2023-05-31,Rejected,No,,0
LN001498,Ishita Naidu,Female,31.0,Single,BR006,Business Owner,236400.0,696.0,0,0.0,Home Loan,837200.0,120,9.04,10623.43,0.54,853400.0,0,2025-11-02,Approved,No,,0
LN004430,Riya Joshi,Female,28.0,Divorced,BR010,Business Owner,616800.0,606.0,1,4047.06,Personal Loan,261400.0,24,14.94,12666.96,0.33,0.0,0,2022-05-21,Approved,No,,0
LN004934,Diya Iyer,Female,39.0,Divorced,BR016,Self-Employed,463600.0,802.0,1,7795.53,Personal Loan,60600.0,48,12.98,1625.14,0.24,0.0,2,2022-07-12,Approved,No,,0
LN000532,Ishita Rao,Female,28.0,Married,BR006,Self-Employed,238800.0,,0,0.0,Home Loan,1096000.0,240,8.82,0.0,0.49,1302700.0,1,2022-11-29,Rejected,No,,0
LN000402,Aditya Mehta,Male,41.0,Married,BR005,Self-Employed,412600.0,,0,0.0,Business Loan,762100.0,24,11.68,0.0,1.04,782800.0,1,2022-08-15,Rejected,No,,0
LN001309,Rajesh Kapoor,Male,51.0,Married,BR015,Business Owner,798300.0,681.0,1,11206.28,Auto Loan,846800.0,60,10.19,18071.27,0.44,0.0,0,2025-12-11,Approved,Yes,,66
LN002321,Geeta Singh,Female,21.0,Single,BR009,Salaried,498800.0,649.0,2,8192.14,Personal Loan,194700.0,48,14.51,0.0,0.33,0.0,1,2024-12-27,Rejected,No,,0
LN001042,Kavya Chauhan,Female,34.0,Single,BR004,Self-Employed,315100.0,632.0,0,0.0,Business Loan,487400.0,60,13.18,11134.81,0.42,615000.0,1,2025-04-06,Approved,Yes,2025-07-20,32
LN003780,Anil Naidu,Male,55.0,Divorced,BR005,Salaried,674000.0,761.0,0,0.0,Personal Loan,398800.0,24,13.39,19032.82,0.34,0.0,2,2024-01-16,Approved,No,,0
LN002820,Ishaan Singh,Male,25.0,Married,BR013,Salaried,369900.0,700.0,1,2254.36,Personal Loan,147200.0,24,14.0,7067.5,0.3,0.0,0,2024-09-24,Approved,No,,0
LN002684,Rahul Rao,Male,27.0,Married,BR004,Salaried,331500.0,724.0,0,0.0,Business Loan,488300.0,84,12.26,8687.87,0.31,527500.0,1,2025-09-04,Approved,No,,0
LN002617,Divya Agarwal,Female,30.0,Single,BR003,Salaried,600200.0,604.0,1,2391.39,Home Loan,2803600.0,120,9.96,36987.71,0.79,3096800.0,2,2024-10-20,Approved,No,,0
LN004484,Kavya Gupta,Female,30.0,Single,BR011,Salaried,150700.0,646.0,0,0.0,Home Loan,637300.0,180,9.54,6670.23,0.53,681700.0,1,2025-09-02,Approved,No,,0
LN001848,Manish Naidu,Male,41.0,Single,BR002,Business Owner,572500.0,686.0,1,1769.29,Business Loan,538000.0,24,12.64,0.0,0.57,676900.0,0,2023-08-10,Rejected,No,,0
LN000637,Priya Joshi,Female,47.0,Married,BR004,Self-Employed,482600.0,770.0,1,929.83,Gold Loan,44000.0,24,8.8,2006.09,0.07,60600.0,0,2023-03-16,Approved,Yes,2023-11-03,2
LN002665,Anjali Reddy,Female,41.0,Married,BR009,Salaried,271300.0,722.0,0,0.0,Home Loan,1196700.0,300,8.78,9863.0,0.44,1519600.0,0,2025-01-09,Approved,No,,0
LN002730,Karthik Malhotra,Male,48.0,Married,BR003,Salaried,342600.0,584.0,0,0.0,Business Loan,507000.0,60,13.66,0.0,0.41,630700.0,1,2022-02-19,Rejected,No,,0
LN005016,Nikhil Bhatt,Male,21.0,Married,BR009,Salaried,404500.0,738.0,0,0.0,Personal Loan,133500.0,48,13.62,0.0,0.11,0.0,0,2024-09-06,Rejected,No,,0
LN001859,Karthik Iyer,Male,31.0,Married,BR006,Self-Employed,698100.0,599.0,0,0.0,Personal Loan,233200.0,36,15.01,0.0,0.14,0.0,2,2022-10-04,Rejected,No,,0
LN004923,Vihaan Gupta,Male,30.0,Married,BR005,Salaried,352000.0,666.0,1,2842.19,Auto Loan,199000.0,48,10.34,5079.71,0.27,0.0,0,2025-04-13,Approved,No,,0
LN005028,Priya Nair,Female,25.0,Married,BR006,Salaried,528500.0,605.0,1,10988.43,Auto Loan,231300.0,60,10.95,5023.26,0.36,0.0,2,2023-05-30,Approved,Yes,2024-06-25,232
LN003569,Rajesh Iyer,Male,28.0,Married,BR015,Salaried,495300.0,722.0,0,0.0,Education Loan,171600.0,36,10.78,5600.1,0.14,0.0,1,2023-01-26,Approved,No,,0
LN001411,Rajesh Iyer,Male,21.0,Married,BR003,Business Owner,1151000.0,689.0,0,0.0,Gold Loan,330400.0,24,9.61,0.0,0.16,368100.0,0,2023-08-14,Rejected,No,,0
LN001401,Reyansh Mehta,Male,34.0,Divorced,BR017,Salaried,333000.0,582.0,0,0.0,Personal Loan,124600.0,12,15.18,0.0,0.41,0.0,3,2022-06-09,Rejected,No,,0
LN003354,Divya Iyer,Female,34.0,Married,BR007,Salaried,431900.0,625.0,1,7701.25,Home Loan,2315300.0,120,9.75,30277.23,1.06,2529700.0,1,2025-10-09,Approved,Yes,2025-11-30,1
LN003070,Ananya Mehta,Female,25.0,Married,BR009,Salaried,353500.0,872.0,0,0.0,Home Loan,2002000.0,120,7.28,23534.85,0.8,2199400.0,0,2022-09-29,Approved,No,,0
LN005250,Aditya Naidu,Male,27.0,Married,BR002,Salaried,422700.0,664.0,2,2907.65,Personal Loan,144900.0,48,14.36,0.0,0.2,0.0,1,2024-08-26,Rejected,No,,0
LN005090,Suresh Chauhan,Male,49.0,Divorced,BR013,Salaried,360800.0,704.0,2,6436.72,Home Loan,1577300.0,300,8.96,13193.47,0.65,2031100.0,0,2025-11-01,Approved,No,,0
LN002084,Aadhya Patel,Female,33.0,Single,BR002,Salaried,438700.0,679.0,2,7982.99,Gold Loan,54700.0,24,9.71,2516.81,0.29,66000.0,0,2025-01-24,Approved,No,,0
LN003290,Aditya Patel,Male,30.0,Single,BR007,Business Owner,417100.0,706.0,1,2210.61,Personal Loan,150700.0,12,13.94,13526.66,0.45,0.0,0,2024-01-07,Approved,No,,0
LN002852,Nikhil Naidu,Male,22.0,Married,BR011,Self-Employed,1189100.0,,0,0.0,Education Loan,1043200.0,60,10.2,22267.72,0.22,0.0,0,2024-03-24,Approved,No,,0
LN004047,Karthik Naidu,Male,38.0,Married,BR008,Salaried,688800.0,652.0,1,881.65,Auto Loan,392300.0,84,10.48,6610.35,0.13,0.0,0,2025-05-09,Approved,No,,0
LN005276,Meera Nair,Female,39.0,Single,BR003,Unemployed,90000.0,575.0,0,0.0,Education Loan,82300.0,36,12.25,0.0,0.37,0.0,1,2022-05-29,Rejected,No,,0
LN000125,Ishita Das,Female,32.0,Single,BR018,Salaried,509300.0,688.0,0,0.0,Business Loan,279100.0,24,12.62,13219.16,0.31,331500.0,1,2025-02-27,Approved,No,,0
LN004269,Anjali Iyer,Female,46.0,Married,BR012,Salaried,655800.0,748.0,1,11588.85,Business Loan,1024400.0,24,12.02,48231.63,1.09,1311700.0,0,2023-06-04,Approved,No,,0
LN001363,Deepak Das,Male,44.0,Married,BR004,Salaried,236800.0,900.0,1,4252.09,Auto Loan,219400.0,48,8.0,5356.2,0.49,0.0,0,2022-05-06,Approved,No,,0
LN003067,Rahul Chatterjee,Male,38.0,Married,BR012,Unemployed,90000.0,723.0,0,0.0,Personal Loan,30300.0,24,13.77,0.0,0.19,0.0,0,2025-07-17,Rejected,No,,0
LN001055,Manish Iyer,Male,23.0,Married,BR004,Business Owner,521200.0,705.0,1,3900.66,Home Loan,1772600.0,180,8.95,17926.2,0.5,2353000.0,0,2022-04-09,Approved,No,,0
LN001314,Shreya Reddy,Female,42.0,Married,BR005,Business Owner,467900.0,632.0,4,4240.78,Home Loan,1538900.0,240,9.68,0.0,0.48,2148500.0,0,2022-04-14,Rejected,No,,0
LN003632,Rohan Rao,Male,38.0,Married,BR015,Salaried,650400.0,584.0,0,0.0,Home Loan,2336500.0,120,10.16,31084.41,0.57,2898700.0,2,2023-10-30,Approved,No,,0
LN002991,Deepak Das,Male,25.0,Married,BR016,Salaried,,698.0,1,185.85,Personal Loan,145400.0,24,14.02,6982.45,0.09,0.0,0,2025-06-18,Approved,No,,0
LN004127,Diya Pillai,Female,38.0,Married,BR004,Salaried,709200.0,608.0,1,8874.2,Education Loan,591400.0,36,11.92,0.0,0.48,0.0,0,2025-07-21,Rejected,No,,0
LN002401,Krishna Mehta,Male,24.0,Married,BR004,Salaried,589600.0,669.0,3,7204.11,Home Loan,2602600.0,240,9.31,23937.65,0.63,3311000.0,0,2024-12-04,Approved,No,,0
LN001242,Reyansh Das,Male,31.0,Single,BR012,Business Owner,730900.0,733.0,2,9249.08,Personal Loan,337400.0,24,13.67,0.0,0.42,0.0,0,2024-11-25,Rejected,No,,0
LN002822,Aadhya Sharma,Female,32.0,Single,BR015,Salaried,246400.0,734.0,3,759.06,Auto Loan,188900.0,48,9.66,4760.21,0.27,0.0,0,2025-10-26,Approved,Yes,2025-12-08,10
LN001072,Aarav Malhotra,Male,58.0,Married,BR011,Unemployed,107500.0,467.0,0,0.0,Personal Loan,25000.0,24,16.33,0.0,0.14,0.0,4,2025-11-18,Rejected,No,,0
LN000007,Diya Gupta,Female,41.0,Single,BR001,Self-Employed,428000.0,881.0,1,5432.67,Business Loan,425300.0,60,10.69,0.0,0.41,439800.0,0,2022-09-09,Rejected,No,,0
LN005044,Kritika Malhotra,Female,44.0,Single,BR010,Salaried,523400.0,786.0,1,766.53,Education Loan,223400.0,36,10.14,7223.18,0.18,0.0,1,2025-03-11,Approved,No,,0
LN000057,Arjun Gupta,Male,47.0,Married,BR015,Salaried,229000.0,781.0,3,2008.13,Home Loan,769100.0,120,8.19,9408.7,0.6,935400.0,1,2025-07-24,Approved,No,,0
LN002062,Karthik Gupta,Male,50.0,Married,BR003,Self-Employed,99800.0,675.0,2,665.91,Personal Loan,58000.0,48,14.25,1592.22,0.27,0.0,1,2025-07-25,Approved,No,,0
LN003353,Vikram Joshi,Male,33.0,Single,BR012,Business Owner,205900.0,505.0,0,0.0,Auto Loan,149100.0,60,11.95,3312.88,0.19,0.0,1,2022-09-07,Approved,No,,0
LN004083,Reyansh Sharma,Male,27.0,Single,BR011,Self-Employed,359200.0,603.0,0,0.0,Home Loan,1286800.0,120,9.97,16983.79,0.57,1448300.0,0,2023-07-02,Approved,No,,0
LN001925,Deepak Joshi,Male,36.0,Single,BR002,Business Owner,1388200.0,791.0,0,0.0,Personal Loan,685800.0,24,13.09,32633.18,0.28,0.0,0,2025-05-02,Approved,No,,0
LN005014,Reyansh Reddy,Male,41.0,Single,BR016,Self-Employed,462000.0,719.0,1,7011.79,Education Loan,215700.0,120,10.81,0.0,0.26,0.0,0,2025-03-26,Rejected,No,,0
LN004227,Aditya Singh,Male,34.0,Married,BR001,Self-Employed,601200.0,811.0,1,9198.16,Personal Loan,92900.0,24,12.89,0.0,0.27,0.0,1,2025-06-20,Rejected,No,,0
LN001636,Reyansh Joshi,Male,21.0,Single,BR015,Salaried,454100.0,719.0,0,0.0,Personal Loan,159800.0,36,13.81,0.0,0.14,0.0,0,2022-12-07,Rejected,No,,0
LN004248,Vikram Kapoor,Male,42.0,Married,BR016,Salaried,498800.0,524.0,1,5049.15,Auto Loan,310000.0,48,11.76,0.0,0.32,0.0,1,2024-07-26,Rejected,No,,0
LN003834,Rahul Chatterjee,Male,47.0,Married,BR008,Self-Employed,640300.0,900.0,0,0.0,Auto Loan,728300.0,36,8.0,22822.27,0.43,0.0,1,2023-06-01,Approved,No,,0
LN003515,Swati Mehta,Female,37.0,Single,BR005,Business Owner,1116900.0,611.0,2,17237.4,Personal Loan,260700.0,48,14.89,7240.95,0.26,0.0,0,2023-05-07,Approved,No,,0
LN002263,Shreya Chauhan,Female,21.0,Single,BR001,Business Owner,296600.0,659.0,0,0.0,Home Loan,1201800.0,180,9.41,12484.31,0.51,1433800.0,0,2023-06-28,Approved,No,,0
LN004390,Aadhya Iyer,Female,48.0,Married,BR008,Salaried,450200.0,750.0,2,2127.52,Education Loan,275500.0,60,10.5,5921.57,0.21,0.0,0,2024-09-09,Approved,No,,0
LN004495,Reyansh Bhatt,Male,38.0,Single,BR017,Self-Employed,476700.0,754.0,2,6759.91,Personal Loan,98500.0,24,13.46,0.0,0.29,0.0,0,2022-04-16,Rejected,No,,0
LN002971,Rekha Sharma,Female,48.0,Married,BR014,Salaried,722600.0,769.0,1,3731.34,Auto Loan,729600.0,48,9.31,18263.71,0.37,0.0,0,2024-02-16,Approved,No,,0
LN001448,Ishaan Joshi,Male,45.0,Married,BR005,Salaried,545300.0,662.0,0,0.0,Education Loan,418500.0,120,11.38,0.0,0.13,0.0,0,2024-08-31,Rejected,No,,0
LN000590,Karthik Kapoor,Male,39.0,Married,BR003,Self-Employed,318000.0,,1,689.5,Personal Loan,140700.0,24,14.72,6803.37,0.28,0.0,2,2025-02-20,Approved,No,,0
LN004381,Rekha Sharma,Female,39.0,Married,BR002,Self-Employed,837600.0,745.0,0,0.0,Personal Loan,461800.0,36,13.55,0.0,0.22,0.0,1,2025-08-20,Rejected,No,,0
LN003456,Aditya Sharma,Male,25.0,Married,BR008,Salaried,375200.0,637.0,1,5940.24,Auto Loan,182500.0,36,10.63,0.0,0.38,0.0,1,2022-07-01,Rejected,No,,0
LN000967,Geeta Chatterjee,Female,42.0,Single,BR003,Salaried,464100.0,649.0,0,0.0,Home Loan,1780500.0,180,9.51,18603.17,0.48,2372300.0,2,2023-10-23,Approved,No,,0
LN001186,Manish Joshi,Male,34.0,Single,BR008,Salaried,996800.0,568.0,0,0.0,Auto Loan,757500.0,36,11.32,24914.53,0.3,0.0,2,2024-09-25,Approved,Yes,2025-09-28,137
LN001128,Geeta Sharma,Female,37.0,Married,BR006,Salaried,446500.0,670.0,0,0.0,Auto Loan,373500.0,84,10.3,6258.59,0.17,0.0,0,2023-04-02,Approved,No,,0
LN004875,Geeta Naidu,Female,43.0,Single,BR011,Business Owner,150300.0,502.0,0,0.0,Home Loan,789100.0,240,10.98,8134.26,0.65,1084000.0,3,2025-09-05,Approved,No,,0
LN004710,Suresh Patel,Male,34.0,Single,BR012,Salaried,345000.0,758.0,0,0.0,Personal Loan,126600.0,12,13.42,11332.53,0.39,0.0,0,2022-01-23,Approved,Yes,2022-05-23,36
LN004081,Ananya Sharma,Female,47.0,Married,BR001,Self-Employed,166100.0,803.0,0,0.0,Education Loan,131900.0,84,9.97,0.0,0.16,0.0,0,2023-06-28,Rejected,No,,0
LN003391,Geeta Das,Female,42.0,Married,BR008,Salaried,492500.0,646.0,0,0.0,Personal Loan,229400.0,36,14.54,7900.65,0.19,0.0,1,2022-02-19,Approved,Yes,2022-08-29,2
LN001285,Diya Singh,Female,41.0,Single,BR001,Business Owner,1641000.0,565.0,0,0.0,Personal Loan,445000.0,36,15.35,15502.45,0.11,0.0,0,2024-04-28,Approved,No,,0
LN004551,Arjun Das,Male,42.0,Single,BR003,Salaried,148500.0,630.0,2,2436.41,Home Loan,464500.0,180,9.7,4906.64,0.59,464900.0,1,2023-08-24,Approved,No,,0
LN000359,Sunita Nair,Female,35.0,Married,BR015,Business Owner,385400.0,694.0,1,4445.47,Education Loan,276400.0,120,11.06,3816.8,0.26,0.0,0,2025-03-15,Approved,Yes,2025-11-19,78
LN003293,Meera Patel,Female,27.0,Single,BR007,Unemployed,108400.0,741.0,1,22.69,Personal Loan,25000.0,24,13.59,0.0,0.13,0.0,0,2022-07-10,Rejected,No,,0
LN004405,Rohan Rao,Male,38.0,Single,BR004,Salaried,579800.0,666.0,1,7905.35,Business Loan,403400.0,60,12.84,9145.58,0.35,408100.0,2,2024-07-16,Approved,Yes,2024-12-31,6
LN005492,Rahul Nair,Male,30.0,Divorced,BR007,Business Owner,391600.0,711.0,0,0.0,Business Loan,763800.0,60,12.39,0.0,0.53,996900.0,2,2025-10-03,Rejected,No,,0
LN000673,Suresh Sharma,Male,37.0,Single,BR001,Salaried,302500.0,578.0,2,234.71,Personal Loan,112800.0,12,15.22,0.0,0.41,0.0,5,2023-06-23,Rejected,No,,0
LN004410,Diya Malhotra,Female,36.0,Single,BR008,Salaried,413700.0,638.0,0,0.0,Personal Loan,145300.0,48,14.62,4015.87,0.12,0.0,0,2025-01-08,Approved,No,,0
LN004613,Anjali Malhotra,Female,21.0,Single,BR001,Salaried,367300.0,695.0,0,0.0,Personal Loan,200700.0,48,14.05,5489.46,0.18,0.0,0,2022-04-06,Approved,No,,0
LN003343,Kritika Joshi,Female,21.0,Single,BR001,Salaried,308800.0,704.0,1,1712.55,Auto Loan,292300.0,60,9.96,6204.76,0.31,0.0,0,2022-12-23,Approved,No,,0
LN000680,Priya Singh,Female,35.0,Married,BR003,Self-Employed,581200.0,582.0,1,6156.53,Education Loan,436300.0,60,12.18,9744.98,0.33,0.0,1,2022-05-07,Approved,No,,0
LN005431,Nikhil Patel,Male,42.0,Single,BR006,Salaried,532500.0,808.0,3,4606.01,Home Loan,1826700.0,300,7.92,14002.1,0.42,2018100.0,2,2025-11-13,Approved,Yes,2025-12-19,6
LN002630,Rajesh Naidu,Male,50.0,Married,BR016,Salaried,236700.0,574.0,1,3104.81,Education Loan,203000.0,60,12.26,4542.34,0.39,0.0,0,2025-05-01,Approved,No,,0
LN003835,Geeta Sharma,Female,31.0,Married,BR003,Business Owner,916000.0,726.0,2,14620.09,Education Loan,610400.0,60,10.74,13192.57,0.36,0.0,0,2025-09-11,Approved,No,,0
LN002185,Rajesh Bhatt,Male,32.0,Married,BR005,Salaried,847000.0,427.0,1,708.17,Gold Loan,169800.0,18,12.23,10372.9,0.16,226800.0,2,2024-01-13,Approved,No,,0
LN000293,Suresh Iyer,Male,36.0,Married,BR018,Self-Employed,723500.0,755.0,1,7156.77,Auto Loan,394500.0,48,9.45,9901.66,0.28,0.0,0,2022-01-13,Approved,No,,0
LN000086,Ananya Malhotra,Female,41.0,Married,BR006,Self-Employed,365600.0,707.0,0,0.0,Home Loan,1897700.0,240,8.93,16988.76,0.56,2379000.0,1,2022-06-20,Approved,No,,0
LN004737,Vikram Pillai,Male,37.0,Single,BR016,Salaried,798800.0,677.0,0,0.0,Home Loan,4421900.0,300,9.23,37807.34,0.57,4880700.0,1,2025-04-05,Approved,No,,0
LN003841,Ishita Sharma,Female,23.0,Married,BR002,Unemployed,95600.0,900.0,0,0.0,Personal Loan,26700.0,48,12.0,0.0,0.09,0.0,1,2022-01-20,Rejected,No,,0
LN000959,Sunita Chauhan,Female,22.0,Single,BR002,Business Owner,371300.0,549.0,0,0.0,Gold Loan,34800.0,6,11.01,5987.67,0.19,41400.0,1,2025-01-31,Approved,No,,0
LN003540,Rahul Das,Male,21.0,Married,BR014,Salaried,558200.0,511.0,0,0.0,Business Loan,476900.0,36,14.39,16389.79,0.35,655200.0,0,2023-04-10,Approved,No,,0
LN000944,Arjun Malhotra,Male,42.0,Married,BR005,Salaried,514700.0,768.0,2,10508.64,Business Loan,372900.0,24,11.82,0.0,0.65,471400.0,0,2023-11-14,Rejected,No,,0
LN000131,Nikhil Iyer,Male,37.0,Single,BR015,Salaried,663200.0,749.0,0,0.0,Home Loan,2032500.0,180,8.51,20026.75,0.36,2385800.0,0,2023-12-03,Approved,No,,0
LN005432,Ananya Chauhan,Female,34.0,Single,BR011,Salaried,218100.0,839.0,2,3695.0,Auto Loan,129300.0,48,8.61,3193.74,0.38,0.0,0,2024-11-18,Approved,No,,0
LN000291,Riya Kapoor,Female,50.0,Divorced,BR008,Salaried,450800.0,517.0,0,0.0,Education Loan,152000.0,120,12.83,0.0,0.06,0.0,0,2023-02-01,Rejected,No,,0
LN000156,Shreya Iyer,Female,36.0,Single,BR013,Salaried,308600.0,771.0,1,2569.86,Personal Loan,99500.0,12,13.29,8900.61,0.45,0.0,0,2024-05-16,Approved,No,,0
LN002843,Shreya Chauhan,Female,28.0,Married,BR005,Business Owner,379100.0,630.0,1,4298.4,Home Loan,1721900.0,240,9.7,16275.92,0.65,1855300.0,2,2023-11-26,Approved,No,,0
LN001524,Deepak Singh,Male,24.0,Single,BR006,Business Owner,1601700.0,658.0,1,31518.73,Personal Loan,586400.0,12,14.42,52767.12,0.63,0.0,3,2022-09-02,Approved,No,,0
LN003126,Rahul Das,Male,32.0,Married,BR018,Self-Employed,577400.0,761.0,1,11884.44,Personal Loan,323300.0,24,13.39,15429.56,0.57,0.0,0,2023-06-14,Approved,Yes,2024-11-15,12
LN002816,Vihaan Verma,Male,24.0,Single,BR001,Salaried,266700.0,604.0,1,616.86,Home Loan,1547400.0,300,9.96,14017.63,0.66,1671100.0,1,2025-12-15,Approved,Yes,,8
LN000004,Neha Iyer,Female,,Single,BR001,Business Owner,290300.0,779.0,0,0.0,Home Loan,1399700.0,120,8.21,0.0,0.71,1579200.0,0,2024-03-24,Rejected,No,,0
LN002872,Swati Chatterjee,Female,25.0,Married,BR013,Salaried,404400.0,685.0,1,6594.96,Gold Loan,70600.0,18,9.65,0.0,0.32,90500.0,1,2025-05-12,Rejected,No,,0
LN000218,Karthik Naidu,Male,37.0,Divorced,BR009,Salaried,471600.0,719.0,0,0.0,Gold Loan,61800.0,24,9.31,2832.12,0.07,83800.0,0,2022-02-17,Approved,No,,0
LN005373,Aarav Das,Male,44.0,Married,BR009,Business Owner,319600.0,609.0,3,1103.8,Business Loan,370900.0,60,13.41,8517.16,0.36,429600.0,2,2024-01-10,Approved,No,,0
LN002384,Saanvi Chatterjee,Female,34.0,Divorced,BR009,Self-Employed,387200.0,567.0,0,0.0,Business Loan,692300.0,84,13.83,0.0,0.4,814600.0,1,2025-04-26,Rejected,No,,0
LN002967,Rahul Joshi,Male,24.0,Married,BR006,Salaried,181300.0,759.0,0,0.0,Gold Loan,32900.0,18,8.91,1959.41,0.13,44100.0,0,2024-11-18,Approved,No,,0
LN004231,Divya Mehta,Female,36.0,Married,BR016,Self-Employed,125500.0,538.0,1,1676.96,Gold Loan,25900.0,18,11.12,1568.87,0.31,26800.0,1,2023-10-14,Approved,Yes,2024-09-09,38
LN005056,Sunita Singh,Female,45.0,Single,BR001,Self-Employed,235300.0,636.0,0,0.0,Gold Loan,25000.0,18,10.14,0.0,0.08,28400.0,2,2022-04-26,Rejected,No,,0
LN002875,Manish Chatterjee,Male,33.0,Married,BR002,Salaried,503500.0,900.0,1,7175.93,Gold Loan,73000.0,12,7.5,6333.29,0.32,100900.0,1,2025-08-12,Approved,No,,0
LN000406,Amit Malhotra,Male,44.0,Single,BR003,Business Owner,619900.0,566.0,0,0.0,Business Loan,1324600.0,24,13.84,0.0,1.23,1375900.0,1,2025-04-01,Rejected,No,,0
LN000261,Ishita Iyer,Female,45.0,Single,BR003,Salaried,672800.0,561.0,0,0.0,Personal Loan,367700.0,12,15.39,0.0,0.59,0.0,3,2023-08-08,Rejected,No,,0
LN004422,Rahul Reddy,Male,,Married,BR018,Salaried,273000.0,900.0,2,4820.99,Personal Loan,145400.0,48,12.0,3828.94,0.38,0.0,1,2023-10-11,Approved,Yes,2024-02-06,58
LN005206,Vihaan Agarwal,Male,28.0,Single,BR005,Salaried,715800.0,651.0,0,0.0,Home Loan,3146700.0,240,9.49,29310.83,0.49,3660700.0,1,2022-08-26,Approved,No,,0
LN003725,Reyansh Pillai,Male,23.0,Married,BR013,Salaried,1344700.0,786.0,1,24981.42,Personal Loan,186000.0,36,13.14,6279.62,0.28,0.0,0,2024-01-26,Approved,No,,0
LN003283,Sai Singh,Male,34.0,Married,BR001,Salaried,546000.0,634.0,0,0.0,Education Loan,287400.0,60,11.66,0.0,0.14,0.0,2,2022-05-22,Rejected,No,,0
LN004334,Vivaan Bhatt,Male,29.0,Married,BR008,Business Owner,273000.0,619.0,0,0.0,Education Loan,142200.0,60,11.81,3149.52,0.14,0.0,1,2025-02-01,Approved,Yes,2025-08-05,103
LN005486,Suresh Verma,Male,41.0,Married,BR005,Salaried,345400.0,754.0,1,6877.86,Education Loan,116900.0,36,10.46,3797.33,0.37,0.0,0,2023-09-26,Approved,No,,0
LN005326,Rekha Agarwal,Female,47.0,Married,BR011,Business Owner,233700.0,661.0,0,0.0,Personal Loan,109800.0,36,14.39,3773.54,0.19,0.0,0,2023-07-10,Approved,Yes,2025-09-29,40
LN005020,Krishna Pillai,Male,30.0,Married,BR003,Salaried,566800.0,689.0,1,10044.07,Auto Loan,260200.0,48,10.11,6613.1,0.35,0.0,0,2025-07-20,Approved,No,,0
LN004827,Krishna Kapoor,Male,21.0,Married,BR015,Salaried,633600.0,623.0,1,8320.49,Personal Loan,253300.0,48,14.77,0.0,0.29,0.0,1,2024-08-03,Rejected,No,,0
LN001932,Rohan Sharma,Male,44.0,Married,BR008,Salaried,451400.0,670.0,0,0.0,Auto Loan,209800.0,48,10.3,0.0,0.14,0.0,0,2024-04-03,Rejected,No,,0
LN002224,Rajesh Singh,Male,43.0,Single,BR001,Business Owner,320000.0,583.0,2,2463.3,Gold Loan,25400.0,24,10.67,1179.95,0.14,34700.0,0,2024-11-06,Approved,Yes,2025-02-11,128
LN003553,Ishita Reddy,Female,37.0,Divorced,BR004,Business Owner,920800.0,808.0,2,7518.94,Auto Loan,440600.0,48,8.92,10947.62,0.24,0.0,0,2023-06-29,Approved,Yes,2025-09-21,161
LN001155,Meera Chatterjee,Female,28.0,Single,BR006,Salaried,288200.0,684.0,1,2280.89,Auto Loan,336200.0,60,10.16,7169.75,0.39,0.0,0,2022-05-29,Approved,No,,0
LN001119,Manish Chatterjee,Male,37.0,Divorced,BR007,Salaried,270300.0,669.0,0,0.0,Business Loan,409200.0,24,12.81,19417.62,0.86,442500.0,0,2024-07-23,Approved,Yes,2025-07-14,38
LN003172,Pooja Malhotra,Female,21.0,Married,BR008,Salaried,261700.0,587.0,1,1786.79,Education Loan,162200.0,60,12.13,3618.71,0.25,0.0,2,2022-10-19,Approved,No,,0
LN000513,Vikram Patel,Male,42.0,Divorced,BR009,Salaried,367500.0,565.0,0,0.0,Education Loan,320500.0,120,12.35,0.0,0.15,0.0,4,2025-03-08,Rejected,No,,0
LN000468,Nikhil Malhotra,Male,21.0,Married,BR005,Self-Employed,169600.0,510.0,0,0.0,Home Loan,871200.0,300,10.9,8475.84,0.6,1092800.0,1,2023-10-06,Approved,No,,0
LN000578,Aditya Rao,Male,45.0,Single,BR008,Business Owner,778300.0,690.0,2,1107.83,Personal Loan,465500.0,36,14.1,15932.3,0.26,0.0,0,2022-02-20,Approved,No,,0
LN003295,Pooja Rao,Female,26.0,Single,BR001,Salaried,365200.0,639.0,0,0.0,Auto Loan,239900.0,84,10.61,4058.64,0.13,0.0,2,2022-02-02,Approved,No,,0
LN000477,Divya Patel,Female,,Single,BR003,Business Owner,148200.0,667.0,0,0.0,Education Loan,140400.0,60,11.33,0.0,0.25,0.0,0,2025-03-25,Rejected,No,,0
LN003666,Sai Verma,Male,44.0,Married,BR014,Salaried,574300.0,841.0,1,3736.0,Personal Loan,166800.0,24,12.59,7897.89,0.24,0.0,0,2022-06-14,Approved,No,,0
LN001539,Amit Sharma,Male,50.0,Single,BR001,Salaried,644300.0,514.0,1,9663.04,Business Loan,1590600.0,24,14.36,0.0,1.61,1743400.0,1,2025-10-21,Rejected,No,,0
LN004239,Vikram Joshi,Male,28.0,Married,BR004,Unemployed,423700.0,517.0,0,0.0,Business Loan,223200.0,36,14.33,0.0,0.22,265500.0,1,2025-04-02,Rejected,No,,0
LN001711,Deepak Nair,Male,27.0,Married,BR010,Business Owner,295600.0,554.0,1,6152.68,Business Loan,424200.0,84,13.96,7940.14,0.57,511000.0,1,2025-01-08,Approved,No,,0
LN000500,Pooja Rao,Female,48.0,Single,BR005,Business Owner,1585100.0,772.0,1,7554.09,Home Loan,8734200.0,300,8.28,69040.0,0.58,9454900.0,1,2024-07-02,Approved,No,,0
LN001175,Divya Verma,Female,32.0,Married,BR010,Salaried,822600.0,592.0,1,8616.23,Business Loan,2025400.0,36,13.58,68810.93,1.13,2324600.0,1,2024-04-22,Approved,Yes,2024-07-10,27
LN000499,Rohan Iyer,Male,48.0,Single,BR003,Self-Employed,671300.0,751.0,2,9833.22,Auto Loan,666400.0,36,9.49,21343.64,0.56,0.0,1,2022-04-10,Approved,No,,0
LN001276,Krishna Patel,Male,35.0,Single,BR018,Self-Employed,307800.0,815.0,2,5346.93,Education Loan,252000.0,36,9.85,8113.6,0.52,0.0,0,2023-02-03,Approved,Yes,2024-03-22,4
LN000087,Kavya Mehta,Female,44.0,Married,BR003,Business Owner,570200.0,602.0,0,0.0,Personal Loan,237800.0,24,14.98,11527.87,0.24,0.0,0,2024-11-26,Approved,No,,0
LN004766,Anjali Mehta,Female,46.0,Single,BR017,Business Owner,536900.0,590.0,1,1712.82,Home Loan,2287700.0,120,10.1,30358.95,0.72,2819500.0,0,2025-10-23,Approved,Yes,2025-11-30,112
LN001284,Neha Nair,Female,65.0,Divorced,BR006,Business Owner,267800.0,817.0,0,0.0,Education Loan,118100.0,60,9.83,2499.41,0.11,0.0,0,2024-03-18,Approved,No,,0
LN003597,Swati Rao,Female,43.0,Single,BR016,Self-Employed,543100.0,553.0,1,612.47,Personal Loan,276300.0,48,15.47,0.0,0.18,0.0,1,2025-01-27,Rejected,No,,0
LN004913,Krishna Malhotra,Male,42.0,Married,BR011,Salaried,306300.0,605.0,1,5751.74,Auto Loan,328300.0,48,10.95,0.0,0.56,0.0,2,2024-02-08,Rejected,No,,0
LN002972,Arjun Bhatt,Male,44.0,Single,BR011,Salaried,365300.0,675.0,2,1741.95,Business Loan,695400.0,84,12.75,12556.37,0.47,826600.0,3,2025-01-23,Approved,No,,0
LN001222,Kavya Sharma,Female,21.0,Married,BR006,Salaried,510800.0,771.0,0,0.0,Personal Loan,70200.0,48,13.29,1893.41,0.04,0.0,0,2023-09-28,Approved,No,,0
LN003964,Sai Chauhan,Male,24.0,Married,BR001,Salaried,721000.0,510.0,1,108.65,Personal Loan,151900.0,12,15.9,0.0,0.23,0.0,0,2024-02-02,Rejected,No,,0
LN003813,Manish Sharma,Male,40.0,Married,BR017,Self-Employed,550900.0,541.0,1,7861.98,Home Loan,3149500.0,300,10.59,0.0,0.82,3273100.0,2,2025-03-26,Rejected,No,,0
LN005456,Ishaan Sharma,Male,43.0,Married,BR005,Salaried,336800.0,624.0,2,5966.14,Education Loan,232700.0,60,11.76,5148.11,0.4,0.0,1,2023-01-27,Approved,Yes,2024-07-30,41
LN002374,Saanvi Das,Female,31.0,Married,BR001,Business Owner,240400.0,643.0,2,4872.54,Education Loan,148600.0,84,11.57,2589.15,0.37,0.0,1,2023-11-08,Approved,No,,0
LN004841,Pooja Reddy,Female,21.0,Married,BR012,Salaried,410900.0,858.0,2,307.04,Personal Loan,218500.0,12,12.42,19456.42,0.58,0.0,1,2024-09-02,Approved,No,,0
LN002695,Krishna Pillai,Male,40.0,Single,BR007,Salaried,1011100.0,682.0,1,3632.52,Home Loan,4343700.0,180,9.18,0.0,0.57,5885900.0,0,2024-09-15,Rejected,No,,0
LN003422,Meera Sharma,Female,39.0,Married,BR017,Salaried,477900.0,,0,0.0,Home Loan,2118200.0,300,10.4,19848.56,0.5,2475100.0,0,2024-01-12,Approved,No,,0
LN005088,Kritika Verma,Female,28.0,Married,BR016,Salaried,798100.0,519.0,1,10144.14,Gold Loan,152400.0,12,11.31,13491.41,0.36,204000.0,0,2025-03-04,Approved,Yes,2025-09-17,32
LN003530,Manish Nair,Male,34.0,Married,BR005,Salaried,270000.0,718.0,0,0.0,Auto Loan,244500.0,48,9.82,6180.04,0.27,0.0,0,2023-09-13,Approved,No,,0
LN001455,Rekha Reddy,Female,49.0,Married,BR013,Salaried,345200.0,651.0,0,0.0,Personal Loan,60700.0,24,14.49,2928.45,0.1,0.0,0,2024-02-29,Approved,No,,0
LN001744,Aditya Mehta,Male,26.0,Married,BR006,Self-Employed,391300.0,549.0,1,1453.9,Personal Loan,153400.0,24,15.51,0.0,0.27,0.0,1,2023-10-17,Rejected,No,,0
LN001786,Rajesh Singh,Male,47.0,Married,BR003,Salaried,220400.0,602.0,0,0.0,Auto Loan,140500.0,60,10.98,0.0,0.17,0.0,1,2024-08-19,Rejected,No,,0
LN001176,Ishaan Patel,Male,40.0,Married,BR018,Business Owner,120900.0,628.0,0,0.0,Personal Loan,29800.0,36,14.72,1028.95,0.1,0.0,2,2024-12-31,Approved,No,,0
LN000180,Suresh Reddy,Male,36.0,Single,BR008,Business Owner,448000.0,645.0,1,688.6,Home Loan,1944000.0,120,9.55,25208.13,0.69,2483800.0,1,2022-12-30,Approved,No,,0
LN003620,Rajesh Mehta,Male,21.0,Single,BR004,Salaried,1702300.0,723.0,0,0.0,Gold Loan,334300.0,18,9.27,19964.9,0.14,360900.0,0,2025-08-14,Approved,No,,0
LN000214,Anil Joshi,Male,,Married,BR009,Salaried,341500.0,608.0,1,5697.14,Auto Loan,398100.0,60,10.92,8639.78,0.5,0.0,2,2022-07-25,Approved,No,,0
LN003494,Sai Singh,Male,38.0,Married,BR005,Business Owner,1690900.0,677.0,1,13421.29,Auto Loan,1253800.0,60,10.23,26781.66,0.29,0.0,0,2022-03-24,Approved,Yes,2025-10-05,18
LN000467,Meera Mehta,Female,36.0,Married,BR013,Salaried,339200.0,718.0,0,0.0,Business Loan,243300.0,84,12.32,4336.66,0.15,259400.0,0,2023-04-17,Approved,No,,0
LN001555,Ananya Verma,Female,56.0,Married,BR011,Business Owner,443300.0,642.0,4,5314.89,Personal Loan,77000.0,12,14.58,6934.64,0.33,0.0,0,2025-01-22,Approved,No,,0
LN003324,Deepak Agarwal,Male,33.0,Married,BR006,Business Owner,160900.0,610.0,0,0.0,Business Loan,175500.0,84,13.4,3230.98,0.24,200700.0,1,2025-12-13,Approved,No,,0
LN004562,Ishita Iyer,Female,40.0,Single,BR006,Salaried,407200.0,551.0,0,0.0,Education Loan,145400.0,120,12.49,0.0,0.06,0.0,0,2024-09-09,Rejected,No,,0
LN002990,Pooja Singh,Female,37.0,Single,BR002,Self-Employed,346100.0,500.0,0,0.0,Home Loan,2048600.0,180,11.0,0.0,0.81,2857900.0,1,2025-12-08,Rejected,No,,0
LN001547,Divya Nair,Female,45.0,Single,BR006,Self-Employed,848700.0,702.0,0,0.0,Home Loan,3819300.0,180,8.98,38692.46,0.55,4372300.0,0,2022-01-21,Approved,No,,0
LN004544,Karthik Malhotra,Male,26.0,Single,BR003,Business Owner,1049400.0,785.0,0,0.0,Personal Loan,611300.0,12,13.15,54642.68,0.62,0.0,0,2025-12-30,Approved,No,,0
LN001577,Sai Verma,Male,31.0,Married,BR009,Salaried,578000.0,891.0,1,5348.52,Gold Loan,160700.0,6,7.59,27379.36,0.68,177200.0,0,2025-09-01,Approved,No,,0
LN001219,Kavya Agarwal,Female,21.0,Single,BR007,Salaried,406800.0,736.0,1,7048.48,Business Loan,467500.0,60,12.14,10432.38,0.52,549600.0,0,2023-05-08,Approved,No,,0
LN002623,Sai Reddy,Male,52.0,Single,BR015,Salaried,405600.0,815.0,0,0.0,Gold Loan,87200.0,12,8.35,0.0,0.22,104600.0,0,2022-11-24,Rejected,No,,0
LN002830,Anjali Mehta,Female,22.0,Married,BR012,Business Owner,441400.0,424.0,3,9165.09,Home Loan,2419800.0,180,11.76,0.0,1.03,3010700.0,1,2022-02-09,Rejected,No,,0
LN005205,Aditya Nair,Male,21.0,Married,BR001,Self-Employed,360800.0,719.0,2,1536.09,Gold Loan,30900.0,6,9.31,5290.74,0.23,41700.0,2,2022-07-28,Approved,No,,0
LN001503,Vihaan Kapoor,Male,41.0,Married,BR001,Salaried,952100.0,692.0,0,0.0,Personal Loan,347000.0,36,14.08,11873.12,0.15,0.0,0,2025-04-04,Approved,Yes,2025-06-04,80
LN001409,Reyansh Pillai,Male,43.0,Married,BR003,Salaried,328300.0,702.0,0,0.0,Auto Loan,164500.0,48,9.98,4170.57,0.15,0.0,0,2023-02-03,Approved,No,,0
LN005098,Ishaan Kapoor,Male,29.0,Single,BR001,Business Owner,212300.0,634.0,0,0.0,Auto Loan,246800.0,60,10.66,5324.28,0.3,0.0,0,2022-02-07,Approved,No,,0
LN000263,Arjun Rao,Male,21.0,Married,BR006,Salaried,299200.0,734.0,0,0.0,Auto Loan,329200.0,36,9.66,10569.89,0.42,0.0,1,2022-07-09,Approved,No,,0
LN000527,Arjun Pillai,Male,43.0,Married,BR011,Salaried,704300.0,817.0,0,0.0,Personal Loan,163900.0,12,12.83,0.0,0.25,0.0,0,2024-01-07,Rejected,No,,0
LN000848,Swati Verma,Female,41.0,Married,BR007,Salaried,296700.0,678.0,2,4830.79,Home Loan,1284900.0,120,9.22,16429.95,0.86,1794900.0,0,2025-09-02,Approved,No,,0
LN001016,Rajesh Rao,Male,54.0,Married,BR015,Salaried,473000.0,622.0,2,69.93,Home Loan,2587900.0,240,9.78,24597.76,0.63,2639500.0,0,2022-04-26,Approved,No,,0
LN000317,Swati Singh,Female,29.0,Married,BR007,Salaried,659800.0,625.0,0,0.0,Auto Loan,440800.0,48,10.75,0.0,0.21,0.0,1,2023-08-03,Rejected,No,,0
LN005406,Priya Mehta,Female,,Married,BR009,Self-Employed,251400.0,757.0,1,3305.85,Home Loan,1127900.0,300,8.43,9029.01,0.59,1232300.0,1,2022-06-14,Approved,No,,0
LN004505,Nikhil Naidu,Male,33.0,Married,BR010,Salaried,270400.0,844.0,1,755.79,Business Loan,593700.0,84,11.06,10184.33,0.49,759800.0,0,2024-02-17,Approved,No,,0
LN001036,Sneha Pillai,Female,23.0,Married,BR001,Salaried,256100.0,550.0,1,3382.24,Gold Loan,54600.0,24,11.0,0.0,0.28,68900.0,0,2023-02-04,Rejected,No,,0
LN003862,Sai Naidu,Male,28.0,Single,BR010,Business Owner,1762200.0,474.0,2,12620.29,Auto Loan,1140700.0,36,12.26,0.0,0.34,0.0,1,2023-05-02,Rejected,No,,0
LN000567,Geeta Agarwal,Female,25.0,Married,BR007,Salaried,476800.0,665.0,2,4470.07,Personal Loan,208000.0,48,14.35,5720.49,0.26,0.0,0,2023-08-12,Approved,No,,0
LN001892,Neha Malhotra,Female,39.0,Divorced,BR001,Self-Employed,539200.0,568.0,0,0.0,Personal Loan,82500.0,24,15.32,0.0,0.09,0.0,1,2022-03-19,Rejected,No,,0
LN004201,Vikram Rao,Male,41.0,Married,BR015,Salaried,569300.0,737.0,2,1241.71,Auto Loan,521900.0,60,9.63,0.0,0.26,0.0,0,2022-09-07,Rejected,No,,0
LN004417,Deepak Verma,Male,39.0,Married,BR007,Unemployed,113700.0,556.0,0,0.0,Home Loan,364400.0,180,10.44,0.0,0.42,488000.0,1,2024-07-18,Rejected,No,,0
LN000605,Meera Pillai,Female,38.0,Married,BR001,Self-Employed,512200.0,551.0,0,0.0,Home Loan,1788300.0,180,10.49,0.0,0.46,2214600.0,1,2024-03-03,Rejected,No,,0
LN000621,Ananya Naidu,Female,21.0,Married,BR015,Salaried,,632.0,3,5452.27,Personal Loan,152200.0,24,14.68,7356.55,0.38,0.0,2,2022-12-10,Approved,Yes,2023-08-14,93
LN000292,Vivaan Reddy,Male,46.0,Single,BR005,Salaried,243900.0,677.0,0,0.0,Business Loan,346300.0,60,12.73,7831.61,0.39,399600.0,0,2022-07-31,Approved,No,,0
LN001798,Vihaan Iyer,Male,23.0,Married,BR015,Salaried,684200.0,653.0,0,0.0,Home Loan,2736500.0,240,9.47,25454.18,0.45,3417500.0,0,2022-09-01,Approved,No,,0
LN002058,Rahul Kapoor,Male,46.0,Single,BR004,Salaried,572800.0,575.0,1,8814.6,Personal Loan,151100.0,12,15.25,0.0,0.47,0.0,0,2022-05-12,Rejected,No,,0
LN002376,Riya Patel,Female,32.0,Single,BR001,Business Owner,317900.0,629.0,0,0.0,Personal Loan,49500.0,12,14.71,4461.02,0.17,0.0,0,2024-03-18,Approved,No,,0
LN003212,Sai Malhotra,Male,,Divorced,BR003,Salaried,330600.0,814.0,0,0.0,Home Loan,1161100.0,180,7.86,11002.44,0.4,1478200.0,0,2025-05-06,Approved,No,,0
LN002791,Rohan Pillai,Male,21.0,Single,BR003,Self-Employed,766200.0,774.0,1,13049.68,Personal Loan,127100.0,36,13.26,0.0,0.27,0.0,1,2023-11-11,Rejected,No,,0
LN002954,Ananya Chauhan,Female,34.0,Single,BR009,Salaried,761600.0,659.0,0,0.0,Gold Loan,197900.0,12,9.91,17390.27,0.27,205300.0,0,2024-03-25,Approved,No,,0
LN004969,Neha Bhatt,Female,29.0,Married,BR003,Salaried,,506.0,0,0.0,Personal Loan,44100.0,48,15.94,0.0,0.09,0.0,2,2023-02-05,Rejected,No,,0
LN004139,Ishita Iyer,Female,40.0,Single,BR014,Salaried,393800.0,864.0,0,0.0,Home Loan,1856300.0,180,7.36,17060.78,0.52,1959500.0,0,2024-09-04,Approved,Yes,2025-03-28,49
LN000796,Saanvi Chatterjee,Female,24.0,Married,BR006,Unemployed,97500.0,631.0,2,399.21,Auto Loan,39100.0,60,10.69,844.1,0.15,0.0,1,2023-06-14,Approved,Yes,2025-05-05,143
LN002097,Aditya Agarwal,Male,44.0,Married,BR003,Salaried,463800.0,712.0,3,8156.73,Personal Loan,219700.0,24,13.88,10535.98,0.48,0.0,0,2023-09-13,Approved,No,,0
LN004522,Sai Patel,Male,36.0,Married,BR011,Salaried,422500.0,579.0,1,8280.64,Home Loan,1977800.0,180,10.21,0.0,0.85,2373100.0,2,2022-10-29,Rejected,No,,0
LN004750,Rahul Gupta,Male,41.0,Married,BR015,Unemployed,154800.0,624.0,1,2354.8,Education Loan,108400.0,60,11.76,2398.17,0.37,0.0,3,2025-02-10,Approved,Yes,2025-06-29,107
LN004546,Ishita Verma,Female,43.0,Single,BR003,Salaried,686400.0,797.0,1,1012.7,Education Loan,620000.0,84,10.03,10302.35,0.2,0.0,0,2022-05-09,Approved,No,,0
LN003665,Vikram Singh,Male,30.0,Married,BR017,Business Owner,390700.0,638.0,0,0.0,Auto Loan,318400.0,48,10.62,8170.58,0.25,0.0,0,2025-11-16,Approved,No,,0
LN005392,Rohan Agarwal,Male,46.0,Single,BR018,Salaried,312000.0,610.0,3,1674.52,Personal Loan,162700.0,36,14.9,5632.08,0.28,0.0,0,2025-04-23,Approved,No,,0
LN001687,Suresh Mehta,Male,51.0,Divorced,BR007,Unemployed,255500.0,629.0,1,259.58,Auto Loan,265700.0,60,10.71,5738.61,0.28,0.0,1,2023-05-24,Approved,No,,0
LN000412,Sneha Mehta,Female,38.0,Single,BR003,Salaried,907200.0,649.0,1,17085.3,Auto Loan,704500.0,60,10.51,0.0,0.43,0.0,1,2023-06-01,Rejected,No,,0
LN000289,Swati Sharma,Female,35.0,Married,BR006,Salaried,777100.0,659.0,0,0.0,Home Loan,4626500.0,240,9.41,42853.51,0.66,5128600.0,1,2025-07-30,Approved,No,,0
LN003436,Krishna Reddy,Male,41.0,Single,BR012,Salaried,736700.0,509.0,1,10283.49,Auto Loan,618000.0,36,11.91,20499.89,0.5,0.0,1,2023-04-30,Approved,No,,0
LN002435,Saanvi Agarwal,Female,39.0,Single,BR006,Self-Employed,545600.0,594.0,2,10969.15,Business Loan,565300.0,24,13.56,27024.33,0.84,567200.0,1,2024-05-23,Approved,No,,0
LN005025,Arjun Nair,Male,21.0,Single,BR018,Salaried,390500.0,622.0,0,0.0,Personal Loan,48300.0,24,14.78,2336.86,0.07,0.0,0,2023-01-05,Approved,No,,0
LN000854,Kavya Patel,Female,42.0,Single,BR004,Business Owner,371500.0,642.0,0,0.0,Personal Loan,56000.0,48,14.58,1546.63,0.05,0.0,1,2022-09-15,Approved,No,,0
LN004077,Anil Verma,Male,,Single,BR003,Business Owner,1559600.0,617.0,0,0.0,Auto Loan,1444200.0,60,10.83,31278.11,0.24,0.0,2,2025-03-01,Approved,No,,0
LN004022,Priya Das,Female,35.0,Married,BR012,Salaried,907700.0,631.0,2,7474.14,Home Loan,3180700.0,240,9.69,0.0,0.5,4322900.0,2,2023-04-11,Rejected,No,,0
LN003356,Suresh Rao,Male,30.0,Single,BR015,Salaried,144900.0,607.0,3,184.42,Home Loan,704900.0,240,9.93,6769.78,0.58,723200.0,0,2022-03-04,Approved,No,,0
LN003674,Vivaan Iyer,Male,48.0,Divorced,BR006,Business Owner,1527500.0,699.0,0,0.0,Business Loan,3068700.0,24,12.51,145186.31,1.14,3798500.0,0,2022-02-16,Approved,No,,0
LN002230,Riya Rao,Female,39.0,Divorced,BR008,Business Owner,327600.0,671.0,0,0.0,Business Loan,478900.0,36,12.79,16087.64,0.59,661700.0,0,2023-12-24,Approved,Yes,2025-07-13,44
LN004428,Krishna Chatterjee,Male,24.0,Married,BR010,Salaried,431300.0,761.0,2,8928.28,Auto Loan,407100.0,36,9.39,13019.69,0.61,0.0,0,2024-04-17,Approved,No,,0
LN003250,Sai Das,Male,38.0,Single,BR002,Unemployed,97200.0,789.0,1,1432.29,Auto Loan,64500.0,36,9.11,0.0,0.43,0.0,1,2022-12-09,Rejected,No,,0
LN003709,Krishna Chauhan,Male,39.0,Divorced,BR014,Salaried,576100.0,646.0,0,0.0,Home Loan,2481900.0,300,9.54,21753.33,0.45,2768700.0,0,2025-04-06,Approved,No,,0
LN003573,Vivaan Chauhan,Male,51.0,Married,BR011,Business Owner,448100.0,743.0,1,2473.61,Education Loan,165700.0,60,10.57,3567.29,0.16,0.0,0,2022-02-23,Approved,No,,0
LN000801,Anil Gupta,Male,41.0,Married,BR001,Salaried,612800.0,538.0,1,847.36,Auto Loan,478600.0,36,11.62,15809.64,0.33,0.0,0,2024-06-18,Approved,Yes,2025-09-19,91
LN005138,Reyansh Pillai,Male,36.0,Married,BR008,Business Owner,378500.0,725.0,1,3552.28,Auto Loan,369400.0,84,9.75,0.0,0.31,0.0,0,2023-07-19,Rejected,No,,0
LN004426,Geeta Reddy,Female,23.0,Divorced,BR006,Salaried,168700.0,747.0,1,876.59,Personal Loan,25000.0,36,13.53,848.74,0.12,0.0,0,2025-08-04,Approved,No,,0
LN000740,Ishaan Pillai,Male,30.0,Married,BR009,Salaried,342600.0,628.0,1,600.42,Home Loan,1104900.0,120,9.72,14430.56,0.53,1303500.0,1,2022-01-03,Approved,No,,0
LN002212,Reyansh Nair,Male,35.0,Married,BR014,Salaried,449300.0,438.0,0,0.0,Business Loan,791800.0,84,15.12,0.0,0.41,798000.0,2,2025-12-02,Rejected,No,,0
LN003335,Arjun Das,Male,25.0,Married,BR007,Self-Employed,380900.0,635.0,2,3322.57,Home Loan,1265600.0,300,9.65,11189.75,0.46,1300500.0,1,2022-05-22,Approved,No,,0
LN005087,Vikram Rao,Male,48.0,Single,BR005,Self-Employed,126800.0,685.0,0,0.0,Home Loan,518400.0,180,9.15,5304.32,0.5,707100.0,2,2023-07-09,Approved,No,,0
LN005362,Geeta Mehta,Female,31.0,Married,BR002,Salaried,409000.0,624.0,2,5440.71,Gold Loan,59300.0,12,10.26,5220.59,0.31,69100.0,2,2025-07-13,Approved,Yes,2025-12-26,174
LN003022,Krishna Chauhan,Male,21.0,Single,BR016,Business Owner,681700.0,629.0,1,13137.71,Auto Loan,715100.0,84,10.71,0.0,0.44,0.0,3,2023-05-14,Rejected,No,,0
LN002738,Reyansh Joshi,Male,45.0,Married,BR004,Salaried,1428300.0,629.0,0,0.0,Education Loan,1081800.0,120,11.71,15339.87,0.13,0.0,1,2023-07-25,Approved,No,,0
LN004208,Aditya Reddy,Male,48.0,Married,BR004,Self-Employed,224100.0,758.0,1,2380.81,Personal Loan,25000.0,48,13.42,675.91,0.16,0.0,0,2023-11-29,Approved,No,,0
LN001346,Neha Iyer,Female,37.0,Single,BR014,Salaried,541500.0,621.0,1,9748.17,Home Loan,2278600.0,300,9.79,0.0,0.67,2996800.0,1,2024-01-14,Rejected,No,,0
LN003821,Rajesh Nair,Male,38.0,Single,BR016,Salaried,465400.0,692.0,0,0.0,Business Loan,722500.0,24,12.58,34206.61,0.88,930900.0,0,2025-07-02,Approved,Yes,2025-12-24,43
LN001713,Karthik Sharma,Male,32.0,Single,BR018,Salaried,264700.0,585.0,0,0.0,Education Loan,220200.0,120,12.15,3178.35,0.14,0.0,1,2022-05-28,Approved,Yes,2024-01-14,100
LN000503,Kritika Mehta,Female,44.0,Single,BR005,Business Owner,1124700.0,741.0,0,0.0,Business Loan,1589400.0,36,12.09,52859.17,0.56,1849800.0,0,2023-01-04,Approved,No,,0
LN001769,Aarav Gupta,Male,26.0,Single,BR008,Salaried,580000.0,646.0,1,11053.85,Auto Loan,557800.0,84,10.54,0.0,0.42,0.0,1,2025-04-19,Rejected,No,,0
LN001232,Nikhil Bhatt,Male,46.0,Single,BR003,Salaried,563800.0,628.0,1,6905.38,Auto Loan,520700.0,36,10.72,16978.09,0.51,0.0,2,2022-03-30,Approved,Yes,2022-08-30,63
LN001452,Kritika Sharma,Female,32.0,Married,BR008,Business Owner,488600.0,621.0,1,6747.94,Home Loan,2215700.0,300,9.79,19807.02,0.65,3094300.0,3,2025-01-08,Approved,Yes,2025-05-15,258
LN001911,Kavya Malhotra,Female,32.0,Married,BR005,Business Owner,1498200.0,714.0,2,29833.03,Personal Loan,268600.0,24,13.86,12878.5,0.34,0.0,2,2025-05-29,Approved,No,,0
LN003327,Ishita Chauhan,Female,50.0,Single,BR008,Business Owner,767900.0,779.0,2,2594.59,Education Loan,410300.0,120,10.21,5469.97,0.13,0.0,0,2023-07-28,Approved,No,,0
LN004117,Diya Chatterjee,Female,31.0,Divorced,BR005,Business Owner,398900.0,680.0,2,7065.78,Home Loan,1204500.0,240,9.2,0.0,0.54,1502400.0,1,2024-05-20,Rejected,No,,0
LN003988,Karthik Bhatt,Male,21.0,Married,BR013,Salaried,245700.0,591.0,1,863.15,Business Loan,314900.0,36,13.59,10699.94,0.56,354500.0,2,2022-08-30,Approved,No,,0
LN004515,Kavya Kapoor,Female,36.0,Divorced,BR011,Salaried,477300.0,648.0,0,0.0,Auto Loan,297500.0,48,10.52,7619.88,0.19,0.0,1,2022-11-30,Approved,No,,0
LN000622,Ishaan Naidu,Male,33.0,Divorced,BR002,Salaried,641200.0,807.0,1,9668.23,Home Loan,2017800.0,300,7.93,15480.26,0.47,2216200.0,1,2025-01-22,Approved,No,,0
LN003696,Krishna Gupta,Male,36.0,Divorced,BR002,Self-Employed,371900.0,827.0,2,7222.62,Gold Loan,98400.0,6,8.23,0.0,0.77,127200.0,1,2022-08-14,Rejected,No,,0
LN000035,Geeta Reddy,Female,33.0,Single,BR003,Salaried,315800.0,686.0,0,0.0,Auto Loan,188200.0,60,10.14,4011.67,0.15,0.0,0,2025-03-22,Approved,No,,0
LN002354,Anil Patel,Male,43.0,Single,BR012,Salaried,153000.0,590.0,0,0.0,Personal Loan,79200.0,48,15.1,2208.21,0.17,0.0,0,2025-01-29,Approved,No,,0
LN004611,Sunita Sharma,Female,42.0,Single,BR017,Unemployed,134600.0,708.0,1,1287.19,Personal Loan,45100.0,36,13.92,1539.66,0.25,0.0,0,2022-08-04,Approved,No,,0
LN004588,Anjali Nair,Female,39.0,Married,BR004,Salaried,286800.0,831.0,0,0.0,Business Loan,645500.0,24,11.19,30142.33,1.26,750900.0,1,2024-04-25,Approved,No,,0
LN005049,Aditya Agarwal,Male,23.0,Married,BR015,Salaried,559000.0,846.0,2,5712.65,Home Loan,2375600.0,120,7.54,28248.41,0.73,3163500.0,1,2024-10-27,Approved,No,,0
LN003079,Ananya Joshi,Female,31.0,Single,BR012,Business Owner,975500.0,627.0,0,0.0,Business Loan,948000.0,36,13.23,0.0,0.39,1308900.0,0,2024-07-02,Rejected,No,,0
LN002704,Reyansh Reddy,Male,47.0,Married,BR003,Business Owner,673200.0,656.0,1,5301.41,Home Loan,3121300.0,300,9.44,0.0,0.58,3551700.0,0,2023-03-18,Rejected,No,,0
LN005478,Rekha Das,Female,37.0,Single,BR005,Salaried,819200.0,581.0,0,0.0,Personal Loan,303700.0,48,15.19,8481.48,0.12,0.0,0,2022-08-08,Approved,No,,0
LN001374,Rajesh Bhatt,Male,43.0,Single,BR001,Salaried,624700.0,729.0,0,0.0,Education Loan,519600.0,36,10.71,16939.77,0.33,0.0,0,2022-06-29,Approved,No,,0
LN005438,Reyansh Bhatt,Male,33.0,Single,BR013,Unemployed,196300.0,747.0,1,614.44,Auto Loan,157600.0,84,9.53,0.0,0.2,0.0,1,2022-08-27,Rejected,No,,0
LN004762,Karthik Reddy,Male,27.0,Single,BR004,Salaried,345500.0,665.0,0,0.0,Auto Loan,194800.0,48,10.35,4973.44,0.17,0.0,1,2025-07-16,Approved,No,,0
LN001087,Sunita Chauhan,Female,38.0,Single,BR007,Business Owner,1026200.0,447.0,1,14082.99,Auto Loan,805800.0,36,12.53,26968.53,0.48,0.0,1,2023-07-06,Approved,No,,0
LN004078,Aditya Kapoor,Male,45.0,Married,BR001,Business Owner,560600.0,789.0,0,0.0,Home Loan,1985400.0,240,8.11,16742.86,0.36,2015300.0,1,2025-01-21,Approved,No,,0
LN003795,Vikram Verma,Male,32.0,Divorced,BR004,Self-Employed,409000.0,735.0,0,0.0,Personal Loan,151100.0,48,13.65,4102.55,0.12,0.0,0,2025-11-02,Approved,No,,0
LN003066,Pooja Malhotra,Female,35.0,Married,BR001,Salaried,422700.0,708.0,1,5495.5,Auto Loan,295200.0,36,9.92,9514.19,0.43,0.0,0,2023-03-07,Approved,No,,0
LN001368,Rahul Agarwal,Male,27.0,Single,BR001,Business Owner,235100.0,815.0,2,3138.26,Personal Loan,93200.0,36,12.85,0.0,0.32,0.0,0,2025-07-29,Rejected,No,,0
LN001702,Amit Das,Male,39.0,Divorced,BR001,Self-Employed,625300.0,536.0,0,0.0,Home Loan,3068200.0,300,10.64,0.0,0.56,3353400.0,0,2025-09-28,Rejected,No,,0
LN004669,Amit Sharma,Male,21.0,Married,BR009,Salaried,241500.0,634.0,0,0.0,Personal Loan,102900.0,12,14.66,9271.08,0.46,0.0,0,2022-07-20,Approved,No,,0
LN003399,Karthik Singh,Male,30.0,Married,BR008,Salaried,812300.0,900.0,2,11964.05,Business Loan,1254700.0,36,10.5,40780.82,0.78,1632900.0,2,2024-11-11,Approved,No,,0
LN004963,Aditya Chauhan,Male,28.0,Married,BR009,Salaried,443900.0,653.0,2,952.22,Auto Loan,528800.0,36,10.47,0.0,0.49,0.0,0,2024-11-08,Rejected,No,,0
LN000579,Aditya Chatterjee,Male,39.0,Single,BR003,Business Owner,564100.0,675.0,1,7535.68,Home Loan,1820400.0,120,9.25,23307.08,0.66,2205800.0,0,2022-06-02,Approved,No,,0
LN005133,Amit Das,Male,21.0,Single,BR009,Salaried,460000.0,666.0,3,598.89,Business Loan,252000.0,24,12.84,0.0,0.33,261800.0,0,2023-02-08,Rejected,No,,0
LN002182,Aditya Pillai,Male,36.0,Married,BR018,Salaried,435800.0,668.0,1,5179.86,Business Loan,419200.0,60,12.82,0.0,0.4,485900.0,0,2022-02-18,Rejected,No,,0
LN002269,Karthik Naidu,Male,27.0,Single,BR001,Salaried,704600.0,679.0,0,0.0,Business Loan,1313600.0,60,12.71,0.0,0.51,1752800.0,0,2025-09-04,Rejected,No,,0
LN001081,Ishaan Verma,Male,51.0,Single,BR006,Salaried,321400.0,657.0,0,0.0,Home Loan,1763700.0,120,9.43,22754.31,0.85,2376100.0,0,2024-09-18,Approved,No,,0
LN004427,Shreya Rao,Female,33.0,Single,BR007,Salaried,354800.0,676.0,2,6798.61,Personal Loan,100700.0,24,14.24,4846.32,0.39,0.0,0,2024-09-26,Approved,Yes,2025-12-10,11
LN000328,Suresh Iyer,Male,25.0,Single,BR003,Unemployed,99900.0,683.0,3,2009.16,Home Loan,493500.0,180,9.17,0.0,0.85,515800.0,0,2024-06-30,Rejected,No,,0
LN000208,Vikram Reddy,Male,41.0,Married,BR005,Salaried,866300.0,595.0,0,0.0,Personal Loan,500100.0,12,15.05,0.0,0.63,0.0,0,2022-08-17,Rejected,No,,0
LN002767,Kritika Pillai,Female,25.0,Single,BR012,Business Owner,729100.0,645.0,0,0.0,Gold Loan,158600.0,24,10.05,0.0,0.12,214000.0,1,2022-06-03,Rejected,No,,0
LN000697,Rajesh Agarwal,Male,44.0,Married,BR005,Business Owner,313200.0,641.0,1,6285.11,Auto Loan,210300.0,84,10.59,3555.67,0.38,0.0,0,2022-03-24,Approved,No,,0
LN001527,Vivaan Naidu,Male,37.0,Single,BR003,Salaried,603400.0,789.0,1,319.11,Home Loan,3177500.0,180,8.11,30567.97,0.61,3561900.0,1,2022-09-10,Approved,No,,0
LN001421,Karthik Das,Male,44.0,Married,BR004,Self-Employed,253700.0,698.0,3,1381.33,Personal Loan,105700.0,24,14.02,5075.96,0.31,0.0,0,2023-05-15,Approved,No,,0
LN003238,Rekha Rao,Female,42.0,Married,BR011,Business Owner,757300.0,594.0,1,5842.12,Home Loan,2748700.0,120,10.06,36415.66,0.67,2964000.0,0,2025-10-06,Approved,Yes,2025-11-19,51
LN004071,Meera Bhatt,Female,56.0,Single,BR004,Salaried,170200.0,710.0,2,2436.89,Personal Loan,28800.0,12,13.9,2584.51,0.35,0.0,0,2024-05-11,Approved,No,,0
LN004366,Neha Mehta,Female,21.0,Married,BR014,Salaried,593900.0,853.0,2,2930.14,Home Loan,3336800.0,180,7.47,30875.69,0.68,4316100.0,1,2022-03-16,Approved,No,,0
LN000815,Nikhil Reddy,Male,36.0,Divorced,BR001,Salaried,240600.0,676.0,0,0.0,Personal Loan,139900.0,24,14.24,6732.88,0.34,0.0,1,2022-03-21,Approved,No,,0
LN002137,Ishaan Pillai,Male,50.0,Married,BR012,Business Owner,392600.0,725.0,1,6400.12,Personal Loan,220700.0,36,13.75,7516.23,0.43,0.0,0,2025-06-18,Approved,No,,0
LN003452,Aditya Singh,Male,39.0,Married,BR007,Salaried,568400.0,483.0,2,1340.3,Home Loan,1735300.0,240,11.17,18112.76,0.41,1829200.0,0,2024-10-24,Approved,No,,0
LN003631,Anil Verma,Male,33.0,Single,BR018,Business Owner,1141900.0,442.0,2,21773.88,Home Loan,5809000.0,300,11.58,0.0,0.85,6867900.0,1,2023-12-24,Rejected,No,,0
LN000451,Geeta Kapoor,Female,29.0,Married,BR013,Salaried,359200.0,568.0,1,3541.92,Business Loan,406400.0,36,13.82,0.0,0.58,461200.0,2,2023-11-18,Rejected,No,,0
LN004093,Divya Patel,Female,21.0,Married,BR012,Business Owner,1909500.0,665.0,0,0.0,Auto Loan,1752500.0,60,10.35,37537.97,0.24,0.0,0,2023-08-18,Approved,No,,0
LN003937,Suresh Kapoor,Male,31.0,Single,BR015,Self-Employed,1130000.0,504.0,1,4334.99,Education Loan,586600.0,36,12.96,19753.57,0.26,0.0,0,2022-06-11,Approved,No,,0
LN001502,Anil Iyer,Male,31.0,Single,BR007,Self-Employed,159400.0,562.0,2,2074.66,Education Loan,60200.0,120,12.38,876.97,0.22,0.0,0,2022-05-27,Approved,No,,0
LN003282,Vihaan Sharma,Male,29.0,Single,BR011,Salaried,240800.0,665.0,1,3897.79,Auto Loan,153000.0,84,10.35,2567.74,0.32,0.0,0,2022-10-27,Approved,No,,0
LN000474,Deepak Chauhan,Male,43.0,Married,BR005,Self-Employed,311200.0,636.0,2,4596.23,Home Loan,1862100.0,180,9.64,19602.12,0.93,2021900.0,1,2024-03-29,Approved,No,,0
LN001841,Krishna Bhatt,Male,54.0,Single,BR005,Salaried,136700.0,540.0,0,0.0,Business Loan,328500.0,36,14.1,0.0,0.99,441600.0,3,2025-09-16,Rejected,No,,0
LN003917,Shreya Kapoor,Female,39.0,Single,BR002,Business Owner,475600.0,655.0,2,3818.69,Personal Loan,240300.0,48,14.45,0.0,0.26,0.0,0,2024-10-09,Rejected,No,,0
LN000703,Vikram Kapoor,Male,,Divorced,BR011,Salaried,243800.0,738.0,1,1171.03,Personal Loan,45600.0,36,13.62,1550.1,0.13,0.0,0,2025-06-05,Approved,No,,0
LN003406,Vikram Nair,Male,39.0,Single,BR017,Business Owner,,870.0,1,1604.56,Business Loan,301400.0,60,10.8,0.0,0.16,417300.0,0,2023-04-21,Rejected,No,,0
LN002810,Vikram Rao,Male,48.0,Married,BR010,Salaried,335600.0,719.0,2,3474.56,Business Loan,294600.0,84,12.31,5249.46,0.31,330200.0,0,2024-03-09,Approved,Yes,2025-08-16,28
LN004304,Aditya Sharma,Male,40.0,Married,BR002,Salaried,618200.0,696.0,1,4786.82,Gold Loan,114100.0,18,9.54,6828.37,0.23,134400.0,0,2023-03-07,Approved,No,,0
LN001865,Krishna Iyer,Male,41.0,Single,BR001,Self-Employed,660300.0,679.0,2,5681.6,Business Loan,664700.0,36,12.71,0.0,0.51,883200.0,0,2022-01-05,Rejected,No,,0
LN002350,Anjali Naidu,Female,45.0,Single,BR002,Self-Employed,269800.0,795.0,0,0.0,Personal Loan,48000.0,48,13.05,1288.91,0.06,0.0,0,2023-02-01,Approved,No,,0
LN003446,Diya Pillai,Female,40.0,Married,BR003,Unemployed,253800.0,679.0,0,0.0,Home Loan,1448600.0,240,9.21,0.0,0.63,1880600.0,1,2025-11-18,Rejected,No,,0
LN002905,Shreya Das,Female,42.0,Single,BR005,Salaried,450500.0,655.0,0,0.0,Personal Loan,90900.0,48,14.45,2504.54,0.07,0.0,0,2025-10-05,Approved,No,,0
LN002674,Sai Sharma,Male,38.0,Single,BR004,Salaried,312400.0,573.0,1,350.26,Education Loan,152800.0,60,12.27,0.0,0.14,0.0,1,2023-06-11,Rejected,No,,0
LN002101,Kavya Patel,Female,30.0,Single,BR007,Salaried,879400.0,736.0,1,16209.73,Home Loan,4858200.0,180,8.64,48240.14,0.88,5261100.0,0,2022-02-12,Approved,No,,0
LN000741,Rekha Patel,Female,34.0,Single,BR011,Unemployed,281700.0,801.0,1,3954.01,Auto Loan,292400.0,48,8.99,7275.0,0.48,0.0,0,2025-09-23,Approved,No,,0
LN002416,Vikram Naidu,Male,21.0,Single,BR003,Self-Employed,944900.0,,1,19060.98,Auto Loan,480300.0,36,11.08,0.0,0.44,0.0,1,2025-08-24,Rejected,No,,0
LN000506,Geeta Gupta,Female,30.0,Single,BR014,Salaried,358200.0,633.0,0,0.0,Personal Loan,103400.0,24,14.67,4997.32,0.17,0.0,1,2024-09-15,Approved,No,,0
LN003840,Ishaan Sharma,Male,41.0,Divorced,BR002,Salaried,638800.0,711.0,0,0.0,Home Loan,1985400.0,240,8.89,17722.94,0.33,2720400.0,0,2025-10-30,Approved,No,,0
LN003431,Vikram Patel,Male,34.0,Married,BR011,Salaried,561300.0,742.0,2,5364.73,Home Loan,2868300.0,240,8.58,25037.2,0.65,3753500.0,0,2022-04-29,Approved,No,,0
LN001061,Swati Naidu,Female,40.0,Married,BR005,Salaried,301000.0,520.0,0,0.0,Personal Loan,130000.0,48,15.8,3670.93,0.15,0.0,1,2022-01-23,Approved,No,,0
LN004991,Rahul Singh,Male,28.0,Single,BR007,Unemployed,111700.0,744.0,0,0.0,Personal Loan,25000.0,48,13.56,677.66,0.07,0.0,0,2025-05-13,Approved,No,,0
LN001674,Vivaan Agarwal,Male,22.0,Divorced,BR017,Salaried,270600.0,635.0,0,0.0,Gold Loan,76100.0,18,10.15,4575.6,0.2,78600.0,2,2023-11-18,Approved,Yes,2025-03-27,90
LN005337,Diya Kapoor,Female,37.0,Single,BR014,Salaried,526300.0,666.0,3,10876.07,Education Loan,373300.0,84,11.34,6458.73,0.4,0.0,0,2025-12-26,Approved,No,,0
LN002563,Arjun Kapoor,Male,33.0,Married,BR002,Salaried,521400.0,617.0,1,1305.22,Business Loan,1184400.0,60,13.33,27149.24,0.65,1486800.0,0,2024-02-13,Approved,No,,0
LN002697,Nikhil Mehta,Male,32.0,Married,BR012,Unemployed,129600.0,519.0,1,2416.11,Auto Loan,81500.0,48,11.81,0.0,0.42,0.0,2,2025-12-01,Rejected,No,,0
LN000795,Nikhil Malhotra,Male,47.0,Married,BR018,Self-Employed,229500.0,763.0,0,0.0,Business Loan,463700.0,60,11.87,10284.31,0.54,531100.0,0,2022-09-28,Approved,No,,0
LN003421,Arjun Das,Male,35.0,Single,BR005,Salaried,529500.0,803.0,0,0.0,Education Loan,360800.0,60,9.97,7660.61,0.17,0.0,0,2023-08-27,Approved,No,,0
LN000537,Rajesh Pillai,Male,35.0,Married,BR010,Salaried,265400.0,732.0,0,0.0,Personal Loan,158000.0,36,13.68,5375.54,0.24,0.0,0,2022-04-19,Approved,No,,0
LN005352,Vihaan Naidu,Male,29.0,Divorced,BR002,Salaried,364900.0,706.0,0,0.0,Personal Loan,186500.0,36,13.94,6368.69,0.21,0.0,0,2022-04-22,Approved,No,,0
LN000411,Sunita Patel,Female,53.0,Married,BR004,Business Owner,473400.0,832.0,0,0.0,Home Loan,1643200.0,300,7.68,12336.14,0.31,1689500.0,1,2025-08-21,Approved,No,,0
LN005157,Meera Naidu,Female,24.0,Single,BR018,Self-Employed,552400.0,522.0,0,0.0,Auto Loan,416700.0,60,11.78,9223.0,0.2,0.0,2,2024-10-04,Approved,No,,0
LN003105,Ishaan Bhatt,Male,42.0,Single,BR003,Salaried,421900.0,625.0,0,0.0,Home Loan,1363100.0,300,9.75,12147.09,0.35,1784200.0,1,2022-09-22,Approved,No,,0
LN002548,Krishna Mehta,Male,34.0,Married,BR007,Salaried,603100.0,848.0,0,0.0,Auto Loan,681500.0,48,8.52,16804.25,0.33,0.0,1,2022-04-18,Approved,No,,0
LN000361,Rajesh Chauhan,Male,40.0,Married,BR008,Salaried,464400.0,527.0,1,869.17,Auto Loan,330300.0,84,11.73,0.0,0.17,0.0,0,2024-04-05,Rejected,No,,0
LN001776,Ananya Chauhan,Female,37.0,Married,BR017,Business Owner,229000.0,655.0,0,0.0,Home Loan,807300.0,240,9.45,7498.76,0.39,857400.0,0,2024-08-06,Approved,Yes,2024-11-12,32
LN003317,Aadhya Malhotra,Female,30.0,Single,BR001,Salaried,474200.0,671.0,0,0.0,Personal Loan,124500.0,12,14.29,11195.49,0.28,0.0,1,2023-11-25,Approved,No,,0
LN003319,Ishita Nair,Female,21.0,Married,BR012,Business Owner,1432600.0,709.0,0,0.0,Home Loan,6217200.0,300,8.91,51791.88,0.43,6810300.0,0,2025-11-07,Approved,No,,0
LN001280,Riya Gupta,Female,38.0,Married,BR011,Salaried,319800.0,658.0,1,3616.22,Business Loan,557100.0,24,12.92,26464.62,1.13,689200.0,2,2023-06-25,Approved,No,,0
LN004579,Pooja Mehta,Female,46.0,Single,BR010,Salaried,499200.0,625.0,1,3903.83,Personal Loan,203300.0,24,14.75,9833.2,0.33,0.0,0,2024-02-05,Approved,No,,0
LN005207,Deepak Das,Male,29.0,Married,BR010,Business Owner,426600.0,,0,0.0,Auto Loan,322700.0,60,10.05,6864.36,0.19,0.0,0,2022-06-01,Approved,No,,0
LN001955,Rohan Singh,Male,21.0,Single,BR005,Salaried,564000.0,832.0,2,5021.76,Gold Loan,148000.0,12,8.18,12886.61,0.38,148600.0,0,2023-11-19,Approved,No,,0
LN000383,Neha Reddy,Female,22.0,Married,BR003,Salaried,529300.0,748.0,0,0.0,Auto Loan,321700.0,60,9.52,6759.44,0.15,0.0,0,2025-11-08,Approved,No,,0
LN005109,Diya Das,Female,26.0,Single,BR016,Salaried,837900.0,597.0,0,0.0,Auto Loan,577800.0,48,11.03,0.0,0.21,0.0,4,2022-04-28,Rejected,No,,0
LN002428,Vivaan Das,Male,42.0,Divorced,BR011,Self-Employed,300200.0,669.0,2,5705.63,Personal Loan,68700.0,24,14.31,0.0,0.36,0.0,0,2024-03-16,Rejected,No,,0
LN005374,Arjun Malhotra,Male,35.0,Married,BR001,Business Owner,659200.0,700.0,1,5958.66,Personal Loan,293800.0,48,14.0,0.0,0.25,0.0,0,2024-12-06,Rejected,No,,0
LN004500,Diya Chatterjee,Female,21.0,Married,BR015,Self-Employed,178700.0,685.0,0,0.0,Personal Loan,29300.0,24,14.15,0.0,0.09,0.0,1,2025-09-13,Rejected,No,,0
LN005246,Shreya Singh,Female,42.0,Married,BR002,Self-Employed,254400.0,590.0,1,2760.14,Personal Loan,102000.0,48,15.1,2843.91,0.26,0.0,2,2024-01-08,Approved,No,,0
LN003684,Karthik Chatterjee,Male,21.0,Divorced,BR015,Salaried,312500.0,760.0,1,4488.41,Personal Loan,136300.0,48,13.4,3683.71,0.31,0.0,1,2023-02-27,Approved,No,,0
LN000948,Aarav Kapoor,Male,59.0,Single,BR003,Self-Employed,356400.0,849.0,2,3630.62,Personal Loan,149800.0,48,12.51,3982.42,0.26,0.0,0,2025-03-19,Approved,No,,0
LN003132,Vihaan Mehta,Male,24.0,Married,BR013,Salaried,632600.0,738.0,1,8479.48,Home Loan,3317800.0,300,8.62,0.0,0.67,3759100.0,0,2024-03-21,Rejected,No,,0
LN005260,Kavya Bhatt,Female,33.0,Divorced,BR001,Salaried,241500.0,610.0,2,4146.6,Home Loan,931700.0,180,9.9,9955.17,0.7,953800.0,3,2022-04-02,Approved,No,,0
LN000875,Swati Verma,Female,29.0,Married,BR002,Unemployed,121900.0,571.0,0,0.0,Auto Loan,59700.0,48,11.29,0.0,0.15,0.0,1,2022-03-08,Rejected,No,,0
LN003369,Karthik Malhotra,Male,34.0,Single,BR006,Salaried,632800.0,642.0,1,1663.25,Personal Loan,313700.0,48,14.58,8663.86,0.2,0.0,0,2025-04-29,Approved,No,,0
LN003160,Rajesh Chauhan,Male,29.0,Single,BR009,Salaried,183900.0,750.0,0,0.0,Gold Loan,51500.0,6,9.0,8810.05,0.57,58400.0,2,2024-10-13,Approved,No,,0
LN003863,Karthik Naidu,Male,42.0,Married,BR007,Self-Employed,861200.0,636.0,2,11889.7,Auto Loan,808300.0,48,10.64,20749.9,0.45,0.0,0,2022-02-15,Approved,Yes,2023-12-26,125
LN003316,Kavya Naidu,Female,52.0,Divorced,BR014,Self-Employed,320000.0,625.0,0,0.0,Auto Loan,138900.0,60,10.75,0.0,0.11,0.0,0,2022-06-05,Rejected,No,,0
LN004178,Suresh Gupta,Male,48.0,Married,BR005,Self-Employed,232800.0,701.0,0,0.0,Personal Loan,132200.0,12,13.99,0.0,0.61,0.0,0,2024-07-25,Rejected,No,,0
LN002841,Karthik Chauhan,Male,38.0,Single,BR011,Business Owner,399800.0,566.0,1,6274.87,Business Loan,898300.0,84,13.84,16754.85,0.69,1152400.0,0,2022-04-09,Approved,No,,0
LN004696,Priya Pillai,Female,27.0,Single,BR010,Salaried,374200.0,656.0,1,689.68,Personal Loan,67200.0,36,14.44,0.0,0.1,0.0,0,2022-06-02,Rejected,No,,0
LN002938,Sunita Agarwal,Female,35.0,Married,BR013,Self-Employed,407200.0,610.0,0,0.0,Personal Loan,208900.0,24,14.9,0.0,0.3,0.0,2,2025-09-23,Rejected,No,,0
LN001485,Vikram Reddy,Male,41.0,Single,BR002,Unemployed,170100.0,642.0,0,0.0,Auto Loan,136300.0,48,10.58,0.0,0.25,0.0,1,2025-08-20,Rejected,No,,0
LN001983,Anjali Agarwal,Female,21.0,Divorced,BR010,Salaried,258100.0,745.0,0,0.0,Personal Loan,67300.0,12,13.55,6028.43,0.28,0.0,0,2025-04-22,Approved,No,,0
LN000620,Aarav Verma,Male,45.0,Married,BR001,Self-Employed,156400.0,510.0,0,0.0,Auto Loan,145300.0,36,11.9,0.0,0.37,0.0,2,2023-11-10,Rejected,No,,0
LN000427,Ananya Mehta,Female,39.0,Single,BR005,Business Owner,439100.0,747.0,0,0.0,Education Loan,361300.0,120,10.53,4881.27,0.13,0.0,1,2024-01-14,Approved,No,,0
LN000282,Anjali Mehta,Female,36.0,Single,BR016,Salaried,417900.0,455.0,2,8571.1,Auto Loan,311800.0,48,12.45,0.0,0.48,0.0,5,2022-10-23,Rejected,No,,0
LN000785,Suresh Bhatt,Male,,Married,BR011,Salaried,218700.0,507.0,0,0.0,Auto Loan,133700.0,60,11.93,0.0,0.16,0.0,3,2025-10-09,Rejected,No,,0
LN003187,Ananya Das,Female,21.0,Divorced,BR013,Salaried,314600.0,654.0,2,774.89,Home Loan,1612900.0,180,9.46,16803.39,0.67,1643400.0,1,2024-04-27,Approved,No,,0
LN002721,Anil Gupta,Male,35.0,Married,BR006,Salaried,571900.0,710.0,2,9574.87,Auto Loan,573000.0,36,9.9,0.0,0.59,0.0,0,2022-06-27,Rejected,No,,0
LN003468,Vikram Singh,Male,,Married,BR007,Salaried,252500.0,719.0,0,0.0,Business Loan,133000.0,24,12.31,6280.04,0.3,157500.0,0,2024-09-08,Approved,No,,0
LN001930,Diya Joshi,Female,38.0,Single,BR015,Business Owner,212500.0,758.0,0,0.0,Business Loan,502800.0,24,11.92,23649.76,1.34,528900.0,0,2022-06-22,Approved,No,,0
LN005353,Kavya Pillai,Female,41.0,Married,BR008,Business Owner,635500.0,651.0,1,9757.43,Home Loan,2605500.0,300,9.49,22746.06,0.61,3368700.0,0,2023-08-07,Approved,No,,0
LN002022,Ishaan Verma,Male,23.0,Married,BR011,Business Owner,302000.0,706.0,0,0.0,Gold Loan,88800.0,24,9.44,4074.76,0.16,121900.0,0,2025-04-23,Approved,Yes,2025-07-08,107
LN004856,Vihaan Reddy,Male,37.0,Single,BR004,Salaried,396600.0,615.0,1,1522.0,Auto Loan,297500.0,60,10.85,6446.14,0.24,0.0,0,2024-12-30,Approved,No,,0
LN003090,Amit Mehta,Male,39.0,Married,BR006,Salaried,549800.0,616.0,0,0.0,Personal Loan,172800.0,48,14.84,0.0,0.1,0.0,1,2025-02-24,Rejected,No,,0
LN002643,Rekha Verma,Female,56.0,Married,BR009,Business Owner,664400.0,590.0,0,0.0,Home Loan,2897200.0,180,10.1,31310.94,0.57,3080100.0,2,2023-06-26,Approved,No,,0
LN003998,Vivaan Agarwal,Male,29.0,Single,BR015,Business Owner,373900.0,612.0,2,3312.87,Personal Loan,215400.0,24,14.88,10431.75,0.44,0.0,0,2024-07-24,Approved,No,,0
LN002227,Kavya Chatterjee,Female,31.0,Single,BR017,Business Owner,317100.0,801.0,0,0.0,Auto Loan,212900.0,36,8.99,6769.17,0.26,0.0,0,2022-11-23,Approved,No,,0
LN003061,Diya Das,Female,36.0,Single,BR018,Salaried,400900.0,701.0,1,2214.23,Business Loan,904000.0,84,12.49,16195.93,0.55,1142400.0,2,2022-08-14,Approved,No,,0
LN003918,Manish Verma,Male,38.0,Married,BR008,Self-Employed,229400.0,656.0,2,1078.92,Auto Loan,95200.0,48,10.44,0.0,0.18,0.0,1,2024-03-03,Rejected,No,,0
LN002016,Rahul Singh,Male,21.0,Married,BR006,Business Owner,1065300.0,651.0,0,0.0,Business Loan,2044100.0,24,12.99,97170.64,1.09,2558800.0,0,2023-08-21,Approved,No,,0
LN002914,Rajesh Mehta,Male,21.0,Single,BR007,Self-Employed,371200.0,458.0,0,0.0,Home Loan,1825200.0,300,11.42,18445.92,0.6,2165900.0,0,2023-07-11,Approved,Yes,2024-08-21,145
LN000709,Arjun Reddy,Male,53.0,Single,BR003,Salaried,444000.0,795.0,0,0.0,Education Loan,398500.0,60,10.05,0.0,0.23,0.0,2,2023-06-25,Rejected,No,,0
LN002942,Aditya Agarwal,Male,28.0,Married,BR009,Business Owner,433600.0,714.0,1,3642.14,Personal Loan,59200.0,24,13.86,2838.45,0.18,0.0,1,2022-03-31,Approved,No,,0
LN002977,Kavya Reddy,Female,39.0,Married,BR001,Salaried,254200.0,619.0,0,0.0,Gold Loan,25000.0,18,10.31,1505.0,0.07,30100.0,1,2022-04-28,Approved,Yes,2022-06-16,8
LN001638,Vihaan Sharma,Male,44.0,Married,BR001,Salaried,,710.0,2,180.14,Personal Loan,70200.0,36,13.9,2395.86,0.05,0.0,1,2024-09-19,Approved,Yes,2025-01-30,41
LN001792,Rohan Sharma,Male,49.0,Single,BR018,Business Owner,278400.0,622.0,0,0.0,Personal Loan,120600.0,12,14.78,0.0,0.47,0.0,2,2024-04-01,Rejected,No,,0
LN004665,Vikram Kapoor,Male,37.0,Married,BR016,Salaried,559600.0,696.0,0,0.0,Education Loan,193400.0,60,11.04,0.0,0.09,0.0,1,2024-08-08,Rejected,No,,0
LN002309,Manish Rao,Male,46.0,Single,BR018,Self-Employed,464600.0,643.0,1,9515.31,Gold Loan,59000.0,12,10.07,5188.96,0.38,61000.0,0,2023-07-30,Approved,No,,0
LN002466,Rahul Rao,Male,41.0,Single,BR003,Business Owner,625000.0,603.0,0,0.0,Home Loan,2900700.0,300,9.97,26297.36,0.5,2923900.0,1,2022-04-20,Approved,No,,0
LN004941,Anil Rao,Male,29.0,Single,BR014,Salaried,814300.0,706.0,0,0.0,Personal Loan,387400.0,12,13.94,34772.59,0.51,0.0,1,2025-04-13,Approved,No,,0
LN004450,Vivaan Mehta,Male,42.0,Married,BR008,Salaried,600500.0,685.0,2,2042.52,Personal Loan,236900.0,24,14.15,0.0,0.27,0.0,0,2023-03-06,Rejected,No,,0
LN004659,Arjun Malhotra,Male,30.0,Married,BR001,Self-Employed,320400.0,454.0,1,991.25,Personal Loan,140200.0,24,16.46,6895.48,0.3,0.0,1,2025-02-13,Approved,No,,0
LN000314,Rekha Chatterjee,Female,40.0,Single,BR007,Salaried,1152800.0,600.0,2,5242.83,Home Loan,5470600.0,120,10.0,0.0,0.81,6096400.0,1,2022-03-14,Rejected,No,,0
LN001423,Reyansh Kapoor,Male,28.0,Single,BR005,Salaried,288600.0,502.0,2,1898.92,Personal Loan,79300.0,12,15.98,0.0,0.38,0.0,1,2023-12-22,Rejected,No,,0
LN005170,Kritika Singh,Female,39.0,Married,BR017,Salaried,805400.0,633.0,0,0.0,Auto Loan,624100.0,60,10.67,13466.96,0.2,0.0,3,2022-11-14,Approved,No,,0
LN005335,Ananya Agarwal,Female,37.0,Single,BR004,Salaried,205400.0,646.0,0,0.0,Business Loan,358200.0,84,13.04,0.0,0.38,389300.0,1,2022-11-18,Rejected,No,,0
LN002349,Manish Patel,Male,47.0,Married,BR003,Self-Employed,468400.0,678.0,1,9702.21,Home Loan,2629100.0,240,9.22,24027.96,0.86,2872000.0,0,2025-03-28,Approved,No,,0
LN002756,Reyansh Naidu,Male,43.0,Married,BR003,Salaried,498700.0,743.0,0,0.0,Business Loan,458200.0,36,12.07,15234.12,0.37,604900.0,0,2024-01-07,Approved,No,,0
LN000346,Amit Kapoor,Male,34.0,Divorced,BR007,Salaried,326000.0,674.0,0,0.0,Business Loan,199600.0,60,12.76,4517.03,0.17,227200.0,0,2024-10-21,Approved,No,,0
LN005237,Manish Rao,Male,26.0,Married,BR013,Business Owner,1224800.0,737.0,1,19609.34,Personal Loan,705900.0,12,13.63,63257.9,0.81,0.0,0,2023-12-06,Approved,No,,0
LN000793,Vihaan Pillai,Male,42.0,Married,BR012,Self-Employed,485600.0,610.0,0,0.0,Home Loan,2043500.0,240,9.9,19585.02,0.48,2495700.0,2,2022-12-10,Approved,No,,0
LN001220,Sneha Iyer,Female,49.0,Married,BR002,Self-Employed,279900.0,730.0,1,4226.18,Home Loan,854800.0,240,8.7,7526.71,0.5,1149700.0,0,2023-04-30,Approved,No,,0
LN000993,Aarav Gupta,Male,26.0,Single,BR002,Salaried,312100.0,682.0,0,0.0,Education Loan,121400.0,36,11.18,3984.84,0.15,0.0,1,2023-12-19,Approved,No,,0
LN001922,Aditya Pillai,Male,39.0,Married,BR005,Salaried,339500.0,706.0,0,0.0,Auto Loan,357800.0,48,9.94,9064.43,0.32,0.0,0,2024-06-18,Approved,No,,0
LN004998,Divya Naidu,Female,39.0,Married,BR018,Salaried,452200.0,700.0,0,0.0,Business Loan,323100.0,60,12.5,7269.08,0.19,370100.0,0,2023-04-24,Approved,No,,0
LN004432,Sneha Singh,Female,27.0,Married,BR005,Business Owner,169800.0,672.0,0,0.0,Personal Loan,54700.0,48,14.28,1502.45,0.11,0.0,1,2025-09-17,Approved,No,,0
LN001204,Sai Das,Male,53.0,Single,BR009,Self-Employed,398000.0,781.0,1,193.34,Auto Loan,297200.0,84,9.19,4810.38,0.15,0.0,1,2024-06-03,Approved,No,,0
LN003642,Sneha Mehta,Female,56.0,Married,BR006,Self-Employed,281800.0,680.0,0,0.0,Personal Loan,141200.0,36,14.2,4839.61,0.21,0.0,0,2022-01-18,Approved,No,,0
LN000572,Anjali Das,Female,48.0,Married,BR003,Self-Employed,1038800.0,704.0,0,0.0,Personal Loan,227700.0,48,13.96,6217.67,0.07,0.0,0,2025-07-15,Approved,No,,0
LN003375,Karthik Singh,Male,45.0,Married,BR010,Salaried,474100.0,774.0,1,3164.25,Personal Loan,158000.0,24,13.26,0.0,0.27,0.0,0,2022-01-03,Rejected,No,,0
LN005384,Saanvi Mehta,Female,39.0,Married,BR010,Salaried,832200.0,554.0,0,0.0,Home Loan,4804000.0,180,10.46,0.0,0.76,5337000.0,2,2022-01-09,Rejected,No,,0
LN002264,Aarav Mehta,Male,29.0,Married,BR018,Salaried,330800.0,654.0,0,0.0,Personal Loan,39700.0,48,14.46,1094.04,0.04,0.0,0,2024-08-23,Approved,No,,0
LN001075,Krishna Bhatt,Male,28.0,Married,BR002,Salaried,371200.0,555.0,2,2578.15,Personal Loan,177000.0,36,15.45,0.0,0.28,0.0,3,2023-06-27,Rejected,No,,0
LN000655,Saanvi Gupta,Female,39.0,Single,BR005,Business Owner,359000.0,777.0,0,0.0,Auto Loan,338700.0,84,9.23,5488.99,0.18,0.0,0,2022-09-12,Approved,No,,0
LN001435,Kavya Verma,Female,43.0,Single,BR010,Salaried,401000.0,552.0,0,0.0,Business Loan,877000.0,84,13.98,16425.3,0.49,1190200.0,0,2025-06-15,Approved,No,,0
LN003050,Meera Verma,Female,38.0,Single,BR008,Self-Employed,191900.0,789.0,0,0.0,Personal Loan,31200.0,24,13.11,0.0,0.09,0.0,3,2022-05-24,Rejected,No,,0
LN004210,Sunita Naidu,Female,47.0,Married,BR006,Salaried,835800.0,566.0,4,3523.45,Gold Loan,90500.0,18,10.84,5470.23,0.13,109900.0,1,2022-03-09,Approved,No,,0
LN000170,Manish Nair,Male,45.0,Married,BR010,Self-Employed,989700.0,725.0,0,0.0,Home Loan,3644400.0,240,8.75,0.0,0.39,4908400.0,0,2023-04-04,Rejected,No,,0
LN000870,Vihaan Mehta,Male,29.0,Single,BR016,Self-Employed,250600.0,778.0,1,734.45,Gold Loan,25000.0,24,8.72,1138.91,0.09,30700.0,0,2022-01-29,Approved,No,,0
LN001142,Arjun Chauhan,Male,29.0,Married,BR005,Salaried,761000.0,613.0,0,0.0,Personal Loan,370000.0,24,14.87,0.0,0.28,0.0,1,2022-04-22,Rejected,No,,0
LN000353,Nikhil Naidu,Male,42.0,Married,BR004,Self-Employed,445700.0,782.0,1,7359.81,Home Loan,2279400.0,180,8.18,22020.65,0.79,2773000.0,0,2025-09-08,Approved,No,,0
LN002446,Karthik Pillai,Male,28.0,Married,BR014,Salaried,564100.0,732.0,0,0.0,Education Loan,534000.0,36,10.68,17401.66,0.37,0.0,0,2023-03-18,Approved,No,,0
LN003926,Meera Nair,Female,27.0,Single,BR004,Salaried,1025300.0,545.0,0,0.0,Personal Loan,178500.0,12,15.55,0.0,0.19,0.0,1,2025-11-13,Rejected,No,,0
LN005012,Kritika Iyer,Female,31.0,Divorced,BR001,Unemployed,155800.0,636.0,1,3033.16,Home Loan,605300.0,180,9.64,0.0,0.72,823300.0,0,2022-01-22,Rejected,No,,0
LN004862,Anil Patel,Male,27.0,Married,BR016,Salaried,321400.0,748.0,2,2145.61,Business Loan,711500.0,36,12.02,0.0,0.96,824600.0,1,2024-09-04,Rejected,No,,0
LN003260,Aadhya Chatterjee,Female,61.0,Single,BR007,Self-Employed,773700.0,675.0,0,0.0,Business Loan,1519600.0,60,12.75,34381.41,0.53,1992000.0,0,2024-08-23,Approved,No,,0
LN000600,Anjali Malhotra,Female,27.0,Single,BR009,Salaried,487700.0,642.0,1,6580.66,Business Loan,394900.0,84,13.08,7201.19,0.34,550400.0,0,2024-05-15,Approved,Yes,2025-10-25,34
LN004075,Sai Reddy,Male,47.0,Married,BR018,Salaried,431500.0,679.0,0,0.0,Education Loan,203300.0,60,11.21,4441.56,0.12,0.0,0,2025-07-05,Approved,Yes,2025-11-23,78
LN001685,Arjun Iyer,Male,47.0,Single,BR009,Salaried,1101000.0,664.0,0,0.0,Auto Loan,888700.0,60,10.36,19040.05,0.21,0.0,0,2023-07-28,Approved,Yes,2024-06-07,55
LN001978,Divya Chatterjee,Female,40.0,Single,BR001,Salaried,500300.0,699.0,3,6086.98,Auto Loan,565800.0,36,10.01,0.0,0.58,0.0,1,2023-08-30,Rejected,No,,0
LN002575,Arjun Sharma,Male,33.0,Single,BR007,Business Owner,1389700.0,809.0,2,22953.53,Business Loan,3402700.0,24,11.41,159240.98,1.57,4108000.0,0,2023-04-21,Approved,No,,0
LN003934,Divya Bhatt,Female,37.0,Married,BR005,Unemployed,104000.0,669.0,1,704.94,Personal Loan,41500.0,24,14.31,0.0,0.31,0.0,0,2025-04-30,Rejected,No,,0
LN001590,Reyansh Gupta,Male,37.0,Married,BR010,Salaried,526700.0,671.0,1,8684.0,Personal Loan,236800.0,12,14.29,21293.91,0.68,0.0,1,2024-02-27,Approved,Yes,2024-09-15,126
LN000570,Rekha Patel,Female,39.0,Married,BR015,Salaried,497500.0,640.0,1,6084.82,Gold Loan,104500.0,24,10.1,4826.97,0.26,116200.0,2,2025-01-13,Approved,No,,0
LN004486,Rekha Malhotra,Female,32.0,Married,BR002,Salaried,647300.0,623.0,2,9983.03,Business Loan,829900.0,60,13.27,18997.68,0.54,1043700.0,1,2022-01-18,Approved,No,,0
LN000021,Rekha Kapoor,Female,45.0,Married,BR018,Salaried,297800.0,646.0,1,5133.98,Business Loan,605200.0,84,13.04,0.0,0.65,686000.0,0,2025-02-22,Rejected,No,,0
LN000877,Karthik Agarwal,Male,27.0,Married,BR012,Salaried,578500.0,684.0,0,0.0,Personal Loan,320900.0,24,14.16,15431.6,0.32,0.0,0,2022-03-15,Approved,Yes,2024-02-16,20
LN004799,Reyansh Nair,Male,32.0,Single,BR014,Business Owner,415200.0,621.0,1,1217.75,Personal Loan,143400.0,24,14.79,0.0,0.24,0.0,3,2025-09-07,Rejected,No,,0
LN002545,Suresh Das,Male,47.0,Married,BR006,Salaried,157200.0,769.0,2,575.89,Business Loan,133400.0,60,11.81,2954.62,0.27,165900.0,0,2023-04-17,Approved,No,,0
LN003644,Vihaan Bhatt,Male,35.0,Single,BR003,Self-Employed,745800.0,669.0,2,6466.21,Education Loan,643100.0,84,11.31,11116.54,0.28,0.0,0,2022-11-06,Approved,Yes,2024-05-22,34
LN001881,Sai Sharma,Male,36.0,Single,BR018,Business Owner,243800.0,569.0,0,0.0,Business Loan,575800.0,60,13.81,13341.21,0.66,590200.0,1,2022-06-06,Approved,No,,0
LN003398,Nikhil Chauhan,Male,24.0,Single,BR015,Business Owner,790800.0,604.0,0,0.0,Personal Loan,450800.0,12,14.96,40679.94,0.62,0.0,1,2024-01-18,Approved,No,,0
LN003029,Sai Verma,Male,35.0,Married,BR010,Salaried,366800.0,673.0,0,0.0,Personal Loan,203000.0,24,14.27,0.0,0.32,0.0,0,2023-08-19,Rejected,No,,0
LN004274,Manish Naidu,Male,26.0,Married,BR014,Salaried,352300.0,635.0,1,1358.08,Home Loan,1082200.0,120,9.65,14092.43,0.53,1126100.0,0,2024-02-28,Approved,No,,0
LN005234,Priya Verma,Female,47.0,Single,BR012,Unemployed,121600.0,676.0,0,0.0,Education Loan,61100.0,84,11.24,0.0,0.1,0.0,1,2024-04-19,Rejected,No,,0
LN000100,Priya Pillai,Female,43.0,Married,BR008,Salaried,451000.0,565.0,1,1811.18,Business Loan,1076800.0,24,13.85,51624.0,1.42,1227500.0,2,2022-06-12,Approved,Yes,2023-11-11,17
LN003770,Neha Pillai,Female,28.0,Married,BR005,Business Owner,520500.0,657.0,0,0.0,Personal Loan,119300.0,48,14.43,3285.84,0.08,0.0,0,2024-06-20,Approved,No,,0
LN000645,Kritika Chauhan,Female,25.0,Married,BR002,Salaried,518100.0,647.0,3,214.73,Home Loan,2227600.0,120,9.53,28861.2,0.67,2656700.0,1,2023-10-02,Approved,No,,0
LN002853,Reyansh Agarwal,Male,31.0,Married,BR001,Salaried,553700.0,616.0,1,7942.85,Business Loan,943200.0,60,13.34,21625.22,0.64,1015200.0,2,2025-01-20,Approved,No,,0
LN001281,Amit Joshi,Male,37.0,Single,BR001,Salaried,535600.0,719.0,1,4651.29,Home Loan,2540300.0,180,8.81,25479.08,0.68,2989100.0,1,2023-11-02,Approved,No,,0
LN001315,Meera Mehta,Female,44.0,Married,BR002,Unemployed,90000.0,522.0,1,1225.63,Education Loan,47700.0,120,12.78,0.0,0.26,0.0,2,2025-07-16,Rejected,No,,0
LN003954,Karthik Bhatt,Male,23.0,Single,BR004,Business Owner,337900.0,797.0,0,0.0,Home Loan,1792000.0,300,8.03,13866.58,0.49,2368000.0,0,2024-12-03,Approved,No,,0
LN001749,Rekha Iyer,Female,41.0,Single,BR003,Business Owner,708600.0,646.0,1,5104.24,Auto Loan,824400.0,48,10.54,0.0,0.44,0.0,2,2024-10-18,Rejected,No,,0
LN005045,Aarav Patel,Male,47.0,Single,BR005,Salaried,686400.0,590.0,1,6072.24,Home Loan,2492800.0,180,10.1,0.0,0.58,2727300.0,3,2024-10-26,Rejected,No,,0
LN002664,Vihaan Malhotra,Male,21.0,Married,BR012,Self-Employed,221900.0,676.0,1,2295.77,Personal Loan,35100.0,36,14.24,0.0,0.19,0.0,1,2023-08-12,Rejected,No,,0
LN000812,Nikhil Verma,Male,44.0,Married,BR006,Salaried,447200.0,431.0,0,0.0,Home Loan,1970000.0,120,11.69,0.0,0.75,2737200.0,2,2024-02-14,Rejected,No,,0
LN001820,Rahul Verma,Male,28.0,Married,BR010,Self-Employed,313800.0,750.0,0,0.0,Business Loan,730600.0,84,12.0,12897.09,0.49,956000.0,0,2025-09-03,Approved,No,,0
LN004050,Rahul Chauhan,Male,28.0,Single,BR004,Salaried,381800.0,788.0,1,1858.34,Auto Loan,438800.0,48,9.12,0.0,0.4,0.0,0,2022-11-19,Rejected,No,,0
LN002338,Suresh Malhotra,Male,32.0,Married,BR011,Salaried,453300.0,625.0,0,0.0,Personal Loan,247300.0,12,14.75,22291.72,0.59,0.0,3,2023-09-19,Approved,No,,0
LN000719,Neha Rao,Female,32.0,Married,BR002,Salaried,487200.0,618.0,1,8676.91,Gold Loan,144100.0,18,10.32,8675.47,0.43,196500.0,5,2023-09-22,Approved,Yes,2024-01-05,43
LN003899,Divya Reddy,Female,32.0,Single,BR003,Salaried,254100.0,596.0,1,731.21,Auto Loan,267000.0,36,11.04,0.0,0.45,0.0,1,2023-01-04,Rejected,No,,0
LN000431,Rekha Das,Female,38.0,Single,BR009,Salaried,794200.0,813.0,1,3226.3,Auto Loan,873300.0,60,8.87,18073.22,0.32,0.0,0,2025-07-26,Approved,Yes,2025-09-01,49
LN000849,Karthik Sharma,Male,31.0,Married,BR008,Salaried,431500.0,772.0,0,0.0,Home Loan,2515300.0,180,8.28,24445.86,0.68,2582400.0,1,2025-09-30,Approved,Yes,2025-12-06,24
LN004387,Deepak Rao,Male,31.0,Married,BR004,Self-Employed,265100.0,737.0,0,0.0,Personal Loan,151600.0,24,13.63,0.0,0.33,0.0,1,2025-07-06,Rejected,No,,0
LN002170,Swati Nair,Female,45.0,Married,BR014,Salaried,667600.0,597.0,2,6779.02,Home Loan,3320700.0,300,10.03,30245.48,0.67,4344400.0,0,2023-07-09,Approved,No,,0
LN002935,Aadhya Mehta,Female,24.0,Married,BR003,Salaried,563900.0,726.0,1,1353.87,Personal Loan,241600.0,24,13.74,11570.26,0.28,0.0,0,2022-12-26,Approved,No,,0
LN001890,Ananya Pillai,Female,33.0,Single,BR003,Business Owner,323800.0,752.0,0,0.0,Personal Loan,189000.0,12,13.48,16923.56,0.63,0.0,2,2022-08-19,Approved,No,,0
LN005204,Vihaan Iyer,Male,38.0,Divorced,BR007,Salaried,428800.0,697.0,0,0.0,Personal Loan,256500.0,36,14.03,8770.3,0.25,0.0,0,2025-10-21,Approved,No,,0
LN004442,Krishna Sharma,Male,36.0,Single,BR004,Self-Employed,286400.0,755.0,1,3759.45,Personal Loan,59700.0,48,13.45,1614.97,0.23,0.0,0,2022-10-31,Approved,No,,0
LN002099,Aadhya Das,Female,32.0,Single,BR018,Business Owner,1142000.0,811.0,0,0.0,Personal Loan,151500.0,24,12.89,7194.76,0.08,0.0,0,2024-07-11,Approved,No,,0
LN003236,Kritika Kapoor,Female,46.0,Single,BR001,Salaried,304200.0,689.0,2,1220.93,Home Loan,1159800.0,240,9.11,10517.21,0.46,1550500.0,1,2022-08-08,Approved,Yes,2025-02-01,184
LN000562,Krishna Bhatt,Male,28.0,Married,BR003,Self-Employed,751300.0,548.0,2,7371.85,Home Loan,2945700.0,180,10.52,32598.27,0.64,3559300.0,1,2022-06-13,Approved,Yes,2023-04-07,15
LN000725,Deepak Gupta,Male,21.0,Single,BR003,Salaried,477500.0,716.0,0,0.0,Business Loan,750900.0,84,12.34,13392.36,0.34,971300.0,0,2023-12-12,Approved,No,,0
LN000574,Anil Das,Male,37.0,Married,BR003,Self-Employed,715500.0,705.0,0,0.0,Business Loan,641400.0,36,12.45,21441.78,0.36,889500.0,1,2024-03-09,Approved,No,,0
LN001317,Rohan Chatterjee,Male,21.0,Married,BR013,Self-Employed,833800.0,741.0,1,17358.01,Home Loan,3582700.0,120,8.59,44592.99,0.89,3771800.0,0,2024-10-17,Approved,No,,0
LN003271,Anjali Naidu,Female,31.0,Married,BR011,Salaried,285200.0,666.0,0,0.0,Auto Loan,158300.0,48,10.34,4040.79,0.17,0.0,0,2024-03-20,Approved,Yes,2024-11-21,58
LN002345,Nikhil Nair,Male,38.0,Married,BR008,Salaried,,610.0,1,2319.98,Business Loan,435800.0,36,13.4,14767.93,0.51,603800.0,1,2022-05-17,Approved,No,,0
LN002400,Rekha Patel,Female,39.0,Married,BR016,Salaried,478300.0,623.0,1,9635.2,Home Loan,1914800.0,300,9.77,0.0,0.67,1918800.0,2,2025-04-18,Rejected,No,,0
LN005272,Arjun Chauhan,Male,36.0,Married,BR011,Self-Employed,790800.0,619.0,0,0.0,Home Loan,3805500.0,300,9.81,34072.22,0.52,4480900.0,2,2022-07-15,Approved,No,,0
LN003161,Aditya Reddy,Male,21.0,Married,BR017,Self-Employed,542900.0,815.0,1,2174.44,Home Loan,1762400.0,300,7.85,13427.83,0.34,1893200.0,0,2024-06-11,Approved,No,,0
LN000349,Sneha Kapoor,Female,47.0,Single,BR005,Unemployed,96700.0,815.0,5,720.52,Gold Loan,25000.0,6,8.35,4268.73,0.62,34800.0,1,2022-05-31,Approved,No,,0
LN002524,Saanvi Naidu,Female,23.0,Married,BR007,Salaried,312700.0,692.0,2,112.27,Education Loan,293100.0,36,11.08,9606.83,0.37,0.0,0,2025-01-10,Approved,Yes,2025-07-06,110
LN004770,Ishaan Iyer,Male,61.0,Single,BR009,Salaried,260600.0,615.0,0,0.0,Personal Loan,27200.0,24,14.85,1316.9,0.06,0.0,3,2022-05-14,Approved,Yes,2023-02-09,37
LN000068,Manish Iyer,Male,26.0,Married,BR013,Salaried,345200.0,769.0,0,0.0,Auto Loan,217300.0,48,9.31,5439.56,0.19,0.0,0,2024-05-30,Approved,No,,0
LN003991,Aarav Das,Male,41.0,Single,BR015,Business Owner,741500.0,825.0,1,9182.53,Home Loan,3915800.0,300,7.75,29577.16,0.63,3947700.0,0,2022-03-11,Approved,No,,0
LN003477,Meera Singh,Female,27.0,Single,BR011,Salaried,233700.0,710.0,0,0.0,Education Loan,206000.0,120,10.9,2826.0,0.15,0.0,1,2024-01-06,Approved,Yes,2024-05-23,29
LN004702,Riya Das,Female,56.0,Married,BR011,Self-Employed,310000.0,849.0,0,0.0,Home Loan,1385600.0,180,7.51,0.0,0.5,1777900.0,1,2022-08-16,Rejected,No,,0
LN000032,Nikhil Patel,Male,47.0,Married,BR003,Salaried,380800.0,704.0,1,4356.75,Personal Loan,187200.0,48,13.96,0.0,0.3,0.0,1,2022-05-09,Rejected,No,,0
LN004423,Geeta Gupta,Female,28.0,Single,BR006,Salaried,301700.0,665.0,1,3994.49,Auto Loan,171400.0,60,10.35,3671.33,0.3,0.0,1,2023-03-24,Approved,No,,0
LN000072,Vivaan Naidu,Male,37.0,Married,BR001,Salaried,710200.0,823.0,0,0.0,Business Loan,1325600.0,36,11.27,43568.13,0.74,1726700.0,0,2025-04-15,Approved,No,,0
LN002884,Anjali Singh,Female,21.0,Married,BR006,Business Owner,438100.0,694.0,0,0.0,Business Loan,999800.0,60,12.56,0.0,0.62,1255400.0,0,2022-01-07,Rejected,No,,0
LN004699,Arjun Verma,Male,45.0,Married,BR003,Business Owner,463000.0,657.0,1,7068.85,Education Loan,392500.0,84,11.43,6809.62,0.36,0.0,0,2022-03-04,Approved,No,,0
LN003875,Ishita Nair,Female,37.0,Single,BR010,Salaried,139600.0,744.0,0,0.0,Home Loan,443200.0,120,8.56,5509.28,0.47,471000.0,0,2024-09-04,Approved,No,,0
LN000568,Divya Kapoor,Female,59.0,Married,BR010,Salaried,249900.0,654.0,1,4518.88,Business Loan,522100.0,24,12.96,0.0,1.41,580400.0,1,2023-04-14,Rejected,No,,0
LN003460,Rekha Pillai,Female,37.0,Married,BR005,Business Owner,343600.0,611.0,0,0.0,Auto Loan,270000.0,60,10.89,5855.65,0.2,0.0,2,2025-02-17,Approved,No,,0
LN002053,Sai Nair,Male,34.0,Married,BR001,Salaried,362900.0,630.0,0,0.0,Personal Loan,100500.0,36,14.7,3469.12,0.11,0.0,3,2025-03-26,Approved,Yes,2025-09-07,1
LN003167,Riya Chatterjee,Female,26.0,Single,BR004,Self-Employed,585500.0,545.0,0,0.0,Home Loan,2127800.0,180,10.55,0.0,0.48,2713700.0,1,2022-08-08,Rejected,No,,0
LN003929,Pooja Joshi,Female,38.0,Single,BR002,Self-Employed,320900.0,566.0,1,2827.7,Business Loan,453500.0,24,13.84,0.0,0.92,578800.0,0,2022-05-16,Rejected,No,,0
LN003566,Karthik Bhatt,Male,34.0,Married,BR014,Salaried,475600.0,635.0,1,8021.5,Gold Loan,88600.0,18,10.15,5327.18,0.34,120400.0,4,2025-03-17,Approved,No,,0
LN004278,Arjun Chatterjee,Male,22.0,Single,BR014,Salaried,1227500.0,637.0,1,12950.33,Business Loan,2919200.0,24,13.13,138962.41,1.49,3982400.0,1,2022-04-04,Approved,No,,0
LN002731,Divya Gupta,Female,26.0,Married,BR007,Salaried,360800.0,900.0,0,0.0,Personal Loan,75900.0,36,12.0,2520.97,0.08,0.0,2,2024-07-27,Approved,No,,0
LN003820,Saanvi Iyer,Female,48.0,Married,BR007,Self-Employed,470400.0,764.0,1,6284.57,Personal Loan,205400.0,36,13.36,0.0,0.34,0.0,1,2023-09-30,Rejected,No,,0
LN003765,Riya Naidu,Female,38.0,Single,BR014,Salaried,710000.0,490.0,1,10371.87,Business Loan,1702300.0,60,14.6,40141.05,0.85,1785200.0,1,2022-03-30,Approved,No,,0
LN004371,Rahul Iyer,Male,29.0,Single,BR015,Business Owner,796600.0,657.0,1,15669.14,Home Loan,4342200.0,120,9.43,56020.72,1.08,4820100.0,2,2025-06-10,Approved,Yes,2025-07-16,304
LN004931,Aditya Chauhan,Male,25.0,Single,BR002,Self-Employed,590600.0,762.0,3,5201.87,Home Loan,2851000.0,120,8.38,35165.61,0.82,3477000.0,0,2023-07-20,Approved,No,,0
LN003453,Manish Reddy,Male,28.0,Single,BR010,Self-Employed,476600.0,849.0,3,3372.13,Personal Loan,71100.0,24,12.51,3363.88,0.17,0.0,1,2025-07-09,Approved,No,,0
LN003525,Nikhil Joshi,Male,26.0,Single,BR009,Salaried,700000.0,754.0,1,5440.9,Auto Loan,501300.0,48,9.46,12584.65,0.31,0.0,0,2022-12-22,Approved,No,,0
LN003078,Krishna Kapoor,Male,21.0,Married,BR011,Salaried,220100.0,674.0,0,0.0,Education Loan,78500.0,60,11.26,0.0,0.09,0.0,0,2022-04-24,Rejected,No,,0
LN005380,Rajesh Verma,Male,46.0,Single,BR003,Self-Employed,267200.0,706.0,0,0.0,Auto Loan,205800.0,36,9.94,0.0,0.3,0.0,0,2023-09-15,Rejected,No,,0
LN004673,Manish Pillai,Male,34.0,Married,BR011,Salaried,400900.0,683.0,0,0.0,Gold Loan,117000.0,12,9.67,10268.21,0.31,125400.0,0,2023-04-08,Approved,No,,0
LN000781,Aditya Iyer,Male,40.0,Single,BR014,Salaried,628500.0,697.0,0,0.0,Business Loan,322000.0,60,12.53,7249.25,0.14,450600.0,0,2022-04-08,Approved,No,,0
LN000311,Neha Naidu,Female,39.0,Married,BR010,Self-Employed,298300.0,562.0,2,4489.33,Home Loan,1368700.0,180,10.38,15027.93,0.79,1385000.0,1,2023-08-18,Approved,Yes,2024-02-25,78
LN002887,Rekha Pillai,Female,29.0,Married,BR011,Unemployed,159100.0,785.0,1,2044.68,Auto Loan,157700.0,60,9.15,3285.09,0.4,0.0,1,2024-04-06,Approved,No,,0
LN001948,Anil Gupta,Male,34.0,Single,BR008,Salaried,479000.0,741.0,2,7030.43,Personal Loan,175800.0,12,13.59,15750.68,0.57,0.0,0,2024-06-07,Approved,No,,0
LN000117,Ishaan Das,Male,46.0,Single,BR005,Business Owner,879300.0,651.0,0,0.0,Personal Loan,162100.0,36,14.49,5578.85,0.08,0.0,1,2023-10-19,Approved,No,,0
LN001938,Vikram Sharma,Male,44.0,Married,BR008,Business Owner,288000.0,714.0,0,0.0,Business Loan,454400.0,84,12.36,0.0,0.34,629200.0,1,2023-08-05,Rejected,No,,0
LN002102,Rajesh Verma,Male,34.0,Married,BR003,Business Owner,361400.0,531.0,0,0.0,Home Loan,1179600.0,180,10.69,0.0,0.44,1512600.0,0,2023-01-31,Rejected,No,,0
LN001757,Manish Sharma,Male,39.0,Married,BR002,Business Owner,1022000.0,830.0,0,0.0,Home Loan,3727000.0,120,7.7,44630.16,0.52,3902800.0,1,2025-09-06,Approved,No,,0
LN004577,Divya Gupta,Female,48.0,Married,BR008,Self-Employed,506500.0,647.0,0,0.0,Home Loan,2368400.0,120,9.53,0.0,0.73,3161900.0,1,2022-07-13,Rejected,No,,0
LN000759,Arjun Patel,Male,23.0,Married,BR001,Business Owner,327900.0,743.0,1,4205.92,Education Loan,182500.0,120,10.57,2469.72,0.24,0.0,0,2023-01-12,Approved,No,,0
LN004202,Meera Das,Female,45.0,Single,BR001,Salaried,885700.0,720.0,0,0.0,Business Loan,1608900.0,60,12.3,36033.48,0.49,2196500.0,0,2023-05-10,Approved,No,,0
LN003757,Anjali Chauhan,Female,42.0,Married,BR002,Business Owner,364600.0,636.0,2,2150.13,Auto Loan,364800.0,36,10.64,11880.99,0.46,0.0,2,2024-04-17,Approved,No,,0
LN002505,Sai Reddy,Male,31.0,Married,BR007,Salaried,393400.0,619.0,1,1517.79,Home Loan,1344100.0,180,9.81,14287.94,0.48,1345300.0,2,2022-11-09,Approved,No,,0
LN004962,Diya Das,Female,25.0,Married,BR014,Business Owner,1224200.0,557.0,1,16710.41,Auto Loan,1343400.0,84,11.43,0.0,0.39,0.0,1,2024-07-05,Rejected,No,,0
LN004882,Sai Rao,Male,43.0,Single,BR012,Salaried,669600.0,740.0,2,1455.11,Personal Loan,70900.0,12,13.6,6352.57,0.14,0.0,0,2022-06-10,Approved,No,,0
LN003506,Reyansh Reddy,Male,44.0,Married,BR018,Salaried,391900.0,802.0,1,2559.45,Business Loan,587600.0,84,11.48,10210.05,0.39,704800.0,0,2025-03-16,Approved,No,,0
LN004394,Rekha Sharma,Female,32.0,Single,BR007,Business Owner,594800.0,762.0,3,7238.91,Business Loan,298200.0,84,11.88,5244.93,0.25,394500.0,2,2025-01-20,Approved,No,,0
LN001607,Ishaan Chauhan,Male,38.0,Married,BR003,Salaried,479700.0,635.0,0,0.0,Home Loan,1540000.0,120,9.65,20053.92,0.5,1902900.0,1,2022-09-07,Approved,Yes,2025-05-26,2
LN000107,Swati Verma,Female,32.0,Married,BR014,Business Owner,321400.0,665.0,0,0.0,Auto Loan,283300.0,60,10.35,6068.19,0.23,0.0,0,2024-05-14,Approved,Yes,2025-01-23,17
LN004653,Manish Nair,Male,36.0,Divorced,BR014,Salaried,358400.0,742.0,1,2621.44,Personal Loan,172700.0,48,13.58,4682.98,0.24,0.0,0,2023-11-27,Approved,No,,0
LN002934,Rohan Bhatt,Male,32.0,Single,BR016,Salaried,327700.0,771.0,0,0.0,Home Loan,1407500.0,180,8.29,13687.5,0.5,1863000.0,1,2023-04-17,Approved,Yes,2025-05-10,27
LN001065,Rahul Sharma,Male,25.0,Single,BR011,Business Owner,490500.0,617.0,0,0.0,Auto Loan,353100.0,48,10.83,0.0,0.22,0.0,2,2023-12-07,Rejected,No,,0
LN005328,Manish Pillai,Male,21.0,Married,BR011,Salaried,525700.0,892.0,0,0.0,Home Loan,1587200.0,180,7.08,14337.29,0.33,2023800.0,1,2024-11-19,Approved,No,,0
LN003092,Anil Kapoor,Male,39.0,Married,BR006,Unemployed,216600.0,834.0,1,3458.6,Auto Loan,114300.0,48,8.66,0.0,0.35,0.0,1,2023-10-31,Rejected,No,,0
LN002640,Aarav Pillai,Male,21.0,Single,BR007,Self-Employed,685100.0,754.0,0,0.0,Auto Loan,404100.0,84,9.46,6596.33,0.12,0.0,0,2024-10-18,Approved,No,,0
LN002047,Nikhil Singh,Male,29.0,Married,BR002,Salaried,257400.0,703.0,0,0.0,Personal Loan,55400.0,12,13.97,4973.42,0.23,0.0,0,2025-12-04,Approved,No,,0
LN005143,Ishita Singh,Female,27.0,Single,BR001,Business Owner,361500.0,767.0,2,1494.35,Home Loan,1580500.0,300,8.33,0.0,0.47,1863200.0,0,2023-03-07,Rejected,No,,0
LN003858,Suresh Chatterjee,Male,41.0,Married,BR007,Salaried,542200.0,667.0,2,6838.82,Personal Loan,156800.0,36,14.33,0.0,0.27,0.0,0,2023-10-11,Rejected,No,,0
LN004221,Sai Singh,Male,48.0,Married,BR001,Business Owner,380600.0,682.0,0,0.0,Home Loan,2036400.0,300,9.18,17341.1,0.55,2276800.0,0,2022-10-23,Approved,No,,0
LN005449,Ananya Iyer,Female,21.0,Married,BR008,Salaried,271700.0,782.0,1,5139.81,Home Loan,1336200.0,120,8.18,16339.16,0.95,1481400.0,0,2025-03-16,Approved,No,,0
LN003754,Anjali Singh,Female,33.0,Single,BR011,Salaried,300200.0,688.0,1,4833.32,Personal Loan,91100.0,24,14.12,4379.14,0.37,0.0,1,2022-09-04,Approved,No,,0
LN001166,Vivaan Iyer,Male,58.0,Single,BR005,Salaried,292900.0,718.0,1,4585.12,Business Loan,557300.0,84,12.32,9933.49,0.59,632900.0,0,2022-04-26,Approved,Yes,2023-02-05,9
LN003313,Swati Agarwal,Female,32.0,Married,BR014,Salaried,274700.0,735.0,0,0.0,Gold Loan,73300.0,6,9.15,12544.76,0.55,85400.0,0,2024-11-08,Approved,No,,0
LN003466,Ishaan Bhatt,Male,44.0,Married,BR010,Salaried,938100.0,714.0,1,1110.12,Home Loan,5591800.0,180,8.86,56251.0,0.73,6808200.0,1,2024-02-29,Approved,No,,0
LN002610,Priya Pillai,Female,32.0,Married,BR016,Business Owner,315700.0,613.0,2,5594.82,Home Loan,1298800.0,180,9.87,13853.86,0.74,1595700.0,0,2022-08-25,Approved,Yes,2023-08-21,13
LN001679,Sunita Rao,Female,24.0,Married,BR003,Business Owner,484000.0,708.0,0,0.0,Home Loan,1554300.0,240,8.92,13904.57,0.34,2102900.0,1,2022-12-04,Approved,No,,0
LN002968,Neha Chatterjee,Female,52.0,Single,BR002,Self-Employed,255300.0,647.0,0,0.0,Personal Loan,52200.0,36,14.53,0.0,0.08,0.0,2,2022-09-15,Rejected,No,,0
LN004408,Arjun Mehta,Male,42.0,Married,BR011,Business Owner,884000.0,825.0,0,0.0,Personal Loan,453000.0,48,12.75,0.0,0.16,0.0,0,2023-02-05,Rejected,No,,0
LN001923,Diya Iyer,Female,25.0,Divorced,BR006,Salaried,321000.0,663.0,3,4651.1,Personal Loan,42000.0,24,14.37,0.0,0.25,0.0,0,2022-06-28,Rejected,No,,0
LN000855,Deepak Mehta,Male,43.0,Married,BR002,Salaried,271500.0,849.0,2,3133.33,Auto Loan,186200.0,84,8.51,0.0,0.27,0.0,0,2024-08-20,Rejected,No,,0
LN004350,Rohan Mehta,Male,34.0,Married,BR010,Salaried,551100.0,762.0,1,9921.51,Personal Loan,133200.0,12,13.38,11920.82,0.48,0.0,2,2022-04-30,Approved,No,,0
LN004894,Anil Das,Male,25.0,Single,BR010,Salaried,415200.0,698.0,1,1070.96,Personal Loan,108500.0,24,14.02,5210.42,0.18,0.0,0,2025-04-03,Approved,No,,0
LN000105,Aditya Das,Male,33.0,Single,BR004,Self-Employed,352700.0,776.0,0,0.0,Gold Loan,97800.0,6,8.74,0.0,0.57,105300.0,0,2023-03-07,Rejected,No,,0
LN003182,Rajesh Chatterjee,Male,35.0,Single,BR005,Salaried,485500.0,698.0,1,1853.7,Business Loan,512000.0,36,12.52,17133.17,0.47,596400.0,0,2024-11-30,Approved,No,,0
LN003204,Manish Nair,Male,49.0,Married,BR013,Self-Employed,673800.0,600.0,2,9200.72,Home Loan,3346900.0,120,10.0,0.0,0.95,3364600.0,0,2025-02-04,Rejected,No,,0
LN003231,Aarav Malhotra,Male,43.0,Married,BR005,Self-Employed,318400.0,767.0,0,0.0,Home Loan,1374400.0,120,8.33,16915.89,0.64,1407200.0,0,2022-04-21,Approved,No,,0
LN002357,Anil Nair,Male,33.0,Married,BR006,Salaried,399500.0,530.0,0,0.0,Home Loan,1702700.0,180,10.7,19033.29,0.57,1767400.0,2,2024-06-16,Approved,Yes,2025-10-29,4
LN000907,Rahul Chauhan,Male,55.0,Single,BR005,Unemployed,120300.0,610.0,0,0.0,Home Loan,592400.0,240,9.9,0.0,0.57,594500.0,4,2024-10-12,Rejected,No,,0
LN001761,Neha Singh,Female,45.0,Married,BR013,Business Owner,402800.0,635.0,0,0.0,Home Loan,1651200.0,300,9.65,0.0,0.43,1871800.0,2,2024-06-22,Rejected,No,,0
LN000908,Krishna Patel,Male,38.0,Divorced,BR003,Salaried,866500.0,507.0,0,0.0,Auto Loan,959500.0,84,11.93,16901.9,0.23,0.0,1,2023-05-10,Approved,Yes,2025-10-23,17
LN004154,Rekha Rao,Female,28.0,Married,BR002,Salaried,383000.0,653.0,1,6546.24,Auto Loan,169100.0,48,10.47,4327.08,0.34,0.0,0,2024-03-11,Approved,No,,0
LN004149,Manish Pillai,Male,38.0,Single,BR018,Salaried,746600.0,673.0,0,0.0,Auto Loan,884000.0,60,10.27,18900.04,0.3,0.0,0,2022-07-28,Approved,No,,0
LN000489,Neha Mehta,Female,30.0,Married,BR012,Self-Employed,241400.0,731.0,0,0.0,Home Loan,1136400.0,120,8.69,14205.47,0.71,1549100.0,0,2024-03-22,Approved,No,,0
LN003016,Aarav Agarwal,Male,,Divorced,BR007,Unemployed,90000.0,634.0,1,899.93,Business Loan,77500.0,36,13.16,2617.26,0.47,82800.0,2,2024-10-14,Approved,No,,0
LN002608,Manish Verma,Male,57.0,Married,BR010,Salaried,319600.0,751.0,1,5905.84,Auto Loan,194800.0,84,9.49,0.0,0.34,0.0,1,2025-11-15,Rejected,No,,0
LN003472,Anil Kapoor,Male,25.0,Married,BR001,Self-Employed,348300.0,728.0,0,0.0,Personal Loan,144000.0,48,13.72,3914.82,0.13,0.0,0,2025-01-15,Approved,No,,0
LN003177,Amit Singh,Male,,Divorced,BR010,Salaried,324800.0,664.0,0,0.0,Home Loan,1374500.0,120,9.36,17680.51,0.65,1665300.0,0,2025-05-28,Approved,No,,0
LN005255,Rahul Nair,Male,35.0,Married,BR009,Salaried,409300.0,636.0,2,868.21,Education Loan,197900.0,120,11.64,2798.26,0.11,0.0,1,2023-03-07,Approved,No,,0
LN000575,Rohan Das,Male,25.0,Married,BR009,Self-Employed,655700.0,752.0,1,8702.29,Personal Loan,142900.0,48,13.48,0.0,0.23,0.0,0,2024-10-18,Rejected,No,,0
LN003063,Vihaan Singh,Male,24.0,Married,BR010,Salaried,396900.0,601.0,0,0.0,Home Loan,1214000.0,300,9.99,11023.07,0.33,1524200.0,1,2025-04-07,Approved,No,,0
LN004529,Geeta Agarwal,Female,39.0,Single,BR007,Salaried,630500.0,626.0,0,0.0,Auto Loan,736200.0,60,10.74,0.0,0.3,0.0,0,2022-10-27,Rejected,No,,0
LN002659,Rohan Patel,Male,24.0,Married,BR005,Salaried,484400.0,658.0,0,0.0,Home Loan,2186000.0,180,9.42,22721.34,0.56,2407200.0,0,2024-07-20,Approved,Yes,2025-06-21,16
LN004904,Vihaan Naidu,Male,32.0,Married,BR011,Salaried,885300.0,675.0,1,4828.6,Education Loan,621900.0,120,11.25,8654.92,0.18,0.0,0,2023-12-19,Approved,Yes,2024-02-17,73
LN004363,Rekha Chatterjee,Female,36.0,Married,BR011,Salaried,390500.0,,2,3659.37,Home Loan,2005100.0,240,10.38,0.0,0.72,2545800.0,1,2023-08-04,Rejected,No,,0
LN004383,Vikram Naidu,Male,29.0,Single,BR013,Salaried,397100.0,712.0,0,0.0,Home Loan,1663000.0,180,8.88,16748.75,0.51,2073100.0,0,2022-12-10,Approved,Yes,2024-01-01,35
LN003069,Vikram Sharma,Male,27.0,Single,BR010,Self-Employed,783000.0,605.0,0,0.0,Auto Loan,728500.0,36,10.95,23832.91,0.37,0.0,0,2024-03-15,Approved,No,,0
LN000226,Riya Pillai,Female,31.0,Single,BR005,Business Owner,244400.0,661.0,1,4609.43,Home Loan,1115300.0,180,9.39,11572.32,0.79,1542100.0,1,2024-03-03,Approved,No,,0
LN001652,Vikram Naidu,Male,36.0,Single,BR006,Business Owner,209800.0,744.0,1,3708.7,Auto Loan,215400.0,84,9.56,3527.12,0.41,0.0,0,2025-04-08,Approved,Yes,2025-10-30,117
LN004776,Saanvi Patel,Female,21.0,Married,BR017,Salaried,346400.0,639.0,1,4778.81,Personal Loan,95600.0,36,14.61,3295.78,0.28,0.0,1,2023-11-23,Approved,Yes,2025-02-20,20
LN000062,Aadhya Verma,Female,36.0,Divorced,BR001,Salaried,689200.0,,0,0.0,Auto Loan,535500.0,84,11.14,0.0,0.16,0.0,2,2025-07-01,Rejected,No,,0
LN002277,Ishita Patel,Female,42.0,Married,BR001,Salaried,275700.0,800.0,2,4203.7,Home Loan,1018100.0,300,8.0,7857.86,0.52,1329600.0,0,2024-09-07,Approved,No,,0
LN002431,Reyansh Rao,Male,41.0,Single,BR017,Salaried,546300.0,876.0,1,1265.52,Personal Loan,295600.0,12,12.24,0.0,0.61,0.0,1,2023-12-31,Rejected,No,,0
LN005282,Vivaan Mehta,Male,39.0,Married,BR004,Salaried,690100.0,662.0,1,7564.81,Personal Loan,309500.0,36,14.38,10635.19,0.32,0.0,1,2023-08-03,Approved,No,,0
LN001888,Rahul Chauhan,Male,52.0,Married,BR004,Self-Employed,1035600.0,538.0,1,7175.93,Education Loan,973800.0,120,12.62,0.0,0.25,0.0,0,2024-08-02,Rejected,No,,0
LN000132,Ishaan Rao,Male,21.0,Married,BR004,Business Owner,1070800.0,666.0,1,11227.9,Personal Loan,353000.0,48,14.34,0.0,0.23,0.0,0,2023-07-30,Rejected,No,,0
LN005227,Meera Nair,Female,26.0,Divorced,BR003,Salaried,199900.0,700.0,1,1814.29,Personal Loan,42600.0,48,14.0,1164.11,0.18,0.0,0,2023-09-01,Approved,No,,0
LN003464,Nikhil Agarwal,Male,30.0,Married,BR018,Salaried,240200.0,603.0,1,3471.6,Home Loan,882500.0,120,9.97,0.0,0.76,932700.0,0,2024-10-13,Rejected,No,,0
LN003117,Kavya Bhatt,Female,54.0,Married,BR006,Business Owner,500100.0,805.0,1,1552.84,Auto Loan,566900.0,36,8.95,18014.08,0.47,0.0,1,2024-07-30,Approved,Yes,2025-09-27,14
LN003925,Neha Malhotra,Female,38.0,Single,BR010,Self-Employed,786800.0,661.0,1,10164.98,Personal Loan,316500.0,24,14.39,15254.46,0.39,0.0,2,2023-03-08,Approved,Yes,2024-11-07,7
LN004877,Ananya Pillai,Female,31.0,Single,BR001,Self-Employed,247700.0,653.0,0,0.0,Auto Loan,160500.0,48,10.47,0.0,0.2,0.0,0,2025-10-08,Rejected,No,,0
LN002067,Riya Iyer,Female,45.0,Married,BR001,Unemployed,90000.0,712.0,0,0.0,Auto Loan,81800.0,84,9.88,0.0,0.18,0.0,0,2024-09-22,Rejected,No,,0
LN002836,Vihaan Gupta,Male,41.0,Single,BR013,Salaried,1371500.0,803.0,1,1011.99,Home Loan,8139700.0,300,7.97,62661.85,0.56,9129800.0,0,2024-09-17,Approved,Yes,2025-04-20,22
LN003864,Ishaan Kapoor,Male,37.0,Single,BR016,Salaried,184800.0,570.0,0,0.0,Personal Loan,93700.0,24,15.3,4556.57,0.3,0.0,1,2022-07-26,Approved,Yes,2022-11-14,125
LN004347,Neha Gupta,Female,28.0,Single,BR001,Salaried,490800.0,685.0,1,9288.13,Home Loan,2689700.0,180,9.15,27521.26,0.9,3266300.0,2,2022-04-21,Approved,No,,0
LN005499,Meera Verma,Female,36.0,Married,BR001,Salaried,324500.0,652.0,2,5114.56,Personal Loan,135100.0,12,14.48,12160.77,0.64,0.0,1,2025-05-05,Approved,No,,0
LN003887,Swati Rao,Female,40.0,Married,BR006,Salaried,340100.0,804.0,4,3151.15,Auto Loan,224100.0,84,8.96,0.0,0.24,0.0,1,2025-07-29,Rejected,No,,0
LN001952,Karthik Rao,Male,39.0,Married,BR003,Business Owner,1282700.0,724.0,0,0.0,Auto Loan,573000.0,84,9.76,9441.57,0.09,0.0,0,2023-05-08,Approved,Yes,2025-05-23,118
LN003589,Anil Chauhan,Male,45.0,Single,BR009,Salaried,284100.0,776.0,2,1339.63,Business Loan,227600.0,84,11.74,3986.18,0.22,311200.0,1,2024-12-02,Approved,Yes,2025-12-27,8
LN005047,Shreya Agarwal,Female,44.0,Married,BR006,Salaried,460300.0,765.0,1,7465.69,Personal Loan,49400.0,48,13.35,1333.88,0.23,0.0,0,2022-07-11,Approved,No,,0
LN001608,Rohan Chatterjee,Male,31.0,Single,BR012,Salaried,700500.0,652.0,2,10291.32,Personal Loan,134400.0,36,14.48,4624.87,0.26,0.0,0,2025-02-09,Approved,No,,0
LN001349,Karthik Malhotra,Male,27.0,Single,BR008,Business Owner,338800.0,421.0,2,1423.44,Gold Loan,72700.0,18,12.29,0.0,0.21,87100.0,2,2022-11-23,Rejected,No,,0
LN002569,Deepak Joshi,Male,31.0,Married,BR007,Unemployed,104300.0,826.0,1,225.85,Personal Loan,25000.0,24,12.74,1185.49,0.16,0.0,0,2022-07-30,Approved,Yes,2023-03-19,66
LN004705,Deepak Singh,Male,59.0,Married,BR003,Salaried,999000.0,499.0,1,18622.78,Home Loan,3778900.0,180,11.01,0.0,0.74,4647000.0,2,2025-09-27,Rejected,No,,0
LN001010,Kavya Joshi,Female,51.0,Divorced,BR015,Unemployed,148000.0,792.0,0,0.0,Auto Loan,79200.0,48,9.08,0.0,0.16,0.0,0,2025-12-02,Rejected,No,,0
LN001323,Rohan Nair,Male,42.0,Married,BR011,Business Owner,1210100.0,738.0,0,0.0,Auto Loan,1072200.0,84,9.62,17589.98,0.17,0.0,1,2024-09-23,Approved,No,,0
LN002576,Sneha Joshi,Female,40.0,Married,BR005,Self-Employed,493700.0,753.0,2,7080.36,Personal Loan,159600.0,12,13.47,0.0,0.52,0.0,0,2024-09-25,Rejected,No,,0
LN003866,Sunita Kapoor,Female,37.0,Divorced,BR007,Salaried,394900.0,549.0,1,882.93,Business Loan,343000.0,36,14.01,0.0,0.38,418600.0,2,2023-03-15,Rejected,No,,0
LN002975,Amit Kapoor,Male,25.0,Married,BR011,Business Owner,,496.0,0,0.0,Gold Loan,208200.0,6,11.54,35877.26,0.56,220000.0,2,2022-04-11,Approved,Yes,2022-08-09,95
LN003564,Ishaan Chauhan,Male,46.0,Single,BR005,Salaried,261500.0,787.0,1,3075.26,Home Loan,850300.0,120,8.13,10374.99,0.62,1151100.0,1,2024-03-03,Approved,No,,0
LN004550,Amit Verma,Male,37.0,Married,BR010,Salaried,666500.0,583.0,1,13052.83,Home Loan,3443800.0,120,10.17,45834.88,1.06,3776400.0,1,2024-03-21,Approved,Yes,2025-04-28,90
LN005496,Saanvi Bhatt,Female,46.0,Married,BR015,Salaried,150800.0,619.0,3,570.94,Auto Loan,75500.0,60,10.81,1634.41,0.18,0.0,1,2025-01-19,Approved,No,,0
LN002115,Krishna Das,Male,59.0,Single,BR008,Unemployed,241900.0,677.0,1,605.61,Business Loan,297000.0,24,12.73,0.0,0.73,363100.0,1,2023-01-12,Rejected,No,,0
LN002075,Kavya Agarwal,Female,53.0,Married,BR008,Salaried,243400.0,723.0,0,0.0,Home Loan,1197500.0,180,8.77,11982.55,0.59,1295900.0,0,2025-10-21,Approved,No,,0
LN001328,Anil Patel,Male,,Single,BR012,Salaried,593300.0,722.0,0,0.0,Personal Loan,235600.0,12,13.78,21129.46,0.43,0.0,0,2024-01-10,Approved,Yes,2024-04-02,161
LN003246,Riya Reddy,Female,28.0,Single,BR008,Unemployed,153700.0,658.0,2,2541.07,Home Loan,656300.0,240,9.42,0.0,0.67,818600.0,0,2024-11-06,Rejected,No,,0
LN003680,Riya Kapoor,Female,27.0,Single,BR009,Self-Employed,859400.0,698.0,1,10722.06,Education Loan,826600.0,120,11.02,11395.78,0.31,0.0,0,2022-08-19,Approved,No,,0
LN003467,Manish Das,Male,43.0,Married,BR011,Business Owner,295000.0,843.0,1,4123.09,Home Loan,1726200.0,300,7.57,12835.17,0.69,1887000.0,0,2023-08-25,Approved,No,,0
LN005228,Kavya Agarwal,Female,44.0,Single,BR001,Salaried,426200.0,636.0,0,0.0,Personal Loan,230000.0,36,14.64,7932.54,0.22,0.0,2,2025-10-01,Approved,No,,0
LN000862,Kavya Kapoor,Female,,Married,BR018,Salaried,466800.0,605.0,1,7858.49,Gold Loan,25000.0,18,10.45,1506.61,0.24,30900.0,0,2023-05-22,Approved,No,,0
LN002068,Amit Naidu,Male,29.0,Married,BR001,Unemployed,100800.0,644.0,0,0.0,Business Loan,245600.0,24,13.06,0.0,1.39,299200.0,3,2024-10-30,Rejected,No,,0
LN002255,Riya Nair,Female,24.0,Married,BR002,Salaried,841400.0,645.0,1,11083.03,Business Loan,1283400.0,60,13.05,0.0,0.58,1682400.0,1,2025-05-21,Rejected,No,,0
LN001237,Suresh Rao,Male,28.0,Divorced,BR016,Business Owner,439600.0,773.0,0,0.0,Personal Loan,95400.0,12,13.27,8532.96,0.23,0.0,0,2023-03-30,Approved,No,,0
LN000724,Deepak Nair,Male,21.0,Single,BR015,Salaried,621600.0,824.0,0,0.0,Business Loan,1048700.0,36,11.26,34462.36,0.67,1379200.0,0,2022-06-23,Approved,No,,0
LN002311,Saanvi Naidu,Female,34.0,Divorced,BR002,Business Owner,682700.0,579.0,2,12910.87,Personal Loan,272700.0,48,15.21,7618.51,0.36,0.0,2,2023-12-27,Approved,Yes,2024-02-11,8
LN003761,Vivaan Bhatt,Male,34.0,Single,BR007,Salaried,644800.0,666.0,2,11570.79,Auto Loan,735600.0,48,10.34,0.0,0.56,0.0,1,2023-11-28,Rejected,No,,0
LN001340,Reyansh Verma,Male,50.0,Married,BR005,Self-Employed,,637.0,0,0.0,Home Loan,1741700.0,300,9.63,15374.86,0.41,2088200.0,0,2023-05-21,Approved,No,,0
LN003512,Anjali Bhatt,Female,21.0,Single,BR017,Self-Employed,572800.0,673.0,0,0.0,Education Loan,210000.0,36,11.27,6902.01,0.14,0.0,0,2025-02-06,Approved,No,,0
LN002523,Nikhil Singh,Male,42.0,Divorced,BR001,Self-Employed,365000.0,802.0,1,4291.94,Home Loan,1504100.0,300,7.98,11588.97,0.52,1784800.0,0,2023-12-01,Approved,No,,0
LN002806,Aadhya Reddy,Female,38.0,Married,BR001,Self-Employed,1230600.0,779.0,1,4433.24,Gold Loan,254700.0,24,8.71,11602.04,0.16,292100.0,1,2025-08-04,Approved,No,,0
LN002081,Karthik Sharma,Male,31.0,Married,BR016,Business Owner,722000.0,531.0,2,14921.39,Auto Loan,764700.0,84,11.69,0.0,0.47,0.0,1,2024-06-09,Rejected,No,,0
LN004646,Krishna Das,Male,41.0,Single,BR003,Salaried,249600.0,660.0,0,0.0,Home Loan,1108300.0,300,9.4,9606.25,0.46,1204400.0,1,2022-04-26,Approved,Yes,2023-02-12,22
LN002358,Kavya Kapoor,Female,32.0,Single,BR011,Business Owner,442400.0,557.0,1,2340.66,Home Loan,2309200.0,180,10.43,0.0,0.75,2678600.0,1,2025-11-09,Rejected,No,,0
LN001915,Vivaan Iyer,Male,47.0,Married,BR005,Business Owner,1725600.0,663.0,1,7295.38,Gold Loan,94000.0,6,9.87,0.0,0.16,123400.0,1,2025-02-15,Rejected,No,,0
LN004943,Kritika Rao,Female,21.0,Married,BR016,Salaried,651300.0,638.0,0,0.0,Auto Loan,528500.0,60,10.62,11390.97,0.21,0.0,0,2025-02-18,Approved,No,,0
LN002611,Sunita Sharma,Female,21.0,Single,BR005,Unemployed,105000.0,792.0,0,0.0,Personal Loan,51800.0,36,13.08,0.0,0.2,0.0,0,2025-10-14,Rejected,No,,0
LN003411,Rohan Kapoor,Male,27.0,Single,BR007,Salaried,454500.0,528.0,0,0.0,Home Loan,1784600.0,300,10.72,17131.05,0.45,2101600.0,2,2025-05-05,Approved,Yes,2025-08-29,166
LN004242,Priya Verma,Female,28.0,Divorced,BR003,Salaried,293900.0,811.0,0,0.0,Home Loan,1640600.0,300,7.89,12543.1,0.51,2273100.0,0,2022-09-11,Approved,No,,0
LN003985,Saanvi Verma,Female,52.0,Single,BR005,Business Owner,2232900.0,809.0,0,0.0,Personal Loan,928300.0,48,12.91,24862.52,0.13,0.0,1,2023-05-06,Approved,No,,0
LN004813,Deepak Naidu,Male,39.0,Married,BR008,Salaried,173900.0,584.0,0,0.0,Home Loan,975800.0,300,10.16,8977.4,0.62,1130900.0,1,2022-06-08,Approved,No,,0
LN004586,Krishna Reddy,Male,50.0,Married,BR006,Business Owner,532500.0,829.0,0,0.0,Business Loan,1216100.0,36,11.21,0.0,0.9,1433700.0,1,2023-07-14,Rejected,No,,0
LN004619,Anjali Verma,Female,33.0,Divorced,BR007,Salaried,584700.0,731.0,1,6741.79,Business Loan,736000.0,84,12.19,13067.31,0.41,926300.0,0,2022-12-03,Approved,No,,0
LN003963,Deepak Patel,Male,30.0,Married,BR005,Business Owner,1338400.0,512.0,0,0.0,Home Loan,5354100.0,300,10.88,0.0,0.47,5482400.0,1,2022-08-21,Rejected,No,,0
LN001417,Riya Kapoor,Female,21.0,Single,BR009,Salaried,801600.0,717.0,1,7309.29,Personal Loan,221900.0,36,13.83,7565.71,0.22,0.0,1,2023-07-21,Approved,No,,0
LN000121,Geeta Reddy,Female,55.0,Married,BR012,Salaried,824300.0,529.0,1,4945.85,Education Loan,384200.0,36,12.71,0.0,0.26,0.0,2,2023-11-10,Rejected,No,,0
LN001714,Krishna Naidu,Male,30.0,Married,BR003,Salaried,661300.0,693.0,1,5993.42,Education Loan,354100.0,36,11.07,11604.52,0.32,0.0,0,2025-05-07,Approved,No,,0
LN003451,Nikhil Naidu,Male,30.0,Married,BR001,Self-Employed,229700.0,734.0,0,0.0,Home Loan,1056000.0,120,8.66,13183.43,0.69,1188500.0,0,2022-02-09,Approved,No,,0
LN003071,Rekha Mehta,Female,27.0,Married,BR002,Self-Employed,685500.0,765.0,0,0.0,Gold Loan,169100.0,24,8.85,7713.66,0.14,233600.0,0,2022-03-28,Approved,No,,0
LN000539,Kritika Malhotra,Female,31.0,Single,BR017,Salaried,343600.0,721.0,0,0.0,Personal Loan,154400.0,24,13.79,7397.88,0.26,0.0,0,2023-07-10,Approved,No,,0
LN001209,Arjun Malhotra,Male,48.0,Married,BR010,Self-Employed,814900.0,723.0,0,0.0,Home Loan,2711700.0,240,8.77,23998.2,0.35,3237100.0,1,2022-11-10,Approved,No,,0
LN000943,Rohan Kapoor,Male,42.0,Married,BR001,Business Owner,545600.0,736.0,1,7479.63,Personal Loan,191900.0,36,13.64,6525.18,0.31,0.0,0,2023-02-27,Approved,No,,0
LN004632,Vikram Pillai,Male,35.0,Married,BR016,Salaried,281300.0,606.0,1,2668.37,Personal Loan,152600.0,12,14.94,0.0,0.7,0.0,2,2023-02-12,Rejected,No,,0
LN002251,Kritika Reddy,Female,43.0,Married,BR003,Salaried,173000.0,685.0,1,1468.42,Auto Loan,167600.0,36,10.15,5419.79,0.48,0.0,0,2022-10-30,Approved,No,,0
LN003856,Ishita Chauhan,Female,,Single,BR005,Salaried,345600.0,758.0,1,6723.46,Gold Loan,67800.0,6,8.92,11595.8,0.64,77800.0,0,2023-05-03,Approved,No,,0
LN003561,Pooja Reddy,Female,32.0,Married,BR008,Business Owner,409400.0,654.0,0,0.0,Business Loan,309700.0,24,12.96,14717.88,0.43,392300.0,1,2023-12-26,Approved,No,,0
LN002724,Kritika Sharma,Female,33.0,Married,BR009,Self-Employed,216900.0,384.0,1,237.63,Auto Loan,225100.0,60,13.16,0.0,0.3,0.0,1,2023-04-09,Rejected,No,,0
LN004192,Anjali Patel,Female,21.0,Married,BR003,Salaried,377400.0,621.0,0,0.0,Business Loan,261500.0,60,13.29,5988.82,0.19,339200.0,1,2024-06-06,Approved,No,,0
LN004643,Anil Singh,Male,34.0,Married,BR001,Salaried,417200.0,585.0,0,0.0,Business Loan,970500.0,84,13.65,18000.06,0.52,1164000.0,4,2023-08-26,Approved,No,,0
LN001681,Suresh Joshi,Male,44.0,Married,BR007,Business Owner,865600.0,846.0,1,10172.97,Gold Loan,222200.0,12,8.04,19332.94,0.41,297200.0,1,2025-11-05,Approved,Yes,2025-12-13,1
LN001406,Vikram Iyer,Male,24.0,Married,BR011,Salaried,335200.0,752.0,0,0.0,Home Loan,1889400.0,300,8.48,15188.5,0.54,2574000.0,1,2022-11-16,Approved,No,,0
LN002638,Suresh Kapoor,Male,48.0,Married,BR004,Salaried,351300.0,855.0,1,704.15,Business Loan,272300.0,60,10.95,5913.67,0.23,369100.0,1,2024-08-11,Approved,No,,0
LN001532,Rohan Verma,Male,42.0,Married,BR008,Self-Employed,192600.0,609.0,0,0.0,Home Loan,681600.0,240,9.91,0.0,0.41,909900.0,1,2023-11-23,Rejected,No,,0
LN005067,Anil Chauhan,Male,39.0,Married,BR003,Self-Employed,344800.0,667.0,1,3955.91,Education Loan,327400.0,60,11.33,0.0,0.39,0.0,0,2022-06-29,Rejected,No,,0
LN002484,Sunita Nair,Female,33.0,Single,BR001,Salaried,1620300.0,828.0,0,0.0,Home Loan,8320800.0,180,7.72,78178.76,0.58,8628700.0,1,2024-04-25,Approved,No,,0
LN001064,Krishna Chauhan,Male,31.0,Married,BR007,Business Owner,517700.0,618.0,3,764.78,Auto Loan,602200.0,60,10.82,13039.29,0.32,0.0,1,2022-06-11,Approved,Yes,2023-03-15,104
LN004010,Arjun Chatterjee,Male,30.0,Married,BR005,Self-Employed,256400.0,668.0,0,0.0,Personal Loan,58700.0,12,14.32,0.0,0.25,0.0,0,2025-02-10,Rejected,No,,0
LN004048,Sunita Reddy,Female,21.0,Married,BR003,Self-Employed,640400.0,642.0,1,9706.89,Personal Loan,227300.0,24,14.58,0.0,0.39,0.0,4,2023-09-12,Rejected,No,,0
LN005137,Rohan Agarwal,Male,37.0,Married,BR010,Salaried,454700.0,693.0,3,8026.28,Auto Loan,315200.0,36,10.07,10180.98,0.48,0.0,2,2024-07-16,Approved,No,,0
LN000290,Anil Bhatt,Male,42.0,Single,BR014,Salaried,279500.0,650.0,0,0.0,Auto Loan,153200.0,48,10.5,3922.44,0.17,0.0,1,2024-03-13,Approved,No,,0
LN001147,Vihaan Verma,Male,40.0,Married,BR003,Unemployed,238500.0,596.0,0,0.0,Personal Loan,25000.0,24,15.04,0.0,0.06,0.0,1,2024-08-14,Rejected,No,,0
LN002287,Geeta Patel,Female,21.0,Married,BR014,Self-Employed,109000.0,542.0,2,1637.14,Personal Loan,47500.0,24,15.58,0.0,0.44,0.0,1,2024-03-14,Rejected,No,,0
LN001469,Ishaan Nair,Male,33.0,Married,BR011,Salaried,399000.0,631.0,1,2409.61,Personal Loan,209600.0,36,14.69,0.0,0.29,0.0,1,2022-10-31,Rejected,No,,0
LN005210,Rajesh Iyer,Male,35.0,Married,BR005,Self-Employed,131000.0,669.0,1,1122.69,Business Loan,196800.0,36,12.81,0.0,0.71,269900.0,1,2022-05-22,Rejected,No,,0
LN000587,Priya Reddy,Female,40.0,Single,BR007,Self-Employed,451500.0,734.0,1,3319.64,Auto Loan,531000.0,84,9.66,0.0,0.32,0.0,1,2025-04-02,Rejected,No,,0
LN000972,Swati Naidu,Female,40.0,Single,BR011,Salaried,667600.0,755.0,0,0.0,Home Loan,2576000.0,120,8.45,31869.87,0.57,3526700.0,0,2024-10-19,Approved,No,,0
LN002411,Vihaan Malhotra,Male,40.0,Married,BR001,Salaried,276300.0,536.0,0,0.0,Home Loan,1175300.0,300,10.64,0.0,0.49,1363600.0,0,2023-06-08,Rejected,No,,0
LN000626,Rohan Agarwal,Male,50.0,Married,BR016,Self-Employed,573600.0,626.0,1,4851.66,Auto Loan,478700.0,48,10.74,12311.9,0.36,0.0,1,2023-08-03,Approved,No,,0
LN000308,Shreya Patel,Female,29.0,Married,BR011,Salaried,581800.0,551.0,0,0.0,Home Loan,2799700.0,240,10.49,27932.84,0.58,2879900.0,2,2025-03-09,Approved,No,,0
LN000352,Vikram Reddy,Male,45.0,Married,BR016,Salaried,561100.0,741.0,0,0.0,Home Loan,3354000.0,120,8.59,41746.42,0.89,3580800.0,0,2022-03-10,Approved,No,,0
LN000705,Vikram Chauhan,Male,38.0,Married,BR015,Self-Employed,908000.0,702.0,1,6039.62,Auto Loan,749800.0,60,9.98,15923.66,0.29,0.0,1,2025-05-11,Approved,Yes,2025-09-01,62
LN003950,Geeta Rao,Female,41.0,Married,BR003,Business Owner,153800.0,779.0,0,0.0,Auto Loan,83600.0,48,9.21,2088.74,0.16,0.0,0,2025-03-02,Approved,No,,0
LN001412,Aarav Sharma,Male,,Single,BR010,Business Owner,179900.0,575.0,1,3074.63,Business Loan,321700.0,36,13.75,10955.92,0.94,351300.0,3,2022-10-12,Approved,No,,0
LN002103,Anil Agarwal,Male,45.0,Divorced,BR001,Salaried,359600.0,784.0,1,266.26,Personal Loan,208200.0,36,13.16,7031.14,0.24,0.0,0,2023-06-29,Approved,No,,0
LN003301,Vihaan Iyer,Male,27.0,Divorced,BR003,Salaried,577500.0,583.0,1,7746.3,Gold Loan,61400.0,24,10.67,2852.32,0.22,65400.0,1,2023-08-10,Approved,Yes,2023-11-11,55
LN000586,Krishna Pillai,Male,55.0,Married,BR007,Salaried,327200.0,702.0,3,6106.67,Personal Loan,179300.0,12,13.98,16097.14,0.81,0.0,1,2024-01-06,Approved,Yes,2024-03-18,42
LN003997,Neha Mehta,Female,26.0,Single,BR017,Self-Employed,415700.0,667.0,1,4032.39,Education Loan,309400.0,120,11.33,0.0,0.24,0.0,0,2022-03-18,Rejected,No,,0
LN000753,Divya Rao,Female,33.0,Single,BR010,Salaried,265200.0,614.0,0,0.0,Auto Loan,142700.0,84,10.86,0.0,0.11,0.0,1,2025-01-14,Rejected,No,,0
LN000712,Manish Verma,Male,30.0,Single,BR001,Business Owner,310000.0,569.0,0,0.0,Auto Loan,258400.0,48,11.31,6717.45,0.26,0.0,2,2023-01-09,Approved,No,,0
LN003227,Ishita Chauhan,Female,22.0,Married,BR015,Salaried,353300.0,698.0,0,0.0,Home Loan,2061000.0,300,9.02,17324.07,0.59,2252700.0,1,2023-06-30,Approved,No,,0
LN004016,Aditya Iyer,Male,43.0,Single,BR002,Business Owner,991700.0,606.0,1,11501.61,Personal Loan,478300.0,24,14.94,23177.53,0.42,0.0,4,2023-02-06,Approved,Yes,2024-11-30,15
LN004245,Suresh Sharma,Male,34.0,Married,BR010,Business Owner,287400.0,677.0,0,0.0,Personal Loan,161900.0,36,14.23,0.0,0.23,0.0,1,2023-09-01,Rejected,No,,0
LN001655,Sai Agarwal,Male,31.0,Married,BR002,Self-Employed,465700.0,795.0,0,0.0,Personal Loan,212200.0,12,13.05,0.0,0.49,0.0,0,2022-02-26,Rejected,No,,0
LN003269,Arjun Pillai,Male,45.0,Married,BR015,Salaried,280600.0,668.0,0,0.0,Personal Loan,95900.0,48,14.32,2636.03,0.11,0.0,0,2024-06-05,Approved,No,,0
LN001629,Rajesh Agarwal,Male,46.0,Married,BR004,Self-Employed,517800.0,595.0,3,9035.49,Business Loan,817300.0,84,13.55,0.0,0.56,1066400.0,2,2023-07-21,Rejected,No,,0
LN001897,Rajesh Gupta,Male,54.0,Married,BR015,Salaried,437700.0,747.0,1,1048.69,Home Loan,2347500.0,240,8.53,20416.75,0.59,2624700.0,2,2024-12-16,Approved,Yes,2025-11-25,88
LN002430,Sunita Malhotra,Female,38.0,Single,BR001,Salaried,726600.0,801.0,0,0.0,Home Loan,2926500.0,120,7.99,0.0,0.59,3211600.0,0,2024-09-23,Rejected,No,,0
LN003729,Anjali Mehta,Female,48.0,Married,BR004,Salaried,681100.0,755.0,1,3030.86,Business Loan,953800.0,24,11.95,44876.41,0.84,1272000.0,0,2024-01-13,Approved,No,,0
LN003793,Priya Naidu,Female,46.0,Married,BR007,Business Owner,245100.0,737.0,0,0.0,Home Loan,1202900.0,180,8.63,11937.27,0.58,1299700.0,0,2022-07-27,Approved,No,,0
LN002499,Kritika Nair,Female,41.0,Married,BR007,Salaried,210200.0,492.0,0,0.0,Gold Loan,37100.0,12,11.58,0.0,0.19,48200.0,2,2024-03-29,Rejected,No,,0
LN002488,Swati Naidu,Female,43.0,Married,BR001,Business Owner,4369800.0,709.0,3,57937.81,Auto Loan,2300200.0,60,9.91,48770.65,0.29,0.0,0,2024-09-04,Approved,No,,0
LN000144,Rekha Iyer,Female,55.0,Single,BR005,Salaried,,774.0,2,1583.98,Personal Loan,66600.0,48,13.26,0.0,0.09,0.0,0,2023-07-13,Rejected,No,,0
LN000547,Sneha Malhotra,Female,43.0,Married,BR007,Business Owner,873300.0,731.0,1,16500.54,Personal Loan,106700.0,24,13.69,0.0,0.3,0.0,0,2022-05-18,Rejected,No,,0
LN005031,Saanvi Pillai,Female,40.0,Single,BR001,Self-Employed,1165500.0,603.0,0,0.0,Auto Loan,1389800.0,36,10.97,0.0,0.47,0.0,1,2024-12-22,Rejected,No,,0
LN001171,Pooja Kapoor,Female,40.0,Married,BR003,Self-Employed,239100.0,759.0,0,0.0,Education Loan,204400.0,36,10.41,0.0,0.33,0.0,0,2024-02-07,Rejected,No,,0
LN002948,Neha Pillai,Female,29.0,Married,BR018,Salaried,1163100.0,686.0,1,19408.46,Home Loan,5976500.0,300,9.14,50728.78,0.72,8028400.0,0,2025-10-08,Approved,No,,0
LN005029,Anil Gupta,Male,29.0,Single,BR005,Salaried,676300.0,720.0,0,0.0,Personal Loan,402400.0,12,13.8,36092.48,0.64,0.0,2,2025-10-14,Approved,No,,0
LN002240,Riya Chatterjee,Female,43.0,Married,BR018,Self-Employed,,741.0,0,0.0,Personal Loan,87700.0,36,13.59,2979.94,0.11,0.0,0,2022-07-13,Approved,No,,0
LN004879,Amit Bhatt,Male,44.0,Married,BR002,Salaried,383300.0,804.0,2,7648.73,Education Loan,269700.0,120,9.96,3558.13,0.35,0.0,0,2025-05-09,Approved,No,,0
LN002226,Shreya Joshi,Female,21.0,Married,BR010,Self-Employed,192800.0,740.0,1,594.91,Home Loan,786700.0,180,8.6,7793.13,0.52,1003200.0,0,2022-09-28,Approved,No,,0
LN000592,Anil Joshi,Male,51.0,Married,BR001,Salaried,226800.0,717.0,0,0.0,Home Loan,1329600.0,120,8.83,0.0,0.88,1775600.0,0,2023-08-20,Rejected,No,,0
LN000155,Diya Sharma,Female,34.0,Married,BR015,Salaried,663400.0,633.0,0,0.0,Personal Loan,284600.0,48,14.67,0.0,0.14,0.0,1,2023-11-19,Rejected,No,,0
LN005115,Suresh Singh,Male,45.0,Single,BR005,Salaried,638500.0,651.0,1,2321.43,Business Loan,867200.0,60,12.99,19727.03,0.41,969200.0,1,2022-05-04,Approved,No,,0
LN003419,Aarav Mehta,Male,48.0,Single,BR008,Unemployed,124200.0,429.0,2,958.55,Auto Loan,143400.0,36,12.71,0.0,0.56,0.0,0,2025-03-05,Rejected,No,,0
LN004492,Sneha Agarwal,Female,34.0,Single,BR007,Business Owner,1856600.0,622.0,0,0.0,Personal Loan,209500.0,36,14.78,7239.84,0.05,0.0,0,2022-11-25,Approved,No,,0
LN001795,Rajesh Nair,Male,43.0,Married,BR001,Self-Employed,342900.0,596.0,0,0.0,Business Loan,299900.0,24,13.54,14333.98,0.5,417300.0,2,2025-02-18,Approved,No,,0
LN001884,Reyansh Reddy,Male,38.0,Married,BR011,Self-Employed,209400.0,688.0,2,1738.72,Auto Loan,181000.0,36,10.12,5850.56,0.43,0.0,1,2025-06-20,Approved,No,,0
LN002177,Saanvi Naidu,Female,40.0,Married,BR004,Business Owner,399200.0,544.0,0,0.0,Home Loan,2057900.0,180,10.56,0.0,0.69,2625500.0,2,2022-05-08,Rejected,No,,0
LN001961,Rajesh Kapoor,Male,21.0,Married,BR007,Salaried,428400.0,709.0,1,4164.22,Auto Loan,243800.0,48,9.91,6172.87,0.29,0.0,0,2023-07-03,Approved,Yes,2025-05-09,23
LN002148,Aditya Joshi,Male,35.0,Single,BR003,Salaried,142600.0,515.0,0,0.0,Auto Loan,161300.0,84,11.85,2834.46,0.24,0.0,1,2025-08-27,Approved,Yes,2025-12-13,187
LN002403,Karthik Agarwal,Male,49.0,Divorced,BR011,Self-Employed,333300.0,732.0,2,1403.39,Home Loan,1059400.0,120,8.68,13237.25,0.53,1075600.0,0,2024-06-21,Approved,No,,0
LN001705,Meera Mehta,Female,33.0,Married,BR006,Self-Employed,261500.0,675.0,1,3076.34,Personal Loan,130200.0,48,14.25,0.0,0.31,0.0,0,2022-03-03,Rejected,No,,0
LN001052,Sneha Singh,Female,40.0,Divorced,BR011,Salaried,220700.0,787.0,0,0.0,Education Loan,152900.0,120,10.13,0.0,0.11,0.0,1,2024-10-28,Rejected,No,,0
LN005120,Kritika Mehta,Female,53.0,Single,BR008,Salaried,723400.0,680.0,0,0.0,Business Loan,559100.0,60,12.7,12635.55,0.21,559900.0,0,2022-05-07,Approved,No,,0
LN002112,Arjun Malhotra,Male,21.0,Married,BR002,Salaried,718000.0,717.0,1,7490.0,Home Loan,3198100.0,180,8.83,32114.64,0.66,3417800.0,1,2022-12-30,Approved,No,,0
LN005488,Rajesh Iyer,Male,42.0,Married,BR018,Salaried,494500.0,706.0,1,7518.15,Home Loan,2879000.0,180,8.94,0.0,0.89,4027200.0,0,2023-09-29,Rejected,No,,0
LN001436,Aadhya Naidu,Female,48.0,Married,BR013,Salaried,349100.0,533.0,0,0.0,Gold Loan,85400.0,24,11.17,0.0,0.14,100800.0,1,2023-05-03,Rejected,No,,0
LN002780,Krishna Agarwal,Male,27.0,Single,BR005,Salaried,332900.0,652.0,1,2267.76,Personal Loan,79800.0,24,14.48,3849.55,0.22,0.0,0,2025-11-21,Approved,No,,0
LN004880,Ishita Bhatt,Female,,Single,BR007,Salaried,392800.0,715.0,0,0.0,Auto Loan,225800.0,48,9.85,0.0,0.17,0.0,0,2023-12-27,Rejected,No,,0
LN001594,Arjun Gupta,Male,23.0,Divorced,BR013,Salaried,194200.0,786.0,0,0.0,Auto Loan,187000.0,36,9.14,0.0,0.37,0.0,1,2023-12-24,Rejected,No,,0
LN004612,Anil Rao,Male,34.0,Married,BR009,Business Owner,1026700.0,653.0,3,11138.51,Home Loan,4951900.0,240,9.47,46061.24,0.67,6642400.0,0,2024-10-20,Approved,No,,0
LN002468,Anil Gupta,Male,28.0,Married,BR003,Business Owner,,821.0,0,0.0,Home Loan,2796300.0,300,7.79,21194.75,0.32,3159800.0,1,2024-08-30,Approved,No,,0
LN000564,Sai Iyer,Male,41.0,Single,BR011,Business Owner,193000.0,450.0,0,0.0,Business Loan,427300.0,84,15.0,8245.5,0.51,490600.0,2,2022-07-14,Approved,No,,0
LN003980,Krishna Reddy,Male,30.0,Married,BR012,Self-Employed,168400.0,621.0,0,0.0,Business Loan,385400.0,84,13.29,0.0,0.5,448300.0,1,2024-12-01,Rejected,No,,0
LN004206,Rajesh Kapoor,Male,43.0,Married,BR010,Self-Employed,457000.0,604.0,0,0.0,Gold Loan,51700.0,18,10.46,0.0,0.08,65900.0,1,2024-09-18,Rejected,No,,0
LN004940,Kavya Nair,Female,25.0,Married,BR012,Salaried,431100.0,732.0,1,7027.75,Home Loan,1351200.0,120,8.68,16883.3,0.67,1843200.0,0,2022-09-17,Approved,No,,0
LN004439,Rohan Chauhan,Male,54.0,Single,BR005,Salaried,663800.0,513.0,1,13405.93,Auto Loan,385200.0,60,11.87,8543.28,0.4,0.0,0,2022-03-20,Approved,Yes,2023-03-04,5
LN002750,Nikhil Joshi,Male,42.0,Married,BR011,Salaried,273200.0,591.0,0,0.0,Gold Loan,48100.0,6,10.59,8266.09,0.36,66400.0,2,2024-01-02,Approved,No,,0
LN002510,Kritika Bhatt,Female,61.0,Single,BR009,Self-Employed,225000.0,746.0,1,1398.7,Personal Loan,114400.0,12,13.54,10246.9,0.62,0.0,0,2024-11-26,Approved,No,,0
LN001581,Rahul Chatterjee,Male,49.0,Single,BR003,Salaried,806000.0,672.0,0,0.0,Personal Loan,159500.0,24,14.28,7679.17,0.11,0.0,0,2025-03-07,Approved,No,,0
LN003823,Rajesh Chauhan,Male,26.0,Single,BR012,Self-Employed,364700.0,759.0,0,0.0,Home Loan,2038800.0,300,8.41,16293.5,0.54,2669800.0,0,2022-03-27,Approved,No,,0
LN000203,Aarav Verma,Male,,Single,BR014,Salaried,408700.0,718.0,1,5061.41,Auto Loan,231900.0,36,9.82,7463.18,0.37,0.0,0,2022-03-10,Approved,Yes,2024-02-02,1
LN004289,Vihaan Kapoor,Male,61.0,Married,BR001,Salaried,448700.0,846.0,0,0.0,Education Loan,183200.0,120,9.54,2374.58,0.06,0.0,0,2025-02-27,Approved,No,,0
LN001198,Reyansh Reddy,Male,52.0,Single,BR001,Salaried,845200.0,578.0,0,0.0,Education Loan,356400.0,84,12.22,0.0,0.09,0.0,3,2024-09-16,Rejected,No,,0
LN004000,Krishna Rao,Male,44.0,Single,BR002,Salaried,208400.0,627.0,0,0.0,Gold Loan,40100.0,24,10.23,1854.67,0.11,48900.0,2,2025-08-12,Approved,No,,0
LN004781,Aarav Bhatt,Male,38.0,Divorced,BR001,Salaried,387100.0,768.0,0,0.0,Gold Loan,98900.0,6,8.82,16909.95,0.52,137500.0,0,2024-03-07,Approved,Yes,2024-05-14,59
LN002992,Sneha Naidu,Female,31.0,Married,BR018,Self-Employed,873000.0,708.0,1,10072.45,Personal Loan,141700.0,48,13.92,0.0,0.19,0.0,0,2023-09-20,Rejected,No,,0
LN004205,Ananya Sharma,Female,44.0,Married,BR017,Unemployed,193800.0,646.0,1,758.06,Education Loan,149200.0,60,11.54,0.0,0.25,0.0,2,2025-11-08,Rejected,No,,0
LN001847,Arjun Das,Male,23.0,Married,BR005,Self-Employed,578900.0,661.0,2,9089.92,Personal Loan,297700.0,48,14.39,0.0,0.36,0.0,2,2022-09-20,Rejected,No,,0
LN002433,Amit Pillai,Male,52.0,Single,BR008,Self-Employed,547500.0,636.0,0,0.0,Auto Loan,372700.0,36,10.64,0.0,0.27,0.0,1,2022-04-13,Rejected,No,,0
LN000559,Ishita Chauhan,Female,22.0,Married,BR014,Salaried,326500.0,563.0,0,0.0,Personal Loan,146000.0,12,15.37,13203.22,0.49,0.0,0,2025-09-24,Approved,Yes,2025-11-29,79
LN002477,Rahul Chatterjee,Male,45.0,Single,BR008,Salaried,718600.0,780.0,1,8106.05,Business Loan,1646400.0,84,11.7,28799.98,0.62,1733700.0,0,2025-09-20,Approved,No,,0
LN003481,Pooja Bhatt,Female,32.0,Married,BR007,Salaried,415600.0,624.0,0,0.0,Auto Loan,338400.0,48,10.76,8706.74,0.25,0.0,2,2022-06-17,Approved,No,,0
LN000038,Vikram Joshi,Male,48.0,Single,BR012,Salaried,171400.0,675.0,3,2858.83,Auto Loan,157200.0,36,10.25,5090.87,0.56,0.0,1,2025-11-21,Approved,Yes,2025-12-30,28
LN000426,Deepak Sharma,Male,43.0,Married,BR004,Business Owner,1103900.0,875.0,1,2903.61,Education Loan,606100.0,60,9.25,12655.31,0.17,0.0,0,2024-10-02,Approved,No,,0
LN004013,Amit Naidu,Male,30.0,Married,BR015,Business Owner,638900.0,712.0,1,13131.56,Auto Loan,602600.0,36,9.88,19410.27,0.61,0.0,1,2024-05-02,Approved,No,,0
LN002214,Rahul Mehta,Male,32.0,Single,BR018,Business Owner,182400.0,640.0,1,3473.94,Home Loan,981600.0,120,9.6,12755.47,1.07,1284000.0,1,2024-03-17,Approved,No,,0
LN002644,Nikhil Nair,Male,44.0,Single,BR008,Unemployed,130500.0,638.0,0,0.0,Education Loan,101900.0,36,11.62,0.0,0.31,0.0,1,2022-10-06,Rejected,No,,0
LN003507,Vihaan Reddy,Male,52.0,Married,BR012,Business Owner,585200.0,796.0,1,6592.54,Personal Loan,200000.0,24,13.04,9512.12,0.33,0.0,0,2022-05-07,Approved,No,,0
LN002290,Krishna Sharma,Male,47.0,Married,BR003,Salaried,484700.0,654.0,0,0.0,Home Loan,1795300.0,240,9.46,0.0,0.41,2097400.0,1,2024-01-05,Rejected,No,,0
LN003278,Suresh Iyer,Male,38.0,Married,BR001,Salaried,541700.0,664.0,1,1865.79,Personal Loan,149700.0,24,14.36,7213.01,0.2,0.0,1,2024-12-16,Approved,No,,0
LN000109,Aadhya Reddy,Female,31.0,Married,BR005,Salaried,607200.0,735.0,2,1445.11,Auto Loan,252700.0,84,9.65,4149.56,0.11,0.0,0,2022-10-30,Approved,No,,0
LN003412,Rajesh Kapoor,Male,27.0,Married,BR007,Salaried,306200.0,683.0,3,6227.59,Personal Loan,74400.0,24,14.17,3578.14,0.38,0.0,0,2023-03-19,Approved,No,,0
LN000498,Ananya Chauhan,Female,28.0,Divorced,BR008,Salaried,233200.0,691.0,1,2796.7,Auto Loan,217800.0,84,10.09,0.0,0.33,0.0,1,2022-08-13,Rejected,No,,0
LN003812,Deepak Agarwal,Male,40.0,Divorced,BR007,Salaried,1477800.0,616.0,1,12623.26,Personal Loan,871400.0,12,14.84,0.0,0.74,0.0,0,2024-08-30,Rejected,No,,0
LN002307,Sai Singh,Male,27.0,Married,BR014,Self-Employed,808300.0,,1,15824.22,Personal Loan,182800.0,24,14.55,8824.33,0.37,0.0,1,2023-09-30,Approved,No,,0
LN002211,Riya Bhatt,Female,25.0,Single,BR010,Salaried,958800.0,756.0,1,2251.62,Business Loan,2233100.0,60,11.94,49606.4,0.65,2687800.0,0,2024-12-22,Approved,No,,0
LN004463,Geeta Iyer,Female,42.0,Single,BR011,Self-Employed,225200.0,677.0,0,0.0,Personal Loan,30000.0,36,14.23,0.0,0.05,0.0,1,2023-02-07,Rejected,No,,0
LN001813,Anil Patel,Male,27.0,Married,BR008,Salaried,239100.0,686.0,0,0.0,Home Loan,1192100.0,120,9.14,15191.49,0.76,1269200.0,0,2022-02-22,Approved,No,,0
LN001604,Aadhya Sharma,Female,39.0,Single,BR005,Salaried,667500.0,563.0,3,6593.33,Gold Loan,116800.0,24,10.87,5436.75,0.22,157700.0,0,2022-09-10,Approved,No,,0
LN003000,Deepak Chauhan,Male,50.0,Single,BR007,Salaried,374000.0,772.0,0,0.0,Auto Loan,155800.0,36,9.28,4974.73,0.16,0.0,0,2025-04-07,Approved,No,,0
LN002741,Divya Bhatt,Female,46.0,Married,BR008,Business Owner,1008400.0,770.0,2,6796.32,Home Loan,5639300.0,180,8.3,54873.29,0.73,7180000.0,1,2025-09-29,Approved,No,,0
LN005467,Swati Verma,Female,39.0,Divorced,BR003,Salaried,294400.0,651.0,3,3029.73,Home Loan,1746300.0,180,9.49,18224.76,0.87,2132800.0,1,2025-02-17,Approved,No,,0
LN001605,Nikhil Nair,Male,35.0,Married,BR012,Business Owner,548000.0,684.0,1,8360.77,Business Loan,1018200.0,36,12.66,0.0,0.93,1102200.0,1,2024-01-09,Rejected,No,,0
LN003023,Geeta Agarwal,Female,24.0,Single,BR008,Self-Employed,729400.0,676.0,1,14903.9,Gold Loan,159900.0,6,9.74,27412.18,0.7,199300.0,0,2023-04-13,Approved,Yes,2023-08-11,4
LN000246,Pooja Nair,Female,37.0,Divorced,BR016,Business Owner,486200.0,607.0,2,3294.04,Home Loan,2654900.0,300,9.93,23994.21,0.67,2876100.0,4,2025-11-18,Approved,No,,0
LN000734,Sneha Rao,Female,40.0,Married,BR016,Salaried,425800.0,648.0,1,2429.21,Home Loan,1734500.0,180,9.52,18133.02,0.58,2209400.0,1,2023-01-13,Approved,No,,0
LN000764,Ishita Verma,Female,27.0,Married,BR012,Self-Employed,253200.0,762.0,0,0.0,Business Loan,548400.0,60,11.88,12165.63,0.58,571300.0,0,2022-04-25,Approved,No,,0
LN000281,Sai Rao,Male,42.0,Married,BR003,Salaried,362000.0,699.0,0,0.0,Education Loan,323000.0,120,11.01,4451.15,0.15,0.0,0,2024-06-11,Approved,Yes,2025-10-21,261
LN000254,Suresh Reddy,Male,39.0,Single,BR001,Salaried,254300.0,690.0,1,2673.24,Home Loan,1007400.0,300,9.1,8523.16,0.53,1326700.0,0,2023-08-31,Approved,No,,0
LN000550,Anil Agarwal,Male,25.0,Married,BR014,Business Owner,1116700.0,594.0,1,7863.13,Home Loan,4446300.0,240,10.06,43084.66,0.55,5206800.0,1,2023-07-23,Approved,No,,0
LN001250,Divya Naidu,Female,43.0,Single,BR007,Salaried,589800.0,714.0,0,0.0,Personal Loan,100600.0,36,13.86,3431.43,0.07,0.0,0,2025-03-25,Approved,No,,0
LN002897,Aarav Joshi,Male,22.0,Married,BR015,Self-Employed,570600.0,566.0,0,0.0,Personal Loan,148600.0,24,15.34,0.0,0.15,0.0,1,2023-10-09,Rejected,No,,0
LN001223,Aarav Gupta,Male,40.0,Married,BR003,Unemployed,90000.0,612.0,0,0.0,Business Loan,153200.0,36,13.38,5190.0,0.69,191800.0,1,2022-06-21,Approved,Yes,2024-09-18,88
LN001642,Deepak Reddy,Male,35.0,Single,BR004,Business Owner,309500.0,822.0,1,2732.97,Home Loan,1264800.0,120,7.78,0.0,0.7,1537300.0,1,2024-06-30,Rejected,No,,0
LN000394,Deepak Malhotra,Male,38.0,Single,BR001,Business Owner,269200.0,551.0,0,0.0,Personal Loan,69300.0,12,15.49,6270.94,0.28,0.0,1,2024-04-26,Approved,Yes,2024-09-14,7
LN005130,Arjun Das,Male,52.0,Married,BR005,Salaried,360100.0,755.0,3,5433.89,Business Loan,843100.0,84,11.95,14860.48,0.68,1168100.0,0,2024-08-12,Approved,No,,0
LN003053,Neha Sharma,Female,32.0,Married,BR008,Salaried,213100.0,657.0,0,0.0,Home Loan,750800.0,180,9.43,7808.36,0.44,756200.0,0,2025-02-02,Approved,Yes,2025-03-08,55
LN000829,Vikram Kapoor,Male,21.0,Married,BR009,Business Owner,263600.0,503.0,1,974.14,Auto Loan,126000.0,36,11.97,0.0,0.23,0.0,1,2023-12-26,Rejected,No,,0
LN000182,Vikram Nair,Male,27.0,Married,BR001,Salaried,316500.0,702.0,0,0.0,Home Loan,1196900.0,300,8.98,0.0,0.38,1312900.0,2,2024-01-20,Rejected,No,,0
LN003144,Deepak Reddy,Male,38.0,Married,BR016,Business Owner,980100.0,612.0,0,0.0,Gold Loan,244200.0,24,10.38,11311.47,0.14,264100.0,1,2022-10-07,Approved,Yes,2022-11-29,7
LN005464,Riya Naidu,Female,41.0,Married,BR002,Salaried,683500.0,619.0,1,6292.59,Personal Loan,264300.0,48,14.81,7330.24,0.24,0.0,3,2025-08-25,Approved,No,,0
LN005390,Kritika Nair,Female,31.0,Married,BR002,Salaried,893200.0,679.0,1,12220.66,Auto Loan,1004100.0,36,10.21,0.0,0.6,0.0,0,2024-03-03,Rejected,No,,0
LN000669,Krishna Nair,Male,43.0,Single,BR006,Salaried,521900.0,632.0,2,4955.04,Gold Loan,70600.0,24,10.18,3263.7,0.19,72300.0,1,2023-10-01,Approved,Yes,2024-03-19,27
LN001771,Deepak Chatterjee,Male,35.0,Married,BR006,Salaried,684100.0,699.0,2,13049.88,Business Loan,1623900.0,84,12.51,29111.06,0.74,1998200.0,0,2023-10-13,Approved,No,,0
LN001003,Ishaan Nair,Male,35.0,Married,BR003,Salaried,510200.0,592.0,0,0.0,Education Loan,270200.0,84,12.08,4781.34,0.11,0.0,2,2025-11-04,Approved,No,,0
LN001319,Vihaan Bhatt,Male,32.0,Single,BR006,Salaried,269100.0,864.0,1,550.68,Personal Loan,76000.0,24,12.36,0.0,0.18,0.0,0,2022-02-21,Rejected,No,,0
LN001548,Rahul Patel,Male,37.0,Single,BR002,Self-Employed,265900.0,546.0,0,0.0,Personal Loan,75600.0,48,15.54,0.0,0.1,0.0,1,2025-01-13,Rejected,No,,0
LN002714,Vikram Das,Male,36.0,Single,BR015,Salaried,500000.0,687.0,1,8354.96,Personal Loan,275200.0,24,14.13,13230.05,0.52,0.0,0,2023-09-26,Approved,No,,0
LN001787,Anjali Nair,Female,27.0,Married,BR007,Self-Employed,139400.0,600.0,0,0.0,Auto Loan,119600.0,36,11.0,0.0,0.34,0.0,0,2022-06-21,Rejected,No,,0
LN000278,Riya Iyer,Female,29.0,Married,BR001,Salaried,265500.0,573.0,0,0.0,Personal Loan,124900.0,36,15.27,4346.23,0.2,0.0,3,2022-11-02,Approved,Yes,2024-07-25,15
LN004582,Rohan Malhotra,Male,37.0,Single,BR002,Business Owner,369100.0,894.0,3,2226.15,Home Loan,2166500.0,300,7.06,0.0,0.57,3020700.0,1,2025-06-19,Rejected,No,,0
LN002599,Riya Gupta,Female,27.0,Single,BR001,Salaried,431400.0,586.0,0,0.0,Auto Loan,338100.0,48,11.14,0.0,0.24,0.0,1,2024-10-09,Rejected,No,,0
LN003654,Rohan Verma,Male,27.0,Divorced,BR005,Self-Employed,318000.0,701.0,1,5743.76,Education Loan,98500.0,36,10.99,0.0,0.34,0.0,1,2022-07-05,Rejected,No,,0
LN004729,Ishita Bhatt,Female,43.0,Married,BR006,Business Owner,230800.0,635.0,1,2409.21,Home Loan,706600.0,180,9.65,7442.58,0.51,836600.0,0,2025-03-21,Approved,No,,0
LN002340,Suresh Rao,Male,26.0,Married,BR009,Salaried,465200.0,834.0,1,2597.42,Auto Loan,504700.0,84,8.66,8033.34,0.27,0.0,0,2023-12-03,Approved,Yes,2025-01-19,110
LN004664,Diya Das,Female,48.0,Married,BR007,Unemployed,136400.0,696.0,1,216.69,Business Loan,200900.0,24,12.54,0.0,0.86,270600.0,0,2025-03-02,Rejected,No,,0
LN001889,Neha Pillai,Female,30.0,Married,BR003,Self-Employed,273000.0,566.0,0,0.0,Education Loan,192800.0,60,12.34,0.0,0.19,0.0,0,2022-05-18,Rejected,No,,0
LN003544,Ananya Das,Female,44.0,Single,BR009,Salaried,495900.0,683.0,0,0.0,Home Loan,1702300.0,300,9.17,14484.33,0.35,1710000.0,1,2023-12-08,Approved,No,,0
LN000378,Rajesh Joshi,Male,32.0,Divorced,BR004,Salaried,,732.0,1,4848.66,Personal Loan,143300.0,24,13.68,6858.6,0.36,0.0,0,2024-10-21,Approved,No,,0
LN005027,Saanvi Patel,Female,42.0,Married,BR014,Salaried,314500.0,482.0,1,5598.78,Personal Loan,157400.0,24,16.18,7720.34,0.51,0.0,0,2023-09-12,Approved,Yes,2025-06-12,8
LN001184,Manish Singh,Male,30.0,Married,BR004,Salaried,806200.0,900.0,0,0.0,Business Loan,1416000.0,24,10.5,65668.47,0.98,1538200.0,1,2025-02-23,Approved,No,,0
LN000635,Priya Chatterjee,Female,21.0,Single,BR014,Self-Employed,817200.0,711.0,1,857.97,Business Loan,1711900.0,36,12.39,0.0,0.85,2333700.0,0,2023-10-06,Rejected,No,,0
LN003104,Rajesh Verma,Male,25.0,Married,BR007,Business Owner,686800.0,900.0,1,10287.05,Personal Loan,75700.0,12,12.0,6725.85,0.3,0.0,0,2022-02-04,Approved,No,,0
LN003245,Suresh Nair,Male,49.0,Married,BR007,Business Owner,747500.0,762.0,0,0.0,Gold Loan,81600.0,12,8.88,7131.5,0.11,109000.0,1,2022-08-25,Approved,No,,0
LN001891,Krishna Naidu,Male,41.0,Single,BR003,Business Owner,229400.0,606.0,2,896.25,Personal Loan,33800.0,48,14.94,0.0,0.1,0.0,1,2025-07-04,Rejected,No,,0
LN000080,Vihaan Singh,Male,25.0,Divorced,BR013,Business Owner,2454600.0,724.0,2,35018.06,Education Loan,2289600.0,60,10.76,49507.85,0.41,0.0,0,2025-12-27,Approved,No,,0
LN004695,Krishna Verma,Male,21.0,Married,BR017,Self-Employed,458000.0,670.0,2,974.66,Home Loan,1654200.0,120,9.3,21224.22,0.58,1899300.0,1,2025-06-09,Approved,No,,0
LN003911,Saanvi Agarwal,Female,47.0,Single,BR017,Business Owner,771800.0,630.0,1,4225.38,Education Loan,734000.0,84,11.7,0.0,0.27,0.0,2,2025-03-13,Rejected,No,,0
LN001030,Aarav Nair,Male,42.0,Married,BR010,Self-Employed,433200.0,715.0,1,2463.33,Auto Loan,215600.0,60,9.85,0.0,0.19,0.0,0,2022-04-14,Rejected,No,,0
LN002347,Swati Mehta,Female,33.0,Married,BR009,Salaried,511700.0,848.0,0,0.0,Personal Loan,51500.0,48,12.52,1369.38,0.03,0.0,0,2023-08-24,Approved,No,,0
LN000916,Rahul Bhatt,Male,46.0,Married,BR001,Salaried,416800.0,416.0,0,0.0,Home Loan,1383400.0,180,11.84,16460.99,0.47,1652900.0,1,2025-11-25,Approved,Yes,2025-12-26,29
LN001968,Krishna Chatterjee,Male,21.0,Married,BR005,Salaried,430300.0,688.0,0,0.0,Home Loan,2479000.0,300,9.12,21007.77,0.59,2785000.0,0,2024-10-30,Approved,No,,0
LN005081,Shreya Nair,Female,50.0,Married,BR005,Salaried,506200.0,680.0,0,0.0,Personal Loan,65000.0,48,14.2,0.0,0.04,0.0,0,2023-01-22,Rejected,No,,0
LN001399,Kavya Chauhan,Female,33.0,Single,BR007,Salaried,248200.0,572.0,1,925.6,Auto Loan,249400.0,36,11.28,0.0,0.44,0.0,1,2024-06-11,Rejected,No,,0
LN003489,Priya Verma,Female,32.0,Married,BR001,Business Owner,469100.0,709.0,0,0.0,Personal Loan,247200.0,48,13.91,6743.95,0.17,0.0,0,2023-11-30,Approved,No,,0
LN002271,Swati Chauhan,Female,35.0,Married,BR011,Salaried,1300400.0,837.0,0,0.0,Personal Loan,364200.0,48,12.63,9703.82,0.09,0.0,1,2022-10-13,Approved,No,,0
LN003009,Sai Chauhan,Male,50.0,Married,BR010,Salaried,668200.0,655.0,1,4427.23,Business Loan,435600.0,36,12.95,14666.6,0.34,520300.0,0,2022-12-13,Approved,Yes,2023-05-16,106
LN001902,Aditya Joshi,Male,53.0,Single,BR004,Salaried,366400.0,744.0,2,4359.96,Auto Loan,358400.0,84,9.56,0.0,0.33,0.0,0,2022-08-06,Rejected,No,,0
LN001180,Aarav Verma,Male,,Single,BR003,Salaried,712200.0,622.0,0,0.0,Home Loan,3996500.0,180,9.78,42410.31,0.71,4881700.0,0,2025-05-03,Approved,Yes,2025-07-02,201
LN001994,Amit Iyer,Male,40.0,Single,BR014,Salaried,850900.0,549.0,1,16215.73,Business Loan,455000.0,36,14.01,15553.03,0.45,622500.0,0,2025-11-25,Approved,No,,0
LN001746,Rahul Pillai,Male,47.0,Married,BR003,Business Owner,622500.0,471.0,1,10438.84,Education Loan,278100.0,60,13.29,0.0,0.32,0.0,3,2024-07-28,Rejected,No,,0
LN002706,Sai Bhatt,Male,53.0,Married,BR014,Self-Employed,713900.0,760.0,0,0.0,Business Loan,983100.0,84,11.9,17301.87,0.29,1270800.0,0,2024-12-29,Approved,No,,0
LN001553,Riya Malhotra,Female,50.0,Married,BR005,Salaried,220300.0,627.0,1,35.18,Personal Loan,99700.0,12,14.73,8986.06,0.49,0.0,1,2024-06-29,Approved,Yes,2025-01-04,182
LN003622,Nikhil Verma,Male,45.0,Divorced,BR007,Salaried,401200.0,535.0,1,6834.72,Home Loan,1210900.0,240,10.65,12211.64,0.57,1252700.0,1,2022-06-07,Approved,No,,0
LN003207,Diya Joshi,Female,52.0,Single,BR008,Salaried,471000.0,509.0,0,0.0,Business Loan,753600.0,36,14.41,0.0,0.66,939800.0,2,2022-12-17,Rejected,No,,0
LN000323,Diya Joshi,Female,26.0,Single,BR001,Salaried,1168300.0,589.0,0,0.0,Business Loan,1515700.0,60,13.61,34961.98,0.36,1819700.0,0,2022-05-24,Approved,No,,0
LN000784,Rahul Patel,Male,35.0,Married,BR007,Salaried,467600.0,701.0,1,8392.85,Home Loan,2306300.0,300,8.99,19338.59,0.71,2629500.0,1,2023-11-25,Approved,No,,0
LN001954,Diya Rao,Female,27.0,Married,BR010,Salaried,493700.0,625.0,0,0.0,Personal Loan,97800.0,24,14.75,4730.39,0.11,0.0,2,2022-06-09,Approved,No,,0
LN004424,Aarav Gupta,Male,30.0,Married,BR003,Salaried,379900.0,479.0,1,7057.48,Personal Loan,225400.0,24,16.21,11058.92,0.57,0.0,0,2025-06-25,Approved,Yes,2025-12-11,35
LN000767,Riya Malhotra,Female,48.0,Married,BR001,Self-Employed,748600.0,842.0,2,4085.7,Home Loan,3189900.0,300,7.58,23739.32,0.45,3347800.0,2,2024-08-17,Approved,No,,0
LN000046,Deepak Naidu,Male,26.0,Married,BR003,Salaried,647700.0,751.0,1,9651.57,Home Loan,2847800.0,180,8.49,28026.72,0.7,3724000.0,1,2025-02-08,Approved,No,,0
LN004918,Anil Verma,Male,21.0,Married,BR017,Salaried,159500.0,680.0,0,0.0,Auto Loan,155300.0,36,10.2,5025.69,0.38,0.0,1,2023-12-13,Approved,No,,0
LN002293,Deepak Iyer,Male,38.0,Married,BR014,Salaried,373300.0,609.0,0,0.0,Auto Loan,447600.0,48,10.91,11548.9,0.37,0.0,1,2022-12-28,Approved,No,,0
LN001545,Neha Sharma,Female,31.0,Married,BR014,Business Owner,800900.0,721.0,3,13316.86,Education Loan,400400.0,60,10.79,8663.79,0.33,0.0,0,2024-08-01,Approved,No,,0
LN004209,Vikram Joshi,Male,61.0,Married,BR003,Business Owner,651700.0,683.0,0,0.0,Personal Loan,75000.0,12,14.17,6740.03,0.12,0.0,0,2025-10-15,Approved,No,,0
LN000789,Rohan Agarwal,Male,49.0,Married,BR002,Salaried,391400.0,767.0,0,0.0,Auto Loan,335800.0,60,9.33,0.0,0.22,0.0,1,2023-10-24,Rejected,No,,0
LN002204,Sai Patel,Male,32.0,Married,BR010,Salaried,1065500.0,847.0,1,11606.52,Education Loan,879100.0,36,9.53,28172.5,0.45,0.0,1,2023-08-26,Approved,No,,0
LN001991,Anjali Das,Female,30.0,Married,BR008,Salaried,502800.0,711.0,2,7321.93,Business Loan,1134000.0,24,12.39,53588.08,1.45,1147600.0,0,2025-07-02,Approved,No,,0
LN002912,Vihaan Mehta,Male,21.0,Married,BR010,Salaried,272500.0,648.0,2,3761.8,Home Loan,1436100.0,240,9.52,0.0,0.76,1649700.0,3,2022-08-06,Rejected,No,,0
LN003130,Rohan Chatterjee,Male,27.0,Married,BR008,Business Owner,1806700.0,646.0,0,0.0,Auto Loan,2023000.0,36,10.54,0.0,0.44,0.0,2,2024-06-28,Rejected,No,,0
LN005439,Rekha Naidu,Female,39.0,Married,BR008,Salaried,386800.0,,0,0.0,Home Loan,1841200.0,120,8.05,22387.51,0.69,2452600.0,0,2023-11-24,Approved,No,,0
LN004218,Rajesh Rao,Male,24.0,Married,BR004,Self-Employed,965600.0,594.0,2,9789.38,Home Loan,5691500.0,120,10.06,75402.82,1.06,6891300.0,1,2022-02-25,Approved,No,,0
LN002933,Anil Chatterjee,Male,36.0,Divorced,BR010,Self-Employed,422500.0,795.0,0,0.0,Personal Loan,223600.0,36,13.05,7539.35,0.21,0.0,1,2025-03-03,Approved,No,,0
LN002660,Kavya Malhotra,Female,22.0,Single,BR013,Salaried,574300.0,555.0,0,0.0,Personal Loan,301700.0,24,15.45,0.0,0.31,0.0,3,2023-05-10,Rejected,No,,0
LN001289,Aarav Patel,Male,36.0,Married,BR004,Business Owner,514600.0,804.0,1,9911.09,Personal Loan,151900.0,24,12.96,7218.75,0.4,0.0,1,2024-02-12,Approved,No,,0
LN002876,Rajesh Joshi,Male,54.0,Married,BR007,Self-Employed,772100.0,719.0,0,0.0,Education Loan,709100.0,120,10.81,9691.75,0.15,0.0,0,2025-11-19,Approved,No,,0
LN001872,Sunita Kapoor,Female,55.0,Married,BR006,Self-Employed,313000.0,900.0,1,637.82,Personal Loan,98900.0,24,12.0,0.0,0.2,0.0,0,2022-07-14,Rejected,No,,0
LN001641,Riya Sharma,Female,32.0,Married,BR017,Business Owner,365200.0,616.0,0,0.0,Personal Loan,45300.0,36,14.84,0.0,0.05,0.0,0,2024-02-22,Rejected,No,,0
LN001247,Amit Rao,Male,35.0,Married,BR007,Business Owner,248100.0,663.0,0,0.0,Auto Loan,241100.0,84,10.37,4048.79,0.2,0.0,0,2025-03-13,Approved,No,,0
LN002947,Krishna Iyer,Male,28.0,Married,BR008,Salaried,555500.0,677.0,0,0.0,Auto Loan,493700.0,48,10.23,12576.11,0.27,0.0,0,2025-06-09,Approved,Yes,2025-11-22,31
LN001322,Arjun Verma,Male,36.0,Single,BR006,Salaried,457500.0,900.0,1,4387.1,Auto Loan,370800.0,84,8.0,5779.37,0.27,0.0,0,2023-12-18,Approved,No,,0
LN002259,Aarav Verma,Male,30.0,Married,BR007,Self-Employed,598900.0,739.0,0,0.0,Personal Loan,351600.0,24,13.61,0.0,0.34,0.0,0,2023-08-14,Rejected,No,,0
LN003811,Meera Agarwal,Female,21.0,Single,BR005,Unemployed,95000.0,693.0,1,808.59,Business Loan,144100.0,60,12.57,3247.09,0.51,146900.0,0,2023-03-11,Approved,No,,0
LN002693,Vivaan Singh,Male,37.0,Single,BR004,Salaried,240800.0,679.0,3,4609.91,Gold Loan,38500.0,12,9.71,3379.57,0.4,53800.0,0,2023-03-09,Approved,Yes,2023-09-17,18
LN000773,Deepak Kapoor,Male,45.0,Married,BR004,Business Owner,491800.0,770.0,0,0.0,Education Loan,246200.0,36,10.3,7978.9,0.19,0.0,2,2024-03-15,Approved,No,,0
LN000627,Vivaan Pillai,Male,41.0,Married,BR003,Business Owner,834500.0,428.0,0,0.0,Home Loan,3268000.0,300,11.72,33745.16,0.49,3695300.0,0,2024-06-12,Approved,Yes,2025-10-15,36
LN004663,Kritika Das,Female,59.0,Married,BR002,Salaried,628700.0,680.0,1,10284.82,Auto Loan,306700.0,84,10.2,5123.33,0.29,0.0,0,2023-12-03,Approved,Yes,2025-05-24,11
LN005220,Ishaan Bhatt,Male,35.0,Married,BR012,Business Owner,704700.0,498.0,0,0.0,Auto Loan,325300.0,60,12.02,0.0,0.12,0.0,1,2023-06-02,Rejected,No,,0
LN004113,Meera Naidu,Female,21.0,Married,BR005,Salaried,156200.0,787.0,0,0.0,Personal Loan,56900.0,48,13.13,0.0,0.12,0.0,1,2024-03-29,Rejected,No,,0
LN001156,Krishna Pillai,Male,35.0,Married,BR010,Business Owner,1046200.0,473.0,1,14638.4,Home Loan,4380700.0,240,11.27,46024.77,0.7,6065700.0,1,2025-07-03,Approved,No,,0
LN004639,Geeta Kapoor,Female,47.0,Single,BR002,Salaried,362800.0,794.0,2,1017.26,Business Loan,342000.0,24,11.56,16028.94,0.56,413500.0,0,2025-02-12,Approved,No,,0
LN000148,Rahul Das,Male,39.0,Married,BR007,Salaried,584900.0,775.0,1,10754.06,Business Loan,540400.0,84,11.75,9467.44,0.41,583500.0,0,2024-07-12,Approved,No,,0
LN000518,Ananya Mehta,Female,36.0,Married,BR008,Salaried,998400.0,660.0,4,8972.98,Education Loan,317300.0,84,11.4,0.0,0.17,0.0,1,2024-08-02,Rejected,No,,0
LN004519,Aditya Das,Male,32.0,Single,BR012,Self-Employed,815400.0,588.0,0,0.0,Education Loan,387400.0,84,12.12,6863.55,0.1,0.0,1,2024-05-12,Approved,No,,0
LN004707,Nikhil Singh,Male,,Married,BR011,Self-Employed,386800.0,664.0,0,0.0,Home Loan,1299700.0,120,9.36,0.0,0.52,1547900.0,2,2023-03-21,Rejected,No,,0
LN005278,Sai Iyer,Male,36.0,Single,BR008,Salaried,349800.0,643.0,1,1711.23,Home Loan,1333800.0,180,9.57,13984.26,0.54,1522800.0,2,2023-09-27,Approved,No,,0
LN004800,Amit Sharma,Male,21.0,Single,BR013,Business Owner,562100.0,561.0,1,11620.02,Education Loan,282900.0,60,12.39,0.0,0.38,0.0,1,2025-07-01,Rejected,No,,0
LN001926,Vivaan Sharma,Male,39.0,Married,BR005,Salaried,595400.0,733.0,3,6622.01,Business Loan,982600.0,60,12.17,21941.9,0.58,1148300.0,2,2024-08-08,Approved,No,,0
LN004412,Suresh Nair,Male,56.0,Married,BR001,Business Owner,501400.0,586.0,2,1893.03,Business Loan,1194400.0,36,13.64,0.0,1.02,1335400.0,2,2022-09-04,Rejected,No,,0
LN005321,Reyansh Chatterjee,Male,25.0,Single,BR010,Salaried,,852.0,2,2347.14,Auto Loan,461800.0,48,8.48,11378.23,0.32,0.0,1,2024-05-21,Approved,No,,0
LN000438,Rajesh Naidu,Male,33.0,Single,BR010,Self-Employed,311500.0,670.0,0,0.0,Personal Loan,64500.0,12,14.3,0.0,0.22,0.0,0,2023-02-13,Rejected,No,,0
LN004633,Sunita Joshi,Female,27.0,Single,BR004,Self-Employed,416200.0,615.0,0,0.0,Personal Loan,161700.0,12,14.85,0.0,0.42,0.0,5,2025-09-18,Rejected,No,,0
LN002414,Rahul Bhatt,Male,42.0,Married,BR005,Salaried,1253300.0,774.0,0,0.0,Business Loan,890700.0,24,11.76,41828.58,0.4,947500.0,1,2023-09-18,Approved,No,,0
LN002425,Riya Das,Female,35.0,Married,BR009,Salaried,975300.0,734.0,1,4445.96,Personal Loan,255800.0,12,13.66,0.0,0.34,0.0,0,2022-08-09,Rejected,No,,0
LN002333,Vikram Kapoor,Male,38.0,Married,BR001,Business Owner,2122300.0,799.0,0,0.0,Home Loan,10003500.0,180,8.01,95656.42,0.54,10401200.0,0,2025-02-19,Approved,Yes,2025-05-06,93
LN000143,Geeta Patel,Female,46.0,Married,BR007,Business Owner,960900.0,809.0,3,5843.45,Home Loan,5194600.0,240,7.91,43159.21,0.61,7165400.0,0,2024-07-17,Approved,No,,0
LN000664,Shreya Kapoor,Female,,Single,BR002,Salaried,390700.0,770.0,1,5661.76,Personal Loan,206800.0,24,13.3,9860.81,0.48,0.0,0,2022-09-01,Approved,No,,0
LN004207,Ananya Chatterjee,Female,,Married,BR017,Salaried,771200.0,570.0,1,10044.24,Education Loan,492600.0,120,12.3,7153.07,0.27,0.0,2,2025-09-11,Approved,Yes,2025-11-21,83
LN002982,Krishna Chauhan,Male,41.0,Married,BR010,Salaried,1159700.0,734.0,1,13984.04,Personal Loan,617800.0,36,13.66,21013.06,0.36,0.0,0,2025-06-19,Approved,No,,0
LN000706,Amit Patel,Male,47.0,Married,BR018,Salaried,370800.0,,2,5490.84,Auto Loan,430000.0,36,10.78,0.0,0.63,0.0,2,2025-03-01,Rejected,No,,0
LN003750,Rahul Das,Male,37.0,Divorced,BR001,Self-Employed,435900.0,729.0,1,5162.65,Auto Loan,343600.0,60,9.71,0.0,0.34,0.0,0,2025-08-21,Rejected,No,,0
LN002108,Arjun Das,Male,44.0,Single,BR014,Business Owner,711600.0,622.0,0,0.0,Home Loan,2739000.0,300,9.78,24465.81,0.41,3134100.0,1,2022-09-06,Approved,Yes,2023-09-30,47
LN004617,Aadhya Chatterjee,Female,51.0,Married,BR012,Self-Employed,108700.0,638.0,1,276.01,Home Loan,426000.0,180,9.62,0.0,0.52,531000.0,1,2022-12-07,Rejected,No,,0
LN004968,Reyansh Naidu,Male,21.0,Married,BR013,Salaried,876000.0,720.0,2,14483.99,Education Loan,874100.0,60,10.8,18917.98,0.46,0.0,0,2022-09-30,Approved,No,,0
LN004033,Arjun Chatterjee,Male,35.0,Married,BR015,Self-Employed,,679.0,1,5057.35,Business Loan,913200.0,60,12.71,0.0,0.73,939600.0,1,2022-02-11,Rejected,No,,0
LN002913,Aditya Pillai,Male,32.0,Single,BR006,Salaried,406900.0,823.0,1,7787.34,Personal Loan,45800.0,12,12.77,0.0,0.35,0.0,4,2023-01-17,Rejected,No,,0
LN001231,Shreya Kapoor,Female,41.0,Single,BR005,Self-Employed,90000.0,721.0,2,77.19,Personal Loan,51000.0,24,13.79,0.0,0.34,0.0,0,2023-05-24,Rejected,No,,0
LN004523,Diya Naidu,Female,43.0,Divorced,BR004,Self-Employed,685600.0,539.0,3,13938.26,Personal Loan,193800.0,12,15.61,0.0,0.55,0.0,2,2024-07-10,Rejected,No,,0
LN002936,Sneha Singh,Female,35.0,Single,BR003,Self-Employed,476800.0,653.0,0,0.0,Home Loan,2769000.0,240,9.47,25756.49,0.65,3725200.0,1,2024-09-05,Approved,No,,0
LN002961,Amit Kapoor,Male,27.0,Married,BR005,Salaried,1182400.0,641.0,1,18833.41,Business Loan,689300.0,60,13.09,0.0,0.35,932400.0,3,2022-11-27,Rejected,No,,0
LN001400,Sunita Joshi,Female,35.0,Single,BR008,Salaried,570200.0,838.0,0,0.0,Auto Loan,634900.0,48,8.62,15685.2,0.33,0.0,1,2023-12-20,Approved,No,,0
LN002173,Manish Naidu,Male,41.0,Single,BR006,Salaried,957700.0,694.0,2,822.75,Personal Loan,243000.0,12,14.06,21825.13,0.28,0.0,0,2023-01-19,Approved,No,,0
LN002452,Pooja Mehta,Female,31.0,Single,BR005,Business Owner,1147300.0,511.0,1,19807.31,Personal Loan,280900.0,24,15.89,13738.98,0.35,0.0,3,2022-07-16,Approved,Yes,2023-09-11,78
LN000225,Vikram Reddy,Male,28.0,Single,BR015,Business Owner,653700.0,763.0,2,9752.63,Auto Loan,389500.0,36,9.37,12453.18,0.41,0.0,2,2024-11-12,Approved,No,,0
LN003688,Sneha Chauhan,Female,41.0,Married,BR012,Business Owner,322300.0,790.0,1,5389.56,Business Loan,545600.0,60,11.6,12026.58,0.65,701000.0,1,2023-08-27,Approved,No,,0
LN001500,Amit Rao,Male,21.0,Single,BR007,Self-Employed,334700.0,728.0,0,0.0,Auto Loan,213500.0,60,9.72,4506.89,0.16,0.0,1,2025-01-30,Approved,No,,0
LN000213,Ishaan Joshi,Male,25.0,Single,BR001,Self-Employed,290100.0,676.0,0,0.0,Home Loan,1618300.0,240,9.24,14810.99,0.61,1884200.0,0,2024-02-19,Approved,No,,0
LN004168,Rohan Gupta,Male,35.0,Married,BR013,Business Owner,315000.0,590.0,2,520.77,Auto Loan,223300.0,84,11.1,0.0,0.17,0.0,1,2024-09-25,Rejected,No,,0
LN001178,Vivaan Patel,Male,32.0,Married,BR001,Business Owner,462000.0,851.0,0,0.0,Personal Loan,143000.0,24,12.49,6764.28,0.18,0.0,0,2024-09-09,Approved,No,,0
LN000851,Arjun Chatterjee,Male,44.0,Married,BR006,Salaried,553100.0,430.0,1,283.25,Education Loan,371400.0,84,13.7,6898.64,0.16,0.0,2,2022-04-21,Approved,Yes,2023-09-18,7
LN001708,Deepak Mehta,Male,21.0,Single,BR006,Business Owner,1012200.0,660.0,0,0.0,Personal Loan,353700.0,48,14.4,0.0,0.12,0.0,0,2023-05-10,Rejected,No,,0
LN001661,Arjun Iyer,Male,40.0,Married,BR012,Salaried,627600.0,590.0,0,0.0,Home Loan,2767900.0,120,10.1,36731.45,0.7,2819300.0,2,2023-09-16,Approved,No,,0
LN002458,Reyansh Joshi,Male,48.0,Married,BR005,Salaried,275200.0,575.0,0,0.0,Business Loan,609200.0,60,13.75,0.0,0.61,643700.0,1,2025-06-28,Rejected,No,,0
LN003983,Vihaan Rao,Male,30.0,Divorced,BR006,Self-Employed,650800.0,774.0,0,0.0,Personal Loan,88700.0,48,13.26,2391.06,0.04,0.0,0,2022-02-02,Approved,Yes,2024-07-13,22
LN002532,Vihaan Pillai,Male,21.0,Single,BR011,Salaried,307200.0,748.0,2,5642.02,Home Loan,1502000.0,240,8.52,0.0,0.73,1854500.0,0,2024-11-26,Rejected,No,,0
LN003511,Aarav Das,Male,31.0,Single,BR008,Business Owner,330600.0,682.0,0,0.0,Personal Loan,141500.0,12,14.18,12716.86,0.46,0.0,1,2023-06-09,Approved,Yes,2023-12-07,15
LN003748,Diya Nair,Female,27.0,Married,BR013,Self-Employed,440500.0,663.0,0,0.0,Auto Loan,189900.0,84,10.37,0.0,0.09,0.0,1,2023-10-12,Rejected,No,,0
LN000563,Priya Reddy,Female,42.0,Single,BR003,Salaried,325200.0,650.0,1,5852.2,Personal Loan,145600.0,24,14.5,7025.12,0.48,0.0,0,2023-12-30,Approved,Yes,2024-10-19,166
LN004843,Vihaan Gupta,Male,45.0,Single,BR008,Self-Employed,352300.0,603.0,1,6382.42,Personal Loan,158100.0,36,14.97,0.0,0.4,0.0,1,2023-08-28,Rejected,No,,0
LN005377,Rajesh Iyer,Male,41.0,Single,BR010,Salaried,207500.0,746.0,0,0.0,Home Loan,1181900.0,300,8.54,9548.86,0.55,1276400.0,1,2024-08-14,Approved,No,,0
LN002889,Sneha Das,Female,46.0,Divorced,BR007,Self-Employed,267400.0,900.0,2,4856.02,Auto Loan,240100.0,36,8.0,0.0,0.56,0.0,1,2024-07-11,Rejected,No,,0
LN001048,Vikram Sharma,Male,37.0,Single,BR008,Salaried,184500.0,526.0,0,0.0,Auto Loan,131100.0,84,11.74,2296.08,0.15,0.0,1,2022-04-05,Approved,No,,0
LN002232,Deepak Naidu,Male,43.0,Married,BR015,Unemployed,762000.0,683.0,1,9928.54,Home Loan,2410400.0,120,9.17,0.0,0.64,2985500.0,2,2023-03-10,Rejected,No,,0
LN001122,Rajesh Pillai,Male,37.0,Single,BR003,Self-Employed,464600.0,617.0,0,0.0,Personal Loan,129700.0,36,14.83,4485.3,0.12,0.0,0,2022-12-25,Approved,No,,0
LN004223,Pooja Sharma,Female,26.0,Single,BR004,Self-Employed,755800.0,594.0,0,0.0,Education Loan,711500.0,120,12.06,10232.65,0.16,0.0,1,2024-10-21,Approved,No,,0
LN001327,Aditya Verma,Male,33.0,Single,BR016,Salaried,558800.0,635.0,1,3456.64,Home Loan,1805100.0,120,9.65,23506.05,0.58,2278400.0,1,2024-04-17,Approved,No,,0
LN002842,Rohan Reddy,Male,31.0,Single,BR004,Self-Employed,515200.0,653.0,0,0.0,Education Loan,305600.0,36,11.47,10073.11,0.23,0.0,1,2025-03-31,Approved,No,,0
LN000313,Suresh Gupta,Male,21.0,Married,BR014,Salaried,549100.0,587.0,1,8595.41,Gold Loan,162900.0,6,10.63,27997.95,0.8,197800.0,0,2024-08-25,Approved,No,,0
LN004966,Rahul Malhotra,Male,31.0,Single,BR011,Salaried,336400.0,724.0,2,4247.97,Business Loan,713200.0,60,12.26,15958.6,0.72,841500.0,1,2023-08-29,Approved,No,,0
LN004610,Nikhil Rao,Male,37.0,Divorced,BR002,Salaried,290600.0,758.0,0,0.0,Auto Loan,340700.0,36,9.42,0.0,0.45,0.0,2,2022-02-28,Rejected,No,,0
LN003340,Geeta Singh,Female,39.0,Single,BR007,Salaried,423000.0,766.0,0,0.0,Home Loan,1338800.0,300,8.34,10636.41,0.3,1441300.0,0,2022-01-18,Approved,No,,0
LN004199,Rajesh Chauhan,Male,28.0,Married,BR005,Salaried,373400.0,855.0,2,4420.07,Business Loan,542900.0,84,10.95,9281.5,0.44,624600.0,0,2022-04-21,Approved,No,,0
LN001819,Aarav Singh,Male,38.0,Married,BR017,Salaried,486900.0,718.0,1,7144.61,Personal Loan,257500.0,48,13.82,7013.34,0.35,0.0,0,2025-05-31,Approved,No,,0
LN001100,Rajesh Singh,Male,25.0,Divorced,BR007,Business Owner,1977900.0,686.0,1,37812.74,Auto Loan,1805300.0,84,10.14,0.0,0.41,0.0,0,2024-04-09,Rejected,No,,0
LN001273,Ishaan Joshi,Male,36.0,Divorced,BR016,Business Owner,293200.0,641.0,0,0.0,Business Loan,316200.0,36,13.09,10667.74,0.44,323300.0,1,2022-04-01,Approved,No,,0
LN000430,Krishna Reddy,Male,44.0,Single,BR006,Salaried,492700.0,651.0,1,5944.99,Home Loan,1980300.0,180,9.49,20666.83,0.65,2368900.0,1,2023-12-23,Approved,No,,0
LN001456,Deepak Patel,Male,,Married,BR011,Business Owner,314200.0,661.0,1,4167.41,Business Loan,205200.0,84,12.89,3720.73,0.3,275000.0,0,2025-02-13,Approved,No,,0
LN001405,Ishita Reddy,Female,29.0,Married,BR001,Unemployed,90900.0,716.0,0,0.0,Home Loan,500000.0,120,8.84,6290.57,0.83,510700.0,1,2025-05-21,Approved,No,,0
LN002125,Nikhil Patel,Male,38.0,Single,BR001,Self-Employed,909400.0,816.0,1,6980.61,Personal Loan,348300.0,36,12.84,11708.78,0.25,0.0,2,2024-02-08,Approved,No,,0
LN002258,Krishna Patel,Male,23.0,Single,BR002,Salaried,572600.0,675.0,1,4125.84,Education Loan,385300.0,120,11.25,0.0,0.2,0.0,1,2024-01-20,Rejected,No,,0
LN001557,Sneha Mehta,Female,31.0,Married,BR003,Salaried,381400.0,777.0,2,4814.44,Education Loan,121300.0,84,10.23,2028.17,0.22,0.0,1,2022-01-15,Approved,Yes,2023-07-13,1
LN004250,Diya Joshi,Female,39.0,Married,BR006,Business Owner,1731900.0,781.0,1,23761.41,Personal Loan,522800.0,48,13.19,14074.77,0.26,0.0,0,2024-04-27,Approved,No,,0
LN004772,Shreya Sharma,Female,41.0,Married,BR002,Salaried,416700.0,608.0,1,2011.6,Auto Loan,360300.0,60,10.92,0.0,0.28,0.0,2,2023-01-27,Rejected,No,,0
LN001179,Deepak Kapoor,Male,38.0,Married,BR007,Salaried,674800.0,620.0,3,12243.84,Auto Loan,328100.0,60,10.8,7101.01,0.34,0.0,1,2023-02-05,Approved,No,,0
LN004688,Vihaan Rao,Male,52.0,Married,BR003,Unemployed,421200.0,654.0,2,5927.56,Auto Loan,409800.0,84,10.46,0.0,0.37,0.0,0,2025-01-11,Rejected,No,,0
LN003048,Arjun Mehta,Male,27.0,Married,BR003,Salaried,260000.0,657.0,0,0.0,Business Loan,399600.0,60,12.93,9077.82,0.42,455200.0,0,2023-06-25,Approved,No,,0
LN003307,Rekha Chatterjee,Female,53.0,Married,BR003,Business Owner,392000.0,578.0,1,116.52,Auto Loan,266300.0,84,11.22,4590.57,0.14,0.0,1,2025-06-02,Approved,No,,0
LN003299,Arjun Patel,Male,21.0,Married,BR004,Business Owner,795700.0,710.0,2,13584.35,Auto Loan,581100.0,60,9.9,12318.08,0.39,0.0,1,2024-07-31,Approved,No,,0
LN002225,Vihaan Verma,Male,32.0,Married,BR003,Self-Employed,338100.0,564.0,1,1501.51,Home Loan,1836900.0,300,10.36,17160.33,0.66,2178900.0,2,2022-06-29,Approved,No,,0
LN001621,Vihaan Singh,Male,28.0,Single,BR015,Business Owner,806700.0,675.0,0,0.0,Personal Loan,410700.0,12,14.25,36923.9,0.55,0.0,0,2022-05-31,Approved,No,,0
LN004738,Ishaan Verma,Male,25.0,Single,BR012,Unemployed,101600.0,613.0,1,787.73,Education Loan,39700.0,84,11.87,0.0,0.18,0.0,1,2023-06-08,Rejected,No,,0
LN002260,Suresh Naidu,Male,47.0,Single,BR013,Business Owner,600900.0,614.0,0,0.0,Home Loan,3378300.0,300,9.86,30365.86,0.61,3564300.0,3,2022-08-07,Approved,Yes,2022-11-12,11
LN004858,Karthik Patel,Male,21.0,Married,BR002,Salaried,224100.0,591.0,0,0.0,Auto Loan,170100.0,60,11.09,0.0,0.2,0.0,1,2022-10-14,Rejected,No,,0
LN002500,Anjali Chatterjee,Female,45.0,Married,BR008,Salaried,541000.0,823.0,1,9745.51,Personal Loan,122000.0,12,12.77,10883.55,0.46,0.0,0,2025-02-10,Approved,No,,0
LN002673,Sunita Patel,Female,22.0,Single,BR008,Self-Employed,597500.0,590.0,1,5798.99,Gold Loan,142500.0,24,10.6,6615.18,0.25,164700.0,1,2024-01-27,Approved,No,,0
LN002890,Aadhya Reddy,Female,21.0,Married,BR017,Self-Employed,453700.0,613.0,1,1114.05,Personal Loan,122200.0,36,14.87,0.0,0.14,0.0,1,2025-05-03,Rejected,No,,0
LN002578,Vikram Chauhan,Male,31.0,Divorced,BR012,Salaried,749500.0,723.0,1,12710.23,Personal Loan,189500.0,48,13.77,5156.53,0.29,0.0,0,2023-06-09,Approved,No,,0
LN003586,Pooja Chauhan,Female,42.0,Married,BR002,Self-Employed,576900.0,489.0,2,10763.65,Personal Loan,145100.0,48,16.11,4120.35,0.31,0.0,1,2022-11-05,Approved,No,,0
LN002486,Anil Patel,Male,55.0,Married,BR005,Self-Employed,270400.0,868.0,2,2470.84,Business Loan,333300.0,36,10.82,10883.43,0.59,369300.0,0,2025-09-03,Approved,Yes,2025-12-10,29
LN002707,Krishna Pillai,Male,34.0,Single,BR002,Self-Employed,203400.0,748.0,1,3436.49,Education Loan,154500.0,36,10.52,0.0,0.5,0.0,0,2022-03-06,Rejected,No,,0
LN000955,Saanvi Mehta,Female,49.0,Single,BR005,Self-Employed,608000.0,656.0,2,6673.15,Gold Loan,95700.0,24,9.94,4413.42,0.22,125300.0,0,2024-06-25,Approved,No,,0
LN004200,Rekha Kapoor,Female,25.0,Married,BR003,Salaried,320900.0,636.0,2,2466.34,Home Loan,1818200.0,240,9.64,17114.58,0.73,2366300.0,2,2025-09-14,Approved,No,,0
LN001053,Deepak Agarwal,Male,35.0,Single,BR018,Salaried,281900.0,733.0,3,1143.11,Auto Loan,238300.0,60,9.67,0.0,0.26,0.0,1,2024-08-30,Rejected,No,,0
LN002445,Kavya Pillai,Female,50.0,Single,BR010,Salaried,386000.0,617.0,0,0.0,Auto Loan,344500.0,84,10.83,5867.93,0.18,0.0,1,2024-04-07,Approved,No,,0
LN002804,Nikhil Patel,Male,30.0,Single,BR004,Salaried,540400.0,758.0,1,9348.15,Home Loan,2507300.0,120,8.42,0.0,0.9,2976900.0,1,2022-07-12,Rejected,No,,0
LN000889,Ishita Nair,Female,21.0,Single,BR002,Salaried,235400.0,666.0,1,2411.49,Home Loan,1300300.0,300,9.34,11216.39,0.69,1406500.0,0,2025-11-04,Approved,No,,0
LN003060,Diya Iyer,Female,40.0,Single,BR012,Salaried,355500.0,688.0,0,0.0,Personal Loan,112500.0,48,14.12,3081.0,0.1,0.0,0,2022-11-18,Approved,No,,0
LN004247,Vivaan Pillai,Male,53.0,Single,BR005,Salaried,130800.0,874.0,3,2515.21,Auto Loan,116800.0,84,8.26,0.0,0.4,0.0,0,2025-08-22,Rejected,No,,0
LN000140,Rahul Agarwal,Male,,Divorced,BR010,Business Owner,890700.0,683.0,0,0.0,Auto Loan,895300.0,60,10.17,19097.45,0.26,0.0,0,2025-03-28,Approved,No,,0
LN000630,Reyansh Kapoor,Male,56.0,Married,BR008,Salaried,201400.0,613.0,0,0.0,Personal Loan,111100.0,36,14.87,3844.25,0.23,0.0,3,2023-07-17,Approved,Yes,2025-10-05,46
LN000050,Krishna Das,Male,40.0,Single,BR002,Salaried,456900.0,590.0,0,0.0,Education Loan,280600.0,84,12.1,4968.38,0.13,0.0,1,2024-09-30,Approved,No,,0
LN001907,Riya Naidu,Female,40.0,Married,BR003,Unemployed,222400.0,592.0,0,0.0,Auto Loan,243000.0,48,11.08,0.0,0.34,0.0,0,2022-02-18,Rejected,No,,0
LN003372,Shreya Naidu,Female,53.0,Married,BR003,Business Owner,1123300.0,638.0,1,8878.45,Business Loan,909800.0,36,13.12,0.0,0.42,1029800.0,2,2024-08-09,Rejected,No,,0
LN000470,Divya Chatterjee,Female,51.0,Married,BR009,Salaried,465000.0,770.0,0,0.0,Personal Loan,83400.0,24,13.3,3976.75,0.1,0.0,1,2023-09-22,Approved,Yes,2024-07-28,8
LN000892,Riya Pillai,Female,29.0,Single,BR008,Self-Employed,,826.0,0,0.0,Auto Loan,244400.0,84,8.74,3900.0,0.14,0.0,0,2023-12-19,Approved,No,,0
LN002808,Swati Agarwal,Female,31.0,Married,BR008,Salaried,447400.0,720.0,0,0.0,Personal Loan,112500.0,36,13.8,0.0,0.1,0.0,1,2023-03-11,Rejected,No,,0
LN000653,Kavya Agarwal,Female,41.0,Single,BR002,Business Owner,481100.0,547.0,0,0.0,Gold Loan,43700.0,24,11.03,0.0,0.05,55200.0,1,2023-05-08,Rejected,No,,0
LN003641,Manish Iyer,Male,28.0,Single,BR009,Self-Employed,288500.0,762.0,0,0.0,Education Loan,132000.0,36,10.38,0.0,0.18,0.0,1,2024-12-13,Rejected,No,,0
LN001203,Arjun Mehta,Male,21.0,Single,BR005,Business Owner,744300.0,464.0,0,0.0,Auto Loan,802700.0,60,12.36,18001.99,0.29,0.0,0,2023-11-22,Approved,Yes,2025-03-26,54
LN004839,Manish Patel,Male,38.0,Married,BR008,Salaried,890900.0,646.0,0,0.0,Auto Loan,652100.0,60,10.54,14029.1,0.19,0.0,2,2025-05-29,Approved,No,,0
LN004169,Vivaan Chatterjee,Male,35.0,Married,BR010,Self-Employed,154900.0,759.0,2,1970.7,Education Loan,117300.0,120,10.41,1576.88,0.27,0.0,1,2022-06-09,Approved,No,,0
LN000188,Rajesh Kapoor,Male,48.0,Married,BR010,Salaried,274600.0,653.0,0,0.0,Business Loan,567100.0,36,12.97,19099.65,0.83,781100.0,0,2024-10-20,Approved,No,,0
LN003723,Deepak Iyer,Male,37.0,Married,BR008,Salaried,378700.0,771.0,2,7826.47,Home Loan,2041800.0,180,8.29,19855.87,0.88,2588200.0,0,2024-04-27,Approved,No,,0
LN002154,Reyansh Sharma,Male,39.0,Married,BR007,Salaried,592000.0,650.0,1,11638.3,Auto Loan,245600.0,60,10.5,5278.9,0.34,0.0,1,2024-05-04,Approved,Yes,2024-11-26,97
LN000743,Suresh Rao,Male,38.0,Single,BR005,Self-Employed,226400.0,504.0,1,2784.56,Business Loan,149400.0,24,14.46,0.0,0.53,167000.0,1,2024-08-21,Rejected,No,,0
LN001914,Aditya Kapoor,Male,36.0,Divorced,BR008,Salaried,860200.0,610.0,0,0.0,Personal Loan,208300.0,12,14.9,0.0,0.26,0.0,0,2024-07-09,Rejected,No,,0
LN003449,Anil Iyer,Male,37.0,Single,BR011,Business Owner,405900.0,712.0,0,0.0,Personal Loan,76300.0,36,13.88,2603.31,0.08,0.0,0,2022-06-06,Approved,No,,0
LN002856,Karthik Singh,Male,36.0,Single,BR008,Salaried,382500.0,798.0,0,0.0,Auto Loan,334500.0,84,9.02,5385.19,0.17,0.0,0,2024-08-23,Approved,No,,0
LN000794,Riya Das,Female,29.0,Married,BR001,Salaried,446600.0,844.0,0,0.0,Personal Loan,169100.0,48,12.56,4499.69,0.12,0.0,0,2022-11-25,Approved,No,,0
LN005473,Diya Reddy,Female,30.0,Single,BR001,Salaried,369400.0,666.0,1,2740.77,Personal Loan,47400.0,48,14.34,1303.37,0.13,0.0,1,2022-08-15,Approved,No,,0
LN000911,Sunita Chatterjee,Female,23.0,Married,BR011,Self-Employed,377800.0,,0,0.0,Business Loan,390300.0,60,12.35,8751.2,0.28,409000.0,0,2023-06-12,Approved,No,,0
LN000055,Ishita Kapoor,Female,53.0,Single,BR007,Salaried,347300.0,594.0,1,2320.71,Personal Loan,173200.0,24,15.06,0.0,0.37,0.0,3,2022-09-07,Rejected,No,,0
LN002596,Aadhya Iyer,Female,37.0,Divorced,BR012,Salaried,147700.0,900.0,0,0.0,Education Loan,73200.0,60,9.0,1519.51,0.12,0.0,0,2022-06-25,Approved,Yes,2023-05-12,33
LN004564,Manish Nair,Male,26.0,Married,BR006,Self-Employed,553700.0,737.0,0,0.0,Personal Loan,301300.0,48,13.63,0.0,0.18,0.0,0,2022-04-08,Rejected,No,,0
LN000754,Nikhil Joshi,Male,46.0,Married,BR009,Salaried,535000.0,680.0,0,0.0,Home Loan,2226800.0,240,9.2,20322.42,0.46,2477200.0,0,2024-01-10,Approved,No,,0
LN004722,Rajesh Joshi,Male,32.0,Married,BR009,Self-Employed,280400.0,753.0,2,830.41,Gold Loan,71200.0,18,8.97,0.0,0.22,74200.0,1,2022-11-27,Rejected,No,,0
LN005363,Kavya Chatterjee,Female,35.0,Single,BR015,Self-Employed,364600.0,572.0,0,0.0,Home Loan,1772800.0,300,10.28,0.0,0.54,2178200.0,3,2025-08-25,Rejected,No,,0
LN003826,Vikram Verma,Male,39.0,Single,BR003,Salaried,1104300.0,531.0,0,0.0,Business Loan,1300900.0,36,14.19,0.0,0.48,1776300.0,1,2025-01-11,Rejected,No,,0
LN001300,Aadhya Iyer,Female,51.0,Married,BR012,Self-Employed,220900.0,714.0,0,0.0,Home Loan,1115800.0,120,8.86,14050.08,0.76,1409600.0,0,2025-08-07,Approved,No,,0
LN003883,Rahul Joshi,Male,32.0,Married,BR002,Salaried,621200.0,632.0,1,2249.09,Personal Loan,79700.0,12,14.68,0.0,0.18,0.0,0,2023-07-20,Rejected,No,,0
LN000766,Vihaan Chatterjee,Male,30.0,Married,BR016,Salaried,,688.0,2,9968.96,Home Loan,3707300.0,180,9.12,37867.01,0.47,5141600.0,0,2022-03-22,Approved,No,,0
LN000041,Kritika Nair,Female,42.0,Divorced,BR015,Unemployed,175900.0,696.0,1,2895.51,Gold Loan,27300.0,24,9.54,1253.97,0.28,29600.0,0,2023-11-12,Approved,No,,0
LN004088,Rajesh Pillai,Male,21.0,Single,BR013,Salaried,296900.0,553.0,1,2503.92,Gold Loan,79100.0,24,10.97,3685.58,0.25,99200.0,1,2025-04-11,Approved,No,,0
LN001293,Krishna Mehta,Male,39.0,Single,BR015,Business Owner,294000.0,665.0,1,2528.56,Auto Loan,316200.0,84,10.35,5306.65,0.32,0.0,0,2025-02-28,Approved,No,,0
LN005153,Deepak Patel,Male,32.0,Married,BR014,Salaried,255900.0,668.0,0,0.0,Personal Loan,147300.0,36,14.32,0.0,0.24,0.0,0,2022-08-15,Rejected,No,,0
LN000329,Vivaan Gupta,Male,52.0,Married,BR012,Business Owner,1203800.0,755.0,3,23967.22,Education Loan,438300.0,36,10.45,14235.49,0.38,0.0,0,2025-11-05,Approved,No,,0
LN004803,Ananya Pillai,Female,50.0,Married,BR002,Business Owner,414300.0,676.0,1,3950.09,Education Loan,214600.0,84,11.24,3701.61,0.22,0.0,0,2024-12-28,Approved,No,,0
LN000488,Saanvi Joshi,Female,28.0,Married,BR004,Self-Employed,180300.0,537.0,2,1496.64,Business Loan,200700.0,24,14.13,9648.52,0.74,215700.0,1,2024-01-31,Approved,No,,0
LN003424,Sai Rao,Male,37.0,Single,BR004,Self-Employed,142800.0,728.0,1,1419.7,Gold Loan,26000.0,24,9.22,0.0,0.22,28900.0,3,2023-02-22,Rejected,No,,0
LN004198,Anil Verma,Male,30.0,Married,BR008,Business Owner,305900.0,790.0,1,414.3,Business Loan,418300.0,60,11.6,9220.52,0.38,439100.0,1,2023-11-16,Approved,No,,0
LN001730,Neha Nair,Female,21.0,Married,BR002,Business Owner,929700.0,758.0,2,13113.88,Business Loan,740300.0,84,11.92,13036.67,0.34,758900.0,1,2022-01-28,Approved,No,,0
LN002502,Rajesh Malhotra,Male,28.0,Divorced,BR012,Salaried,452300.0,836.0,0,0.0,Personal Loan,93800.0,48,12.64,2499.69,0.07,0.0,0,2022-11-04,Approved,No,,0
LN003513,Meera Chauhan,Female,35.0,Married,BR005,Unemployed,90000.0,871.0,1,1844.83,Gold Loan,25000.0,18,7.79,1476.11,0.44,27500.0,0,2022-01-28,Approved,No,,0
LN003043,Krishna Verma,Male,27.0,Single,BR010,Salaried,721000.0,620.0,0,0.0,Business Loan,1681900.0,60,13.3,38527.18,0.64,2095000.0,3,2023-12-24,Approved,No,,0
LN001058,Sunita Pillai,Female,28.0,Single,BR007,Unemployed,109300.0,768.0,1,1933.69,Auto Loan,52000.0,48,9.32,1301.94,0.36,0.0,1,2022-02-02,Approved,No,,0
LN004930,Sneha Reddy,Female,22.0,Married,BR018,Salaried,567500.0,614.0,1,7956.0,Home Loan,2031000.0,300,9.86,18255.65,0.55,2448000.0,0,2022-10-24,Approved,No,,0
LN002729,Aditya Kapoor,Male,44.0,Married,BR003,Unemployed,91300.0,681.0,0,0.0,Business Loan,76200.0,60,12.69,1721.72,0.23,79500.0,1,2024-01-13,Approved,No,,0
LN004995,Manish Singh,Male,44.0,Married,BR001,Salaried,466200.0,589.0,2,9401.89,Home Loan,1925300.0,240,10.11,18720.09,0.72,2161700.0,1,2025-12-05,Approved,Yes,,6
LN005145,Ishaan Pillai,Male,36.0,Married,BR001,Salaried,526400.0,751.0,2,5092.04,Personal Loan,126300.0,48,13.49,3419.11,0.19,0.0,0,2025-07-04,Approved,No,,0
LN003355,Anjali Das,Female,29.0,Single,BR006,Salaried,426400.0,690.0,0,0.0,Education Loan,265300.0,60,11.1,5781.5,0.16,0.0,1,2022-08-25,Approved,No,,0
LN004415,Aadhya Agarwal,Female,49.0,Married,BR001,Salaried,525800.0,776.0,1,1091.95,Home Loan,2025300.0,300,8.24,15954.95,0.39,2098700.0,0,2024-10-17,Approved,No,,0
LN000303,Neha Rao,Female,44.0,Married,BR010,Business Owner,90000.0,651.0,0,0.0,Auto Loan,53400.0,48,10.49,0.0,0.18,0.0,1,2024-06-10,Rejected,No,,0
LN002001,Karthik Naidu,Male,33.0,Divorced,BR005,Salaried,357200.0,696.0,1,4927.31,Personal Loan,203400.0,36,14.04,6955.68,0.4,0.0,0,2025-08-30,Approved,No,,0
LN003582,Kavya Patel,Female,48.0,Married,BR002,Salaried,670100.0,701.0,1,1050.69,Business Loan,655600.0,60,12.49,14746.31,0.28,745800.0,0,2024-07-15,Approved,No,,0
LN004172,Sai Malhotra,Male,21.0,Married,BR008,Salaried,282900.0,788.0,0,0.0,Business Loan,420300.0,84,11.62,7334.3,0.31,501400.0,0,2024-05-30,Approved,No,,0
LN005003,Ananya Malhotra,Female,44.0,Married,BR001,Self-Employed,1015400.0,670.0,1,13665.27,Business Loan,731800.0,84,12.8,13233.44,0.32,765000.0,0,2024-06-22,Approved,No,,0
LN002104,Deepak Chauhan,Male,46.0,Single,BR004,Salaried,232900.0,749.0,2,1737.18,Home Loan,1018500.0,180,8.51,10035.54,0.61,1299300.0,2,2025-04-19,Approved,No,,0
LN003198,Anjali Singh,Female,31.0,Married,BR003,Business Owner,616700.0,698.0,1,2840.42,Personal Loan,255600.0,24,14.02,12274.51,0.29,0.0,1,2025-12-23,Approved,No,,0
LN000969,Kavya Patel,Female,40.0,Single,BR013,Self-Employed,402000.0,702.0,1,5825.42,Home Loan,1533000.0,300,8.98,12843.89,0.56,1930200.0,1,2024-02-02,Approved,No,,0
LN003618,Anil Nair,Male,53.0,Divorced,BR009,Salaried,605100.0,756.0,0,0.0,Personal Loan,206900.0,12,13.44,18522.48,0.37,0.0,0,2024-09-17,Approved,No,,0
LN005302,Kavya Naidu,Female,41.0,Single,BR004,Salaried,607600.0,604.0,2,12331.17,Business Loan,1410300.0,36,13.46,47831.66,1.19,1847400.0,0,2024-11-01,Approved,No,,0
LN000437,Pooja Chauhan,Female,45.0,Single,BR015,Self-Employed,339600.0,686.0,3,5967.5,Home Loan,1883600.0,180,9.14,0.0,0.89,2004300.0,0,2025-07-26,Rejected,No,,0
LN000876,Arjun Mehta,Male,29.0,Single,BR007,Salaried,442900.0,745.0,1,2765.87,Personal Loan,71700.0,24,13.55,3427.3,0.17,0.0,0,2023-08-12,Approved,Yes,2024-04-16,37
LN005287,Nikhil Sharma,Male,21.0,Married,BR003,Salaried,335000.0,672.0,0,0.0,Personal Loan,170500.0,48,14.28,4683.15,0.17,0.0,0,2024-05-25,Approved,No,,0
LN004938,Sneha Iyer,Female,35.0,Married,BR006,Business Owner,257800.0,606.0,0,0.0,Education Loan,116800.0,36,11.94,3876.09,0.18,0.0,1,2024-09-25,Approved,No,,0
LN002312,Amit Kapoor,Male,21.0,Married,BR008,Self-Employed,700800.0,682.0,1,13831.89,Home Loan,3203800.0,180,9.18,0.0,0.8,4080900.0,0,2022-03-31,Rejected,No,,0
LN002642,Vivaan Reddy,Male,52.0,Single,BR002,Salaried,447500.0,695.0,1,242.71,Home Loan,1397600.0,120,9.05,17742.05,0.48,1635400.0,0,2024-02-25,Approved,No,,0
LN000825,Manish Malhotra,Male,43.0,Single,BR003,Salaried,250500.0,744.0,1,5052.6,Auto Loan,197900.0,48,9.56,4977.54,0.48,0.0,1,2025-09-15,Approved,No,,0
LN004787,Sneha Patel,Female,43.0,Married,BR014,Salaried,1319100.0,768.0,0,0.0,Business Loan,1411400.0,84,11.82,24779.41,0.23,1519700.0,0,2022-07-17,Approved,Yes,2023-05-14,39
LN005096,Priya Das,Female,25.0,Divorced,BR004,Salaried,585400.0,661.0,1,7747.12,Home Loan,2515900.0,120,9.39,32403.8,0.82,2673800.0,0,2024-04-12,Approved,Yes,2025-01-28,7
LN002848,Riya Singh,Female,36.0,Married,BR005,Self-Employed,729200.0,686.0,0,0.0,Auto Loan,838300.0,36,10.14,0.0,0.45,0.0,0,2024-10-23,Rejected,No,,0
LN000024,Diya Rao,Female,35.0,Married,BR003,Salaried,791500.0,720.0,3,8734.31,Auto Loan,484900.0,36,9.8,0.0,0.37,0.0,0,2025-10-22,Rejected,No,,0
LN002920,Aditya Gupta,Male,30.0,Married,BR002,Salaried,420800.0,640.0,2,7383.63,Home Loan,1637700.0,240,9.6,0.0,0.65,2257600.0,2,2025-07-29,Rejected,No,,0
LN004471,Riya Chauhan,Female,47.0,Married,BR008,Salaried,674600.0,862.0,0,0.0,Auto Loan,654400.0,36,8.38,20621.43,0.37,0.0,0,2025-06-12,Approved,No,,0
LN002282,Sunita Joshi,Female,21.0,Married,BR007,Self-Employed,821100.0,654.0,0,0.0,Gold Loan,190400.0,18,9.96,11431.36,0.17,233800.0,1,2024-05-23,Approved,No,,0
LN002025,Suresh Nair,Male,44.0,Married,BR006,Salaried,249200.0,603.0,1,799.6,Home Loan,813500.0,180,9.97,0.0,0.46,881100.0,2,2023-08-29,Rejected,No,,0
LN003273,Rekha Kapoor,Female,21.0,Married,BR010,Salaried,458800.0,798.0,1,1431.35,Home Loan,1962700.0,180,8.02,18779.25,0.53,2647200.0,0,2023-10-31,Approved,No,,0
LN004892,Arjun Chauhan,Male,39.0,Married,BR008,Self-Employed,110000.0,664.0,1,181.04,Business Loan,60300.0,24,12.86,2862.81,0.33,74700.0,0,2025-04-11,Approved,No,,0
LN003758,Riya Pillai,Female,28.0,Married,BR008,Unemployed,113300.0,707.0,4,1754.41,Personal Loan,25000.0,48,13.93,682.28,0.26,0.0,0,2023-09-27,Approved,No,,0
LN005277,Anjali Naidu,Female,28.0,Married,BR016,Self-Employed,902700.0,691.0,2,7111.49,Education Loan,801200.0,60,11.09,17456.01,0.33,0.0,0,2025-09-11,Approved,No,,0
LN004306,Kritika Bhatt,Female,40.0,Married,BR011,Salaried,206700.0,713.0,1,2835.84,Home Loan,658100.0,240,8.87,5866.19,0.51,696200.0,1,2023-10-29,Approved,No,,0
LN005193,Priya Nair,Female,23.0,Married,BR001,Salaried,533400.0,722.0,0,0.0,Business Loan,906000.0,84,12.28,16129.36,0.36,1072700.0,0,2024-10-31,Approved,No,,0
LN002406,Neha Das,Female,21.0,Divorced,BR015,Self-Employed,222300.0,628.0,1,1328.02,Gold Loan,25000.0,24,10.22,0.0,0.13,31900.0,0,2025-03-14,Rejected,No,,0
LN002355,Ishaan Sharma,Male,37.0,Married,BR001,Salaried,328700.0,721.0,1,114.85,Education Loan,154000.0,36,10.79,5026.46,0.19,0.0,0,2025-04-18,Approved,No,,0
LN004580,Krishna Mehta,Male,42.0,Single,BR005,Business Owner,217900.0,725.0,0,0.0,Personal Loan,32100.0,48,13.75,873.16,0.05,0.0,0,2022-06-22,Approved,No,,0
LN005273,Ishita Kapoor,Female,21.0,Married,BR005,Salaried,462400.0,704.0,2,291.52,Gold Loan,41700.0,6,9.46,7143.02,0.19,54300.0,0,2023-04-03,Approved,Yes,2023-05-27,218
LN004893,Arjun Pillai,Male,35.0,Married,BR004,Business Owner,178900.0,723.0,1,756.35,Personal Loan,88000.0,36,13.77,0.0,0.25,0.0,1,2022-09-19,Rejected,No,,0
LN004906,Ishaan Agarwal,Male,47.0,Single,BR008,Business Owner,746400.0,757.0,1,377.23,Home Loan,3607700.0,120,8.43,44595.37,0.72,4297100.0,0,2025-06-25,Approved,No,,0
LN005447,Aarav Pillai,Male,37.0,Married,BR016,Business Owner,298000.0,649.0,0,0.0,Home Loan,1164600.0,240,9.51,10863.21,0.44,1249400.0,3,2023-03-07,Approved,Yes,2024-02-07,60
LN002997,Swati Chatterjee,Female,44.0,Married,BR004,Business Owner,1793000.0,621.0,0,0.0,Education Loan,1556500.0,60,11.79,34458.53,0.23,0.0,0,2025-12-09,Approved,No,,0
LN004295,Vivaan Kapoor,Male,36.0,Divorced,BR009,Salaried,300900.0,678.0,1,3255.2,Personal Loan,57600.0,24,14.22,0.0,0.24,0.0,0,2022-06-16,Rejected,No,,0
LN004656,Shreya Joshi,Female,22.0,Divorced,BR010,Salaried,793700.0,764.0,1,11809.99,Education Loan,569600.0,36,10.36,18475.81,0.46,0.0,0,2023-01-25,Approved,No,,0
LN003292,Vivaan Nair,Male,46.0,Married,BR012,Salaried,588300.0,698.0,0,0.0,Auto Loan,305900.0,84,10.02,5081.46,0.1,0.0,1,2025-10-28,Approved,No,,0
LN001074,Anjali Rao,Female,32.0,Married,BR005,Unemployed,,797.0,1,2467.95,Auto Loan,118700.0,36,9.03,0.0,0.57,0.0,2,2025-06-26,Rejected,No,,0
LN001062,Swati Gupta,Female,55.0,Single,BR017,Business Owner,527400.0,708.0,0,0.0,Personal Loan,311300.0,48,13.92,8494.24,0.19,0.0,0,2024-09-20,Approved,No,,0
LN003259,Anjali Nair,Female,43.0,Single,BR009,Salaried,214300.0,605.0,1,1304.54,Gold Loan,62100.0,6,10.45,10667.74,0.67,85300.0,1,2024-01-04,Approved,No,,0
LN001784,Aadhya Chatterjee,Female,42.0,Divorced,BR008,Salaried,,737.0,0,0.0,Personal Loan,95200.0,48,13.63,2583.85,0.11,0.0,0,2023-12-04,Approved,Yes,2024-02-18,133
LN003721,Rajesh Singh,Male,46.0,Single,BR008,Business Owner,347100.0,707.0,1,5809.63,Home Loan,1142300.0,180,8.93,11538.45,0.6,1313300.0,0,2025-04-01,Approved,No,,0
LN002439,Amit Reddy,Male,48.0,Single,BR002,Salaried,665800.0,668.0,0,0.0,Business Loan,1143300.0,84,12.82,20687.15,0.37,1426800.0,0,2022-12-14,Approved,No,,0
LN005307,Manish Das,Male,26.0,Married,BR008,Salaried,548400.0,671.0,1,70.7,Personal Loan,272000.0,36,14.29,9334.67,0.21,0.0,0,2024-12-19,Approved,No,,0
LN004960,Sneha Bhatt,Female,50.0,Married,BR009,Salaried,415900.0,652.0,2,791.43,Education Loan,268800.0,60,11.48,5908.91,0.19,0.0,1,2025-06-12,Approved,No,,0
LN002858,Ishaan Singh,Male,32.0,Married,BR014,Salaried,293700.0,658.0,0,0.0,Education Loan,155200.0,120,11.42,2174.94,0.09,0.0,0,2023-02-20,Approved,No,,0
LN002694,Geeta Malhotra,Female,38.0,Married,BR002,Salaried,436000.0,726.0,1,8673.51,Education Loan,215100.0,60,10.74,0.0,0.37,0.0,0,2022-12-19,Rejected,No,,0
LN001192,Karthik Pillai,Male,60.0,Married,BR018,Unemployed,112400.0,616.0,1,266.63,Auto Loan,116300.0,36,10.84,0.0,0.43,0.0,0,2025-10-15,Rejected,No,,0
LN001138,Vivaan Iyer,Male,33.0,Married,BR008,Salaried,519500.0,648.0,0,0.0,Personal Loan,280100.0,12,14.52,0.0,0.58,0.0,1,2022-02-27,Rejected,No,,0
LN004434,Saanvi Nair,Female,32.0,Married,BR014,Salaried,466200.0,754.0,1,2656.42,Home Loan,2762200.0,120,8.46,34188.26,0.95,3056600.0,0,2023-07-13,Approved,No,,0
LN002817,Pooja Singh,Female,46.0,Married,BR011,Salaried,472800.0,703.0,0,0.0,Personal Loan,156200.0,24,13.97,0.0,0.19,0.0,0,2023-10-23,Rejected,No,,0
LN003232,Saanvi Bhatt,Female,33.0,Married,BR003,Business Owner,216900.0,507.0,2,1921.79,Home Loan,1051400.0,240,10.93,0.0,0.7,1414100.0,2,2023-05-04,Rejected,No,,0
LN001433,Saanvi Kapoor,Female,60.0,Married,BR017,Self-Employed,214200.0,695.0,1,664.02,Education Loan,142400.0,60,11.05,3099.67,0.21,0.0,1,2022-09-03,Approved,No,,0
LN004181,Ishaan Patel,Male,51.0,Married,BR001,Salaried,517000.0,690.0,1,9831.21,Auto Loan,391300.0,60,10.1,8333.24,0.42,0.0,0,2024-07-26,Approved,No,,0
LN004228,Deepak Kapoor,Male,39.0,Married,BR006,Salaried,344900.0,601.0,0,0.0,Personal Loan,174900.0,24,14.99,8479.48,0.3,0.0,0,2025-10-01,Approved,No,,0
LN002952,Amit Sharma,Male,54.0,Married,BR013,Salaried,354400.0,805.0,0,0.0,Gold Loan,69800.0,6,8.45,11921.72,0.4,87900.0,1,2022-04-08,Approved,No,,0
LN001793,Sunita Kapoor,Female,42.0,Married,BR010,Business Owner,406100.0,464.0,0,0.0,Home Loan,1637000.0,300,11.36,16472.28,0.49,1708800.0,2,2024-09-08,Approved,Yes,2024-11-13,58
LN001874,Manish Rao,Male,39.0,Married,BR006,Self-Employed,581500.0,710.0,1,9072.65,Home Loan,2401100.0,120,8.9,0.0,0.81,3020500.0,0,2024-09-02,Rejected,No,,0
LN002143,Shreya Patel,Female,27.0,Married,BR010,Salaried,184000.0,638.0,2,3581.82,Personal Loan,51300.0,48,14.62,1417.86,0.33,0.0,2,2023-06-20,Approved,No,,0
LN002390,Rohan Nair,Male,43.0,Married,BR007,Salaried,1318100.0,740.0,0,0.0,Education Loan,563100.0,84,10.6,9523.62,0.09,0.0,0,2024-07-04,Approved,No,,0
LN001015,Anil Kapoor,Male,,Married,BR001,Self-Employed,410900.0,716.0,0,0.0,Business Loan,855300.0,60,12.34,19172.95,0.56,1069000.0,0,2022-12-29,Approved,No,,0
LN002988,Krishna Joshi,Male,26.0,Married,BR009,Salaried,252400.0,622.0,0,0.0,Auto Loan,117100.0,60,10.78,2533.21,0.12,0.0,1,2023-03-22,Approved,No,,0
LN000817,Meera Reddy,Female,49.0,Single,BR007,Salaried,382500.0,750.0,2,7312.6,Personal Loan,109700.0,36,13.5,3722.7,0.35,0.0,1,2024-03-22,Approved,No,,0
LN001984,Meera Das,Female,35.0,Married,BR008,Salaried,573200.0,605.0,2,10225.72,Auto Loan,450300.0,48,10.95,0.0,0.46,0.0,2,2022-05-29,Rejected,No,,0
LN002978,Nikhil Gupta,Male,30.0,Married,BR001,Salaried,443800.0,573.0,0,0.0,Auto Loan,230400.0,84,11.27,0.0,0.11,0.0,1,2024-01-28,Rejected,No,,0
LN001645,Deepak Das,Male,21.0,Married,BR007,Business Owner,436900.0,740.0,0,0.0,Personal Loan,159500.0,36,13.6,5420.4,0.15,0.0,0,2024-04-07,Approved,No,,0
LN004301,Vihaan Reddy,Male,36.0,Single,BR005,Self-Employed,688700.0,749.0,1,9268.61,Home Loan,3362500.0,300,8.51,0.0,0.63,3628900.0,2,2024-01-31,Rejected,No,,0
LN000487,Arjun Kapoor,Male,21.0,Married,BR011,Business Owner,1045700.0,603.0,0,0.0,Home Loan,4010400.0,300,9.97,36357.76,0.42,4640700.0,1,2023-02-20,Approved,No,,0
LN004186,Neha Das,Female,51.0,Married,BR009,Salaried,346900.0,681.0,0,0.0,Education Loan,131500.0,84,11.19,2264.76,0.08,0.0,2,2024-01-19,Approved,No,,0
LN002046,Rohan Joshi,Male,31.0,Married,BR013,Salaried,403000.0,631.0,1,1651.17,Personal Loan,52700.0,48,14.69,1458.41,0.09,0.0,0,2024-07-26,Approved,No,,0
LN000005,Reyansh Mehta,Male,30.0,Single,BR016,Salaried,527900.0,701.0,0,0.0,Education Loan,246500.0,84,10.99,4219.38,0.1,0.0,0,2024-10-02,Approved,No,,0
LN000063,Deepak Kapoor,Male,27.0,Single,BR009,Salaried,732400.0,696.0,0,0.0,Home Loan,2837900.0,300,9.04,23893.34,0.39,3224100.0,0,2024-07-25,Approved,No,,0
LN004684,Suresh Rao,Male,34.0,Married,BR008,Salaried,292600.0,771.0,0,0.0,Auto Loan,271100.0,60,9.29,5665.82,0.23,0.0,0,2025-07-25,Approved,No,,0
LN004901,Sai Kapoor,Male,33.0,Married,BR010,Salaried,1012400.0,751.0,3,17358.99,Auto Loan,864100.0,48,9.49,21704.78,0.46,0.0,1,2023-04-13,Approved,No,,0
LN004316,Shreya Pillai,Female,33.0,Married,BR012,Self-Employed,521200.0,649.0,1,1397.64,Personal Loan,269500.0,48,14.51,7433.62,0.2,0.0,0,2023-06-10,Approved,No,,0
LN004246,Krishna Das,Male,45.0,Married,BR011,Business Owner,1024500.0,567.0,0,0.0,Business Loan,856500.0,60,13.83,19853.85,0.23,857700.0,1,2023-06-12,Approved,No,,0
LN000838,Anjali Gupta,Female,36.0,Single,BR015,Salaried,557600.0,802.0,1,8030.26,Personal Loan,138700.0,24,12.98,6592.75,0.31,0.0,0,2024-10-16,Approved,No,,0
LN002356,Diya Patel,Female,39.0,Married,BR007,Self-Employed,159200.0,721.0,0,0.0,Home Loan,778400.0,240,8.79,0.0,0.52,1051100.0,1,2023-06-10,Rejected,No,,0
LN004957,Divya Das,Female,48.0,Married,BR005,Business Owner,2478600.0,632.0,0,0.0,Business Loan,4320600.0,36,13.18,0.0,0.71,5146600.0,1,2023-06-30,Rejected,No,,0
LN004891,Riya Das,Female,31.0,Single,BR013,Salaried,410400.0,604.0,1,8529.95,Business Loan,804900.0,60,13.46,18504.04,0.79,1083600.0,3,2022-10-11,Approved,No,,0
LN002919,Pooja Sharma,Female,50.0,Single,BR015,Business Owner,545300.0,714.0,0,0.0,Auto Loan,221900.0,84,9.86,3667.77,0.08,0.0,0,2024-11-21,Approved,Yes,2025-10-25,93
LN000302,Krishna Chauhan,Male,51.0,Married,BR002,Self-Employed,650800.0,727.0,1,3123.29,Home Loan,2248400.0,180,8.73,22445.06,0.47,2561400.0,0,2024-04-02,Approved,No,,0
LN003455,Divya Naidu,Female,21.0,Married,BR005,Unemployed,90000.0,689.0,2,468.8,Home Loan,324200.0,180,9.11,0.0,0.5,450300.0,1,2022-01-24,Rejected,No,,0
LN002556,Geeta Kapoor,Female,49.0,Married,BR004,Self-Employed,330100.0,588.0,0,0.0,Personal Loan,75000.0,36,15.12,2604.31,0.09,0.0,1,2023-08-08,Approved,No,,0
LN002846,Aarav Verma,Male,60.0,Married,BR012,Salaried,652400.0,739.0,1,10697.82,Business Loan,927600.0,36,12.11,30858.35,0.76,1157800.0,0,2024-04-27,Approved,No,,0
LN005104,Deepak Naidu,Male,45.0,Married,BR002,Salaried,431900.0,559.0,1,7262.52,Home Loan,1377600.0,120,10.41,0.0,0.72,1567900.0,1,2022-07-08,Rejected,No,,0
LN000324,Rajesh Kapoor,Male,54.0,Divorced,BR004,Business Owner,3007300.0,618.0,1,30010.5,Business Loan,6512600.0,24,13.32,310600.66,1.36,7801300.0,3,2022-04-27,Approved,Yes,2023-09-06,48
LN004087,Sai Kapoor,Male,21.0,Married,BR007,Business Owner,445200.0,463.0,1,6245.57,Business Loan,487100.0,24,14.87,0.0,0.8,564300.0,0,2023-01-16,Rejected,No,,0
LN001454,Rohan Rao,Male,39.0,Married,BR005,Self-Employed,375100.0,645.0,0,0.0,Personal Loan,156000.0,36,14.55,0.0,0.17,0.0,1,2022-01-12,Rejected,No,,0
LN005429,Aarav Joshi,Male,46.0,Married,BR008,Salaried,385800.0,735.0,0,0.0,Gold Loan,53400.0,24,9.15,2443.24,0.08,57700.0,0,2025-07-29,Approved,No,,0
LN001096,Arjun Reddy,Male,38.0,Married,BR008,Business Owner,330200.0,714.0,2,546.08,Personal Loan,141300.0,12,13.86,12677.61,0.48,0.0,0,2022-07-01,Approved,No,,0
LN001425,Rohan Joshi,Male,42.0,Single,BR005,Business Owner,521900.0,637.0,0,0.0,Personal Loan,117500.0,12,14.63,0.0,0.24,0.0,1,2025-04-04,Rejected,No,,0
LN003769,Divya Rao,Female,41.0,Married,BR001,Salaried,251700.0,674.0,0,0.0,Auto Loan,275400.0,36,10.26,8920.04,0.43,0.0,0,2025-04-28,Approved,No,,0
LN002050,Ishaan Iyer,Male,39.0,Married,BR008,Self-Employed,239300.0,734.0,0,0.0,Home Loan,1089500.0,300,8.66,8890.73,0.45,1235600.0,0,2022-10-06,Approved,No,,0
LN003334,Shreya Gupta,Female,30.0,Single,BR003,Salaried,696500.0,639.0,3,11706.22,Auto Loan,666800.0,36,10.61,0.0,0.58,0.0,2,2022-08-23,Rejected,No,,0
LN003575,Amit Kapoor,Male,28.0,Single,BR002,Business Owner,766000.0,683.0,0,0.0,Home Loan,3595400.0,180,9.17,36831.44,0.58,3619900.0,0,2024-01-01,Approved,No,,0
LN001190,Amit Joshi,Male,50.0,Married,BR002,Unemployed,176700.0,850.0,0,0.0,Personal Loan,75100.0,48,12.5,1996.16,0.14,0.0,1,2022-12-15,Approved,No,,0
LN003041,Aarav Chauhan,Male,21.0,Married,BR005,Business Owner,447100.0,659.0,4,3671.07,Personal Loan,72500.0,12,14.41,0.0,0.27,0.0,1,2023-11-10,Rejected,No,,0
LN000304,Anjali Sharma,Female,36.0,Single,BR006,Salaried,403600.0,843.0,1,4758.16,Personal Loan,217000.0,24,12.57,10272.8,0.45,0.0,0,2024-05-28,Approved,No,,0
LN000583,Ishaan Bhatt,Male,39.0,Married,BR013,Salaried,471000.0,763.0,2,6733.21,Home Loan,2020100.0,120,8.37,24906.11,0.81,2363600.0,1,2022-01-16,Approved,No,,0
LN002746,Sai Bhatt,Male,45.0,Married,BR015,Self-Employed,122200.0,709.0,2,1644.62,Home Loan,405000.0,120,8.91,5110.66,0.66,523900.0,0,2022-09-24,Approved,Yes,2025-06-22,59
LN004736,Manish Iyer,Male,25.0,Single,BR006,Self-Employed,216100.0,743.0,1,702.75,Business Loan,233000.0,84,12.07,4121.81,0.27,242700.0,1,2023-09-09,Approved,No,,0
LN000895,Suresh Reddy,Male,26.0,Single,BR014,Business Owner,176300.0,697.0,0,0.0,Home Loan,991500.0,300,9.03,8341.01,0.57,1085000.0,0,2024-10-07,Approved,No,,0
LN000135,Suresh Patel,Male,38.0,Single,BR011,Business Owner,425300.0,614.0,0,0.0,Home Loan,1757800.0,180,9.86,18739.14,0.53,2453200.0,1,2025-03-10,Approved,No,,0
LN000952,Krishna Patel,Male,39.0,Divorced,BR007,Business Owner,458600.0,596.0,0,0.0,Auto Loan,390700.0,48,11.04,0.0,0.26,0.0,2,2025-03-29,Rejected,No,,0
LN005385,Rekha Rao,Female,34.0,Divorced,BR003,Salaried,231800.0,608.0,0,0.0,Business Loan,118500.0,36,13.42,4016.75,0.21,157800.0,2,2023-05-04,Approved,No,,0
LN003633,Aarav Kapoor,Male,26.0,Married,BR013,Salaried,1240200.0,544.0,3,20745.84,Home Loan,6767700.0,180,10.56,75062.02,0.93,8045100.0,0,2023-01-22,Approved,Yes,2025-07-03,179
LN004310,Deepak Iyer,Male,33.0,Single,BR009,Self-Employed,637200.0,788.0,0,0.0,Business Loan,926000.0,36,11.62,0.0,0.58,971200.0,0,2023-08-28,Rejected,No,,0
LN001141,Sai Nair,Male,34.0,Married,BR010,Salaried,388100.0,807.0,0,0.0,Personal Loan,149500.0,12,12.93,13348.02,0.41,0.0,0,2023-06-07,Approved,No,,0
LN003234,Aarav Agarwal,Male,25.0,Married,BR005,Salaried,414200.0,663.0,0,0.0,Gold Loan,98500.0,12,9.87,8653.76,0.25,126300.0,0,2025-03-22,Approved,No,,0
LN002035,Geeta Singh,Female,26.0,Single,BR016,Business Owner,595400.0,641.0,0,0.0,Personal Loan,109900.0,36,14.59,3787.69,0.08,0.0,2,2023-09-27,Approved,No,,0
LN000388,Reyansh Das,Male,21.0,Single,BR010,Salaried,545400.0,589.0,1,1802.07,Personal Loan,204800.0,24,15.11,9940.77,0.26,0.0,1,2024-09-12,Approved,No,,0
LN002866,Krishna Nair,Male,40.0,Single,BR008,Business Owner,731400.0,878.0,0,0.0,Home Loan,3688700.0,120,7.22,43248.35,0.71,3756200.0,0,2022-02-04,Approved,No,,0
LN001187,Kritika Chauhan,Female,46.0,Single,BR002,Salaried,328000.0,582.0,0,0.0,Home Loan,1622800.0,240,10.18,15854.39,0.58,1780500.0,2,2024-12-04,Approved,Yes,2025-12-03,68
LN002823,Suresh Naidu,Male,32.0,Married,BR002,Business Owner,731600.0,753.0,2,14098.73,Home Loan,3993500.0,180,8.47,39255.38,0.88,4219700.0,0,2022-11-10,Approved,No,,0
LN002865,Ananya Nair,Female,22.0,Single,BR017,Salaried,410400.0,625.0,0,0.0,Auto Loan,462800.0,36,10.75,15096.75,0.44,0.0,1,2024-11-27,Approved,No,,0
LN000422,Rajesh Reddy,Male,33.0,Single,BR010,Salaried,539700.0,621.0,2,9367.33,Personal Loan,95800.0,24,14.79,4635.47,0.31,0.0,1,2025-09-12,Approved,No,,0
LN003302,Amit Nair,Male,32.0,Married,BR003,Salaried,509300.0,705.0,1,6450.2,Auto Loan,400300.0,60,9.95,8495.35,0.35,0.0,0,2024-05-11,Approved,No,,0
LN001361,Amit Malhotra,Male,37.0,Married,BR001,Salaried,466100.0,474.0,0,0.0,Home Loan,1943300.0,180,11.26,22405.79,0.58,2345100.0,0,2023-11-19,Approved,No,,0
LN001468,Diya Agarwal,Female,46.0,Married,BR005,Salaried,282300.0,803.0,0,0.0,Personal Loan,158500.0,48,12.97,0.0,0.18,0.0,0,2022-09-19,Rejected,No,,0
LN000920,Vikram Malhotra,Male,37.0,Single,BR005,Salaried,334700.0,513.0,2,2092.59,Education Loan,253400.0,84,12.87,4591.95,0.24,0.0,2,2022-01-21,Approved,No,,0
LN003169,Amit Malhotra,Male,21.0,Married,BR001,Business Owner,1745200.0,717.0,2,10292.95,Personal Loan,695300.0,36,13.83,23706.34,0.23,0.0,0,2023-03-11,Approved,No,,0
LN001742,Saanvi Mehta,Female,28.0,Single,BR001,Salaried,656200.0,,1,6919.99,Personal Loan,126500.0,48,14.16,3466.96,0.19,0.0,0,2025-01-13,Approved,No,,0
LN003658,Sneha Reddy,Female,33.0,Married,BR012,Self-Employed,739900.0,605.0,1,10961.58,Personal Loan,423900.0,48,14.95,11786.71,0.37,0.0,0,2023-07-18,Approved,Yes,2024-01-18,49
LN005382,Sai Reddy,Male,36.0,Single,BR001,Salaried,417400.0,631.0,1,4474.04,Auto Loan,349200.0,48,10.69,8972.78,0.39,0.0,0,2025-12-19,Approved,Yes,,41
LN001357,Pooja Reddy,Female,40.0,Married,BR010,Salaried,343500.0,656.0,0,0.0,Business Loan,270100.0,24,12.94,12833.44,0.45,272500.0,1,2022-12-30,Approved,Yes,2023-08-24,29
LN002157,Vikram Das,Male,23.0,Single,BR002,Salaried,370800.0,762.0,1,1584.61,Home Loan,1301000.0,300,8.38,10371.01,0.39,1649800.0,1,2024-01-09,Approved,No,,0
LN003085,Arjun Verma,Male,44.0,Married,BR016,Salaried,350700.0,692.0,1,7076.11,Auto Loan,209500.0,36,10.08,0.0,0.47,0.0,0,2022-05-02,Rejected,No,,0
LN003681,Swati Bhatt,Female,29.0,Married,BR006,Salaried,326300.0,605.0,0,0.0,Gold Loan,81400.0,6,10.45,13983.15,0.51,93300.0,0,2022-12-09,Approved,No,,0
LN004076,Saanvi Singh,Female,55.0,Single,BR008,Salaried,440500.0,581.0,1,4153.87,Home Loan,1789900.0,120,10.19,23842.38,0.76,2325600.0,2,2022-02-11,Approved,No,,0
LN004831,Sai Malhotra,Male,32.0,Single,BR012,Self-Employed,290800.0,666.0,1,708.86,Personal Loan,81000.0,24,14.34,0.0,0.19,0.0,0,2024-01-24,Rejected,No,,0
LN002086,Deepak Reddy,Male,38.0,Married,BR006,Salaried,716800.0,580.0,0,0.0,Home Loan,3105200.0,180,10.2,0.0,0.57,4129700.0,0,2023-03-03,Rejected,No,,0
LN001370,Rekha Sharma,Female,37.0,Single,BR001,Salaried,322000.0,724.0,0,0.0,Education Loan,209600.0,60,10.76,4532.16,0.17,0.0,1,2025-02-17,Approved,No,,0
LN001123,Rajesh Singh,Male,49.0,Divorced,BR015,Business Owner,573400.0,610.0,0,0.0,Home Loan,1963800.0,240,9.9,18821.17,0.39,2553800.0,0,2022-02-22,Approved,No,,0
LN002028,Nikhil Bhatt,Male,23.0,Single,BR005,Salaried,334600.0,652.0,1,445.65,Gold Loan,57900.0,6,9.98,9932.83,0.37,76200.0,0,2025-07-20,Approved,No,,0
LN001182,Kritika Naidu,Female,38.0,Married,BR007,Salaried,474900.0,529.0,2,5514.79,Personal Loan,129300.0,24,15.71,6313.03,0.3,0.0,3,2024-12-23,Approved,Yes,2025-12-18,21
LN003407,Diya Patel,Female,35.0,Single,BR002,Business Owner,613300.0,714.0,1,1764.52,Personal Loan,226100.0,48,13.86,6162.65,0.16,0.0,0,2025-01-12,Approved,No,,0
LN001099,Ishita Bhatt,Female,23.0,Married,BR011,Self-Employed,290200.0,654.0,1,1048.26,Personal Loan,36600.0,36,14.46,1259.09,0.1,0.0,0,2022-06-03,Approved,No,,0
LN001290,Vikram Chatterjee,Male,44.0,Married,BR003,Business Owner,756900.0,664.0,2,12175.3,Personal Loan,422000.0,12,14.36,37961.68,0.79,0.0,1,2025-02-24,Approved,No,,0
LN000879,Sneha Rao,Female,30.0,Married,BR007,Salaried,317900.0,551.0,2,1427.11,Personal Loan,64700.0,48,15.49,0.0,0.12,0.0,0,2024-01-30,Rejected,No,,0
LN004094,Ishaan Malhotra,Male,22.0,Single,BR014,Self-Employed,512200.0,815.0,0,0.0,Personal Loan,66000.0,48,12.85,1765.71,0.04,0.0,1,2022-09-17,Approved,No,,0
LN003734,Aditya Chatterjee,Male,41.0,Single,BR011,Salaried,567700.0,609.0,2,9890.16,Auto Loan,343300.0,48,10.91,0.0,0.4,0.0,1,2025-08-30,Rejected,No,,0
LN005316,Sneha Das,Female,32.0,Single,BR002,Salaried,339700.0,622.0,1,1632.09,Personal Loan,126700.0,48,14.78,3512.04,0.18,0.0,3,2025-04-04,Approved,Yes,2025-06-02,3
LN003541,Krishna Naidu,Male,21.0,Married,BR011,Salaried,259800.0,850.0,2,2022.41,Education Loan,170900.0,84,9.5,2793.19,0.22,0.0,0,2025-05-06,Approved,No,,0
LN005409,Karthik Patel,Male,42.0,Married,BR002,Salaried,238800.0,771.0,0,0.0,Auto Loan,167800.0,36,9.29,5358.67,0.27,0.0,0,2022-08-09,Approved,No,,0
LN003637,Ananya Iyer,Female,39.0,Single,BR003,Salaried,849000.0,672.0,3,4268.55,Personal Loan,361400.0,36,14.28,0.0,0.24,0.0,0,2022-05-14,Rejected,No,,0
LN002379,Vikram Mehta,Male,51.0,Single,BR003,Salaried,547700.0,626.0,1,9333.81,Education Loan,298800.0,84,11.74,0.0,0.32,0.0,2,2025-08-18,Rejected,No,,0
LN000936,Rohan Kapoor,Male,40.0,Married,BR015,Business Owner,438400.0,675.0,2,581.7,Personal Loan,168900.0,12,14.25,15184.92,0.43,0.0,0,2023-08-10,Approved,Yes,2024-01-08,45
LN002963,Aarav Malhotra,Male,36.0,Married,BR004,Business Owner,748900.0,668.0,1,7012.72,Education Loan,382100.0,84,11.32,6606.95,0.22,0.0,1,2024-10-23,Approved,No,,0
LN000704,Aadhya Chatterjee,Female,50.0,Single,BR012,Salaried,604000.0,797.0,2,5251.51,Education Loan,529600.0,60,10.03,11260.25,0.33,0.0,0,2024-06-26,Approved,No,,0
LN000306,Rahul Mehta,Male,35.0,Married,BR001,Salaried,470300.0,709.0,0,0.0,Home Loan,2699800.0,300,8.91,0.0,0.57,3681700.0,0,2024-03-03,Rejected,No,,0
LN004885,Manish Das,Male,37.0,Divorced,BR007,Salaried,1407600.0,746.0,0,0.0,Personal Loan,805500.0,12,13.54,72149.3,0.62,0.0,2,2022-12-30,Approved,No,,0
LN000381,Sunita Nair,Female,36.0,Married,BR017,Self-Employed,496600.0,525.0,0,0.0,Education Loan,310300.0,120,12.75,0.0,0.11,0.0,3,2025-08-21,Rejected,No,,0
LN001193,Sneha Verma,Female,35.0,Married,BR001,Salaried,380500.0,656.0,0,0.0,Gold Loan,113300.0,12,9.94,9957.71,0.31,135800.0,1,2023-07-25,Approved,Yes,2023-12-09,8
LN003359,Ishita Gupta,Female,37.0,Married,BR002,Salaried,386100.0,798.0,1,811.23,Home Loan,2033700.0,120,8.02,24695.89,0.79,2552700.0,0,2024-03-01,Approved,No,,0
LN001919,Sneha Chatterjee,Female,43.0,Single,BR016,Self-Employed,234600.0,760.0,0,0.0,Gold Loan,25000.0,12,8.9,2185.13,0.11,25100.0,0,2024-02-24,Approved,No,,0
LN000639,Nikhil Verma,Male,36.0,Single,BR008,Salaried,693100.0,687.0,2,9390.14,Auto Loan,789500.0,60,10.13,0.0,0.45,0.0,0,2025-12-22,Rejected,No,,0
LN000810,Rekha Gupta,Female,36.0,Single,BR009,Unemployed,90000.0,664.0,2,808.03,Personal Loan,25000.0,24,14.36,0.0,0.27,0.0,1,2023-12-10,Rejected,No,,0
LN003103,Rahul Bhatt,Male,47.0,Married,BR011,Self-Employed,,569.0,1,2148.91,Personal Loan,37800.0,48,15.31,0.0,0.12,0.0,2,2023-09-30,Rejected,No,,0
LN003492,Pooja Gupta,Female,48.0,Single,BR017,Salaried,578200.0,724.0,0,0.0,Education Loan,555400.0,36,10.76,18120.02,0.38,0.0,1,2022-05-16,Approved,No,,0
LN003261,Arjun Naidu,Male,31.0,Divorced,BR007,Business Owner,229800.0,640.0,0,0.0,Business Loan,195200.0,36,13.1,6586.47,0.34,219900.0,1,2023-02-02,Approved,No,,0
LN002701,Saanvi Chatterjee,Female,41.0,Married,BR005,Business Owner,648000.0,463.0,1,6480.47,Business Loan,614000.0,60,14.87,14565.15,0.39,807200.0,3,2022-05-21,Approved,Yes,2023-12-09,50
LN001704,Krishna Pillai,Male,41.0,Single,BR010,Salaried,474100.0,629.0,2,119.69,Auto Loan,411000.0,84,10.71,6974.81,0.18,0.0,1,2023-12-19,Approved,Yes,2025-03-21,22
LN004533,Sunita Agarwal,Female,32.0,Single,BR002,Salaried,280500.0,692.0,1,3231.06,Business Loan,594300.0,24,12.58,28137.01,1.34,809200.0,0,2025-06-07,Approved,Yes,2025-09-11,118
LN000234,Aditya Iyer,Male,36.0,Divorced,BR007,Salaried,506400.0,713.0,1,10057.94,Personal Loan,213300.0,48,13.87,5814.84,0.38,0.0,0,2024-06-16,Approved,No,,0
LN002052,Geeta Joshi,Female,38.0,Single,BR015,Self-Employed,468300.0,791.0,1,8602.03,Education Loan,405200.0,60,10.09,8627.26,0.44,0.0,1,2024-05-01,Approved,Yes,2025-12-03,119
LN005448,Deepak Agarwal,Male,24.0,Married,BR005,Business Owner,291900.0,,2,2886.4,Auto Loan,261500.0,48,8.74,6475.2,0.38,0.0,1,2023-08-11,Approved,No,,0
LN000885,Swati Das,Female,38.0,Single,BR007,Salaried,552300.0,692.0,0,0.0,Auto Loan,600100.0,36,10.08,19386.09,0.42,0.0,1,2024-10-05,Approved,No,,0
LN003779,Ishaan Patel,Male,58.0,Single,BR008,Business Owner,490600.0,699.0,1,7347.38,Education Loan,226200.0,120,11.01,3117.19,0.26,0.0,0,2023-12-26,Approved,No,,0
LN002636,Deepak Chatterjee,Male,22.0,Married,BR002,Salaried,415000.0,741.0,1,2365.28,Personal Loan,132900.0,36,13.59,0.0,0.2,0.0,1,2024-04-02,Rejected,No,,0
LN003437,Rajesh Mehta,Male,26.0,Single,BR005,Salaried,697400.0,783.0,1,10024.67,Home Loan,2401600.0,180,8.17,23187.26,0.57,2418500.0,0,2024-10-20,Approved,No,,0
LN005258,Saanvi Chatterjee,Female,22.0,Married,BR005,Salaried,469500.0,495.0,0,0.0,Personal Loan,184500.0,48,16.05,0.0,0.13,0.0,4,2025-06-13,Rejected,No,,0
LN000008,Sai Mehta,Male,30.0,Single,BR003,Business Owner,358700.0,408.0,1,6724.01,Education Loan,186300.0,120,13.92,0.0,0.32,0.0,1,2023-11-16,Rejected,No,,0
LN003855,Nikhil Das,Male,23.0,Single,BR002,Salaried,483100.0,814.0,0,0.0,Personal Loan,229300.0,48,12.86,0.0,0.15,0.0,1,2023-08-02,Rejected,No,,0
LN003802,Neha Joshi,Female,34.0,Single,BR011,Business Owner,374700.0,674.0,1,4721.67,Home Loan,2124500.0,120,9.26,27212.12,1.02,2436900.0,1,2024-02-29,Approved,No,,0
LN002845,Diya Kapoor,Female,35.0,Single,BR007,Salaried,326100.0,718.0,1,1524.68,Personal Loan,152600.0,24,13.82,7313.8,0.33,0.0,1,2022-06-19,Approved,No,,0
LN005199,Deepak Agarwal,Male,35.0,Single,BR011,Salaried,747600.0,663.0,0,0.0,Personal Loan,360300.0,48,14.37,9912.73,0.16,0.0,0,2025-11-02,Approved,No,,0
LN003065,Arjun Agarwal,Male,57.0,Married,BR003,Salaried,1053400.0,576.0,1,10062.38,Personal Loan,271000.0,48,15.24,7575.14,0.2,0.0,1,2022-12-29,Approved,No,,0
LN001869,Vikram Bhatt,Male,39.0,Married,BR003,Business Owner,672500.0,708.0,0,0.0,Business Loan,825600.0,60,12.42,18540.72,0.33,1005100.0,1,2023-07-10,Approved,Yes,2024-12-08,3
LN001217,Vivaan Agarwal,Male,34.0,Married,BR004,Business Owner,275900.0,623.0,1,320.11,Education Loan,161400.0,36,11.77,5343.08,0.25,0.0,3,2023-04-14,Approved,Yes,2023-09-17,281
LN005040,Rajesh Chatterjee,Male,28.0,Married,BR005,Business Owner,484100.0,693.0,0,0.0,Auto Loan,348100.0,84,10.07,0.0,0.14,0.0,0,2025-02-23,Rejected,No,,0
LN005239,Rohan Mehta,Male,47.0,Single,BR009,Self-Employed,318900.0,825.0,2,2835.8,Auto Loan,165700.0,84,8.75,2644.98,0.21,0.0,1,2022-01-09,Approved,No,,0
LN003370,Meera Naidu,Female,33.0,Single,BR015,Self-Employed,510000.0,568.0,0,0.0,Home Loan,2889100.0,240,10.32,0.0,0.67,3753600.0,1,2024-02-27,Rejected,No,,0
LN004908,Riya Reddy,Female,35.0,Single,BR007,Salaried,525600.0,734.0,3,2057.08,Auto Loan,578400.0,84,9.66,9500.82,0.26,0.0,0,2024-07-15,Approved,No,,0
LN000300,Geeta Patel,Female,50.0,Married,BR005,Self-Employed,303300.0,564.0,0,0.0,Gold Loan,70200.0,24,10.86,3267.31,0.13,75600.0,0,2025-08-11,Approved,No,,0
LN000682,Saanvi Singh,Female,27.0,Married,BR005,Business Owner,954400.0,601.0,0,0.0,Auto Loan,779100.0,60,10.99,16935.64,0.21,0.0,1,2025-05-08,Approved,No,,0
LN003583,Pooja Pillai,Female,24.0,Single,BR001,Salaried,937800.0,709.0,1,8003.59,Personal Loan,125400.0,12,13.91,11253.99,0.25,0.0,0,2023-03-13,Approved,No,,0
LN005274,Sai Iyer,Male,39.0,Married,BR001,Salaried,519300.0,682.0,0,0.0,Personal Loan,121400.0,48,14.18,3328.41,0.08,0.0,0,2024-06-02,Approved,No,,0
LN002094,Reyansh Reddy,Male,44.0,Married,BR005,Salaried,688900.0,483.0,1,79.04,Personal Loan,158900.0,36,16.17,0.0,0.1,0.0,0,2025-01-29,Rejected,No,,0
LN003613,Aditya Rao,Male,48.0,Married,BR004,Self-Employed,2123100.0,512.0,0,0.0,Business Loan,4790900.0,60,14.38,0.0,0.64,5460600.0,1,2023-04-02,Rejected,No,,0
LN004489,Rahul Rao,Male,27.0,Single,BR008,Salaried,206100.0,496.0,0,0.0,Personal Loan,25000.0,48,16.04,709.02,0.04,0.0,1,2025-07-01,Approved,No,,0
LN002186,Geeta Bhatt,Female,47.0,Single,BR001,Self-Employed,535300.0,680.0,0,0.0,Personal Loan,226700.0,12,14.2,20376.08,0.46,0.0,0,2023-04-08,Approved,No,,0
LN002594,Suresh Gupta,Male,27.0,Married,BR011,Salaried,395300.0,680.0,0,0.0,Gold Loan,108300.0,18,9.7,0.0,0.2,139800.0,0,2022-05-15,Rejected,No,,0
LN003108,Vikram Iyer,Male,44.0,Single,BR006,Self-Employed,295700.0,490.0,0,0.0,Home Loan,1233200.0,180,11.1,0.0,0.57,1404300.0,1,2025-06-24,Rejected,No,,0
LN003606,Saanvi Bhatt,Female,47.0,Married,BR008,Salaried,380300.0,667.0,0,0.0,Education Loan,250600.0,120,11.33,3498.99,0.11,0.0,0,2024-05-08,Approved,No,,0
LN005223,Manish Bhatt,Male,31.0,Married,BR002,Self-Employed,565900.0,530.0,0,0.0,Auto Loan,495500.0,36,11.7,0.0,0.35,0.0,3,2023-10-02,Rejected,No,,0
LN004478,Anil Nair,Male,46.0,Single,BR011,Salaried,301500.0,651.0,1,1893.8,Education Loan,92600.0,60,11.49,0.0,0.16,0.0,0,2025-07-31,Rejected,No,,0
LN000206,Manish Patel,Male,22.0,Married,BR008,Salaried,608500.0,672.0,0,0.0,Auto Loan,258700.0,60,10.28,5532.32,0.11,0.0,1,2024-11-14,Approved,No,,0
LN001833,Divya Nair,Female,50.0,Married,BR010,Self-Employed,220700.0,695.0,0,0.0,Personal Loan,79300.0,24,14.05,0.0,0.21,0.0,1,2024-07-10,Rejected,No,,0
LN002924,Reyansh Iyer,Male,36.0,Single,BR011,Salaried,563200.0,692.0,0,0.0,Business Loan,361200.0,84,12.58,6488.74,0.14,462900.0,0,2022-12-28,Approved,No,,0
LN003315,Meera Kapoor,Female,43.0,Married,BR011,Business Owner,480200.0,677.0,0,0.0,Gold Loan,51400.0,12,9.73,4512.42,0.11,69300.0,1,2025-03-06,Approved,No,,0
LN001909,Arjun Mehta,Male,28.0,Single,BR003,Salaried,184100.0,707.0,1,2489.47,Personal Loan,30200.0,24,13.93,1448.99,0.26,0.0,0,2025-12-22,Approved,No,,0
LN000511,Kavya Malhotra,Female,21.0,Single,BR008,Self-Employed,1000700.0,717.0,1,7851.36,Business Loan,1432400.0,60,12.33,0.0,0.48,1715800.0,0,2022-07-22,Rejected,No,,0
LN002472,Geeta Kapoor,Female,47.0,Married,BR008,Self-Employed,780000.0,659.0,0,0.0,Personal Loan,81400.0,12,14.41,7324.38,0.11,0.0,1,2024-07-27,Approved,No,,0
LN003483,Rajesh Singh,Male,44.0,Married,BR009,Self-Employed,802100.0,581.0,1,9894.67,Personal Loan,125600.0,36,15.19,0.0,0.21,0.0,0,2023-02-22,Rejected,No,,0
LN003713,Vikram Naidu,Male,33.0,Single,BR015,Self-Employed,476800.0,633.0,2,7203.3,Home Loan,2180400.0,180,9.67,22992.47,0.76,2593300.0,0,2022-02-05,Approved,No,,0
LN003615,Vihaan Agarwal,Male,49.0,Single,BR006,Salaried,969300.0,618.0,2,10036.82,Home Loan,4408300.0,120,9.82,0.0,0.84,6069500.0,1,2023-05-09,Rejected,No,,0
LN003819,Swati Sharma,Female,41.0,Single,BR011,Salaried,,801.0,2,5450.73,Education Loan,240600.0,84,9.99,3993.0,0.36,0.0,0,2023-08-31,Approved,Yes,2024-12-18,210
LN004129,Divya Iyer,Female,45.0,Divorced,BR003,Self-Employed,614700.0,599.0,0,0.0,Business Loan,695800.0,36,13.51,23615.54,0.46,900200.0,1,2025-06-23,Approved,No,,0
LN005411,Anjali Naidu,Female,65.0,Married,BR008,Salaried,349300.0,699.0,2,4252.22,Personal Loan,69400.0,12,14.01,6231.55,0.36,0.0,0,2025-01-08,Approved,No,,0
LN002570,Aarav Gupta,Male,49.0,Single,BR004,Self-Employed,271200.0,700.0,1,1776.41,Business Loan,475400.0,60,12.5,0.0,0.55,549700.0,1,2023-07-22,Rejected,No,,0
LN001359,Divya Singh,Female,22.0,Single,BR011,Salaried,393900.0,739.0,3,3247.44,Home Loan,2137600.0,300,8.61,17371.28,0.63,2710500.0,0,2023-01-31,Approved,No,,0
LN002539,Vikram Singh,Male,22.0,Married,BR006,Self-Employed,508200.0,798.0,0,0.0,Business Loan,868900.0,84,11.52,15116.31,0.36,1212400.0,2,2024-01-22,Approved,No,,0
LN001005,Kritika Patel,Female,24.0,Single,BR002,Salaried,292700.0,630.0,1,2644.07,Personal Loan,34200.0,48,14.7,946.62,0.15,0.0,1,2023-01-26,Approved,No,,0
LN003288,Priya Malhotra,Female,33.0,Married,BR013,Business Owner,827400.0,692.0,0,0.0,Business Loan,1373900.0,60,12.58,0.0,0.45,1435900.0,2,2025-06-01,Rejected,No,,0
LN004095,Saanvi Joshi,Female,37.0,Divorced,BR010,Self-Employed,379300.0,737.0,0,0.0,Auto Loan,165000.0,60,9.63,3475.8,0.11,0.0,0,2023-05-05,Approved,No,,0
LN001572,Anil Mehta,Male,44.0,Married,BR002,Salaried,844500.0,627.0,0,0.0,Education Loan,553000.0,60,11.73,12225.86,0.17,0.0,1,2025-11-03,Approved,No,,0
LN001261,Aarav Agarwal,Male,40.0,Single,BR009,Salaried,365900.0,755.0,0,0.0,Business Loan,377200.0,36,11.95,12519.43,0.41,507000.0,1,2024-05-25,Approved,No,,0
LN005312,Anjali Iyer,Female,56.0,Single,BR017,Self-Employed,199800.0,766.0,0,0.0,Auto Loan,206900.0,36,9.34,6612.15,0.4,0.0,0,2024-08-14,Approved,No,,0
LN000351,Rohan Sharma,Male,23.0,Married,BR001,Salaried,441300.0,670.0,0,0.0,Gold Loan,111200.0,24,9.8,0.0,0.14,140700.0,2,2024-12-07,Rejected,No,,0
LN004503,Meera Gupta,Female,45.0,Married,BR005,Self-Employed,482200.0,650.0,0,0.0,Personal Loan,173500.0,12,14.5,0.0,0.39,0.0,0,2022-09-18,Rejected,No,,0
LN000940,Kritika Mehta,Female,39.0,Single,BR010,Business Owner,707600.0,657.0,0,0.0,Gold Loan,121200.0,12,9.93,0.0,0.18,127200.0,1,2025-06-05,Rejected,No,,0
LN000546,Amit Agarwal,Male,29.0,Single,BR008,Salaried,340200.0,703.0,2,4873.53,Gold Loan,25000.0,18,9.47,1495.33,0.22,31200.0,0,2022-10-11,Approved,No,,0
LN005489,Reyansh Joshi,Male,32.0,Married,BR005,Salaried,298000.0,704.0,0,0.0,Education Loan,208500.0,120,10.96,2867.37,0.12,0.0,1,2024-05-25,Approved,Yes,2024-10-13,35
LN003550,Aadhya Rao,Female,25.0,Divorced,BR011,Self-Employed,319800.0,858.0,2,1395.17,Education Loan,219500.0,36,9.42,0.0,0.32,0.0,0,2022-05-05,Rejected,No,,0
LN005182,Kritika Agarwal,Female,28.0,Married,BR005,Salaried,620800.0,706.0,0,0.0,Business Loan,494200.0,36,12.44,16518.56,0.32,599500.0,0,2025-07-09,Approved,No,,0
LN001038,Saanvi Verma,Female,41.0,Single,BR006,Business Owner,398700.0,679.0,0,0.0,Auto Loan,234300.0,60,10.21,5002.43,0.15,0.0,1,2024-07-06,Approved,No,,0
LN004778,Saanvi Patel,Female,37.0,Married,BR003,Salaried,472600.0,521.0,0,0.0,Auto Loan,438800.0,48,11.79,0.0,0.29,0.0,0,2023-01-01,Rejected,No,,0
LN001918,Manish Das,Male,21.0,Married,BR016,Salaried,644700.0,800.0,3,8237.7,Auto Loan,290000.0,36,9.0,9221.92,0.32,0.0,0,2024-02-26,Approved,No,,0
LN000154,Neha Naidu,Female,43.0,Married,BR010,Salaried,335300.0,693.0,1,1750.59,Home Loan,1015700.0,240,9.07,0.0,0.39,1100300.0,1,2022-07-27,Rejected,No,,0
LN000123,Vivaan Malhotra,Male,27.0,Married,BR013,Salaried,163300.0,777.0,1,1026.06,Personal Loan,92400.0,12,13.23,8262.89,0.68,0.0,0,2023-01-21,Approved,Yes,2023-10-01,19
LN002512,Rajesh Chauhan,Male,26.0,Single,BR008,Business Owner,417000.0,623.0,1,8286.25,Home Loan,2022100.0,180,9.77,21445.95,0.86,2248700.0,2,2025-01-28,Approved,No,,0
LN001263,Rahul Pillai,Male,55.0,Divorced,BR007,Salaried,187200.0,689.0,1,1959.42,Business Loan,379100.0,24,12.61,0.0,1.28,505900.0,0,2022-11-18,Rejected,No,,0
LN004977,Arjun Singh,Male,34.0,Single,BR014,Salaried,521200.0,617.0,0,0.0,Personal Loan,262100.0,48,14.83,0.0,0.17,0.0,1,2023-01-28,Rejected,No,,0
LN001842,Anil Patel,Male,24.0,Married,BR015,Salaried,386600.0,695.0,1,4249.92,Personal Loan,174200.0,48,14.05,4764.64,0.28,0.0,0,2023-04-15,Approved,No,,0
LN003825,Swati Chatterjee,Female,23.0,Single,BR014,Self-Employed,239600.0,746.0,2,3921.83,Personal Loan,133000.0,12,13.54,0.0,0.79,0.0,1,2024-07-10,Rejected,No,,0
LN004049,Kavya Verma,Female,37.0,Married,BR007,Business Owner,203400.0,599.0,0,0.0,Personal Loan,46300.0,12,15.01,0.0,0.25,0.0,1,2022-02-25,Rejected,No,,0
LN001544,Geeta Iyer,Female,47.0,Single,BR010,Unemployed,,556.0,0,0.0,Personal Loan,38100.0,36,15.44,1328.97,0.06,0.0,1,2025-07-30,Approved,Yes,2025-09-18,107
LN004683,Nikhil Nair,Male,28.0,Married,BR001,Salaried,264900.0,631.0,0,0.0,Home Loan,1465000.0,240,9.69,13838.0,0.63,1538200.0,0,2025-07-31,Approved,No,,0
LN001905,Sneha Das,Female,27.0,Single,BR003,Business Owner,225000.0,601.0,0,0.0,Home Loan,1023100.0,120,9.99,13514.68,0.72,1404500.0,2,2022-07-02,Approved,Yes,2025-06-23,7
LN001274,Pooja Das,Female,44.0,Married,BR009,Business Owner,619000.0,483.0,1,1160.78,Business Loan,1333900.0,24,14.67,0.0,1.27,1807300.0,0,2023-09-08,Rejected,No,,0
LN000947,Shreya Rao,Female,29.0,Married,BR002,Salaried,477900.0,539.0,0,0.0,Personal Loan,64900.0,36,15.61,0.0,0.06,0.0,0,2024-06-26,Rejected,No,,0
LN005183,Aditya Verma,Male,,Married,BR007,Self-Employed,369200.0,636.0,1,4731.84,Business Loan,384500.0,36,13.14,12981.27,0.58,413100.0,1,2025-04-14,Approved,No,,0
LN001083,Ishaan Rao,Male,39.0,Married,BR007,Salaried,369200.0,616.0,0,0.0,Auto Loan,301600.0,48,10.84,7771.6,0.25,0.0,1,2025-10-23,Approved,Yes,2025-12-06,83
LN003430,Deepak Verma,Male,23.0,Married,BR006,Salaried,271300.0,657.0,1,1342.0,Business Loan,594000.0,36,12.93,19994.19,0.94,625200.0,0,2022-03-02,Approved,Yes,2024-07-06,36
LN000198,Aarav Patel,Male,48.0,Single,BR011,Business Owner,670000.0,583.0,0,0.0,Home Loan,2997400.0,120,10.17,0.0,0.71,3310600.0,1,2022-02-26,Rejected,No,,0
LN003279,Suresh Bhatt,Male,35.0,Married,BR010,Salaried,319300.0,488.0,0,0.0,Auto Loan,186900.0,60,12.12,0.0,0.16,0.0,2,2024-01-22,Rejected,No,,0
LN000151,Vivaan Rao,Male,48.0,Married,BR007,Salaried,239900.0,729.0,1,2802.17,Auto Loan,265000.0,60,9.71,5592.73,0.42,0.0,0,2023-05-19,Approved,No,,0
LN002739,Ishaan Naidu,Male,41.0,Married,BR003,Salaried,831500.0,,1,5871.04,Business Loan,2058100.0,24,11.51,96411.64,1.48,2661200.0,0,2024-08-28,Approved,No,,0
LN000181,Aarav Nair,Male,31.0,Single,BR009,Self-Employed,322200.0,822.0,1,766.79,Auto Loan,204500.0,84,8.78,3267.43,0.15,0.0,0,2023-12-16,Approved,No,,0
LN005232,Vihaan Gupta,Male,36.0,Married,BR008,Salaried,449600.0,691.0,0,0.0,Personal Loan,141700.0,36,14.09,4849.17,0.13,0.0,0,2022-03-16,Approved,No,,0
LN001805,Deepak Chauhan,Male,40.0,Single,BR005,Salaried,242000.0,746.0,1,1567.67,Business Loan,403800.0,60,12.04,8990.47,0.52,521000.0,0,2024-08-07,Approved,No,,0
LN004382,Sneha Verma,Female,33.0,Married,BR003,Salaried,258000.0,747.0,1,2273.98,Personal Loan,103400.0,48,13.53,2801.24,0.24,0.0,1,2023-03-02,Approved,No,,0
LN002699,Shreya Chauhan,Female,23.0,Married,BR012,Salaried,236300.0,585.0,2,3731.01,Auto Loan,128300.0,60,11.15,0.0,0.33,0.0,0,2025-11-07,Rejected,No,,0
LN000258,Amit Sharma,Male,24.0,Divorced,BR008,Unemployed,107100.0,685.0,1,982.97,Home Loan,341900.0,120,9.15,4358.85,0.6,422700.0,0,2024-01-15,Approved,Yes,2024-10-13,26
LN000393,Nikhil Agarwal,Male,34.0,Married,BR010,Salaried,505800.0,817.0,0,0.0,Home Loan,2895300.0,300,7.83,22021.32,0.52,3893400.0,0,2025-07-31,Approved,No,,0
LN003094,Anil Nair,Male,41.0,Single,BR001,Self-Employed,373900.0,702.0,0,0.0,Auto Loan,192700.0,36,9.98,0.0,0.2,0.0,2,2024-12-30,Rejected,No,,0
LN003006,Karthik Nair,Male,53.0,Married,BR003,Salaried,616700.0,538.0,1,2185.4,Gold Loan,140200.0,6,11.12,24130.35,0.51,183600.0,0,2025-02-27,Approved,No,,0
LN001506,Vihaan Sharma,Male,22.0,Single,BR006,Salaried,547700.0,750.0,1,7679.02,Gold Loan,136100.0,24,9.0,6217.69,0.3,165900.0,0,2025-10-01,Approved,No,,0
LN000475,Aadhya Singh,Female,40.0,Single,BR005,Salaried,1355300.0,606.0,0,0.0,Auto Loan,1257600.0,60,10.94,27305.66,0.24,0.0,0,2025-12-07,Approved,No,,0
LN004215,Rohan Agarwal,Male,34.0,Single,BR006,Business Owner,348300.0,685.0,0,0.0,Home Loan,1460000.0,120,9.15,18613.39,0.64,1927600.0,1,2022-06-19,Approved,No,,0
LN004275,Amit Bhatt,Male,34.0,Married,BR012,Salaried,657400.0,626.0,1,8629.37,Home Loan,2290000.0,180,9.74,24245.49,0.6,2733800.0,2,2025-07-18,Approved,No,,0
LN003410,Vivaan Naidu,Male,,Married,BR010,Salaried,332100.0,563.0,0,0.0,Auto Loan,330600.0,48,11.37,0.0,0.31,0.0,1,2022-04-04,Rejected,No,,0
LN000687,Anil Verma,Male,35.0,Single,BR008,Business Owner,816300.0,650.0,2,12774.7,Personal Loan,306400.0,36,14.5,10546.59,0.34,0.0,0,2024-01-19,Approved,No,,0
LN001634,Karthik Rao,Male,56.0,Single,BR007,Self-Employed,90000.0,511.0,0,0.0,Auto Loan,104700.0,36,11.89,0.0,0.46,0.0,3,2024-02-06,Rejected,No,,0
LN002346,Rajesh Gupta,Male,29.0,Married,BR006,Salaried,360500.0,721.0,0,0.0,Business Loan,434700.0,84,12.29,7741.22,0.26,600500.0,1,2023-11-18,Approved,No,,0
LN002573,Karthik Pillai,Male,21.0,Single,BR007,Self-Employed,406900.0,588.0,1,2318.38,Home Loan,1313600.0,240,10.12,12781.14,0.45,1678000.0,0,2022-10-07,Approved,Yes,2023-01-23,37
LN001790,Diya Patel,Female,28.0,Married,BR004,Self-Employed,187900.0,803.0,1,171.84,Education Loan,158300.0,120,9.97,0.0,0.14,0.0,0,2022-04-08,Rejected,No,,0
LN000762,Rohan Gupta,Male,36.0,Single,BR015,Business Owner,1076200.0,539.0,0,0.0,Auto Loan,686400.0,84,11.61,11974.14,0.13,0.0,2,2022-11-01,Approved,No,,0
LN001967,Rohan Sharma,Male,25.0,Single,BR006,Salaried,475600.0,597.0,0,0.0,Education Loan,351200.0,120,12.03,5044.79,0.13,0.0,1,2023-04-18,Approved,No,,0
LN005428,Karthik Iyer,Male,35.0,Married,BR017,Self-Employed,264500.0,674.0,0,0.0,Personal Loan,33100.0,36,14.26,0.0,0.05,0.0,0,2023-02-03,Rejected,No,,0
LN002158,Amit Sharma,Male,48.0,Married,BR007,Salaried,296400.0,613.0,0,0.0,Business Loan,159200.0,84,13.37,0.0,0.12,220900.0,2,2024-07-04,Rejected,No,,0
LN001664,Ishaan Agarwal,Male,53.0,Divorced,BR006,Salaried,557800.0,543.0,2,7796.45,Auto Loan,403600.0,48,11.57,10543.33,0.39,0.0,1,2024-03-10,Approved,No,,0
LN005410,Arjun Bhatt,Male,30.0,Married,BR004,Self-Employed,296100.0,842.0,3,2200.64,Education Loan,208400.0,84,9.58,3414.63,0.23,0.0,0,2024-07-05,Approved,No,,0
LN002591,Vivaan Verma,Male,42.0,Divorced,BR010,Salaried,837200.0,756.0,4,12530.6,Personal Loan,438800.0,12,13.44,39283.06,0.74,0.0,0,2025-10-16,Approved,No,,0
LN003792,Aarav Chatterjee,Male,29.0,Single,BR010,Business Owner,495900.0,793.0,0,0.0,Auto Loan,492900.0,84,9.07,7947.83,0.19,0.0,2,2023-07-02,Approved,No,,0
LN003378,Krishna Verma,Male,33.0,Married,BR003,Salaried,252300.0,578.0,0,0.0,Home Loan,974700.0,300,10.22,9008.72,0.43,1308200.0,1,2025-11-04,Approved,No,,0
LN000650,Ishaan Rao,Male,37.0,Married,BR011,Business Owner,678600.0,865.0,0,0.0,Business Loan,1333300.0,84,10.85,22724.32,0.4,1615600.0,0,2023-02-11,Approved,No,,0
LN005032,Manish Chatterjee,Male,34.0,Married,BR010,Unemployed,192400.0,648.0,2,1770.6,Home Loan,838100.0,300,9.52,0.0,0.57,952000.0,0,2025-06-20,Rejected,No,,0
LN003716,Sunita Mehta,Female,,Single,BR003,Unemployed,116400.0,611.0,1,762.47,Education Loan,86500.0,120,11.89,0.0,0.21,0.0,3,2022-06-10,Rejected,No,,0
LN005350,Aarav Bhatt,Male,41.0,Married,BR002,Self-Employed,341500.0,723.0,1,373.86,Personal Loan,101000.0,36,13.77,3440.67,0.13,0.0,0,2022-12-30,Approved,No,,0
LN001035,Shreya Bhatt,Female,39.0,Single,BR003,Business Owner,528800.0,732.0,1,5501.49,Auto Loan,517500.0,36,9.68,16620.63,0.5,0.0,1,2025-01-15,Approved,No,,0
LN000733,Aarav Singh,Male,38.0,Single,BR007,Business Owner,568800.0,594.0,1,5824.03,Auto Loan,316600.0,48,11.06,8191.92,0.3,0.0,1,2024-06-09,Approved,No,,0
LN000685,Nikhil Nair,Male,41.0,Single,BR012,Salaried,919400.0,619.0,2,14601.69,Auto Loan,395200.0,84,10.81,0.0,0.28,0.0,1,2023-11-30,Rejected,No,,0
LN003845,Aadhya Agarwal,Female,40.0,Married,BR016,Self-Employed,754900.0,698.0,0,0.0,Auto Loan,871800.0,36,10.02,28138.72,0.45,0.0,0,2023-10-02,Approved,No,,0
LN004236,Rahul Kapoor,Male,37.0,Married,BR017,Self-Employed,661000.0,572.0,1,12649.32,Home Loan,3804600.0,300,10.28,0.0,0.87,4025400.0,1,2022-03-22,Rejected,No,,0
LN004320,Aditya Reddy,Male,42.0,Married,BR004,Self-Employed,236100.0,668.0,0,0.0,Personal Loan,93100.0,12,14.32,0.0,0.43,0.0,0,2024-06-04,Rejected,No,,0
LN002124,Nikhil Mehta,Male,47.0,Married,BR013,Salaried,479300.0,622.0,0,0.0,Business Loan,1067900.0,84,13.28,19590.13,0.49,1276800.0,0,2025-09-15,Approved,No,,0
LN001882,Suresh Das,Male,33.0,Married,BR006,Business Owner,1293600.0,511.0,0,0.0,Auto Loan,652300.0,48,11.89,0.0,0.16,0.0,0,2024-06-25,Rejected,No,,0
LN003625,Ananya Joshi,Female,34.0,Married,BR001,Self-Employed,438900.0,588.0,0,0.0,Personal Loan,242200.0,12,15.12,0.0,0.6,0.0,1,2022-10-19,Rejected,No,,0
LN002931,Vihaan Nair,Male,56.0,Married,BR003,Salaried,946700.0,818.0,1,19702.3,Personal Loan,243100.0,48,12.82,6500.07,0.33,0.0,0,2023-09-10,Approved,No,,0
LN001825,Rajesh Chauhan,Male,32.0,Single,BR011,Salaried,724400.0,636.0,1,7936.66,Personal Loan,242800.0,48,14.64,6713.08,0.24,0.0,1,2022-12-18,Approved,No,,0
LN004165,Amit Verma,Male,46.0,Single,BR001,Self-Employed,361400.0,786.0,1,3368.69,Personal Loan,132500.0,24,13.14,6308.01,0.32,0.0,0,2022-01-18,Approved,No,,0
LN000644,Vivaan Mehta,Male,48.0,Married,BR015,Salaried,397500.0,791.0,1,4423.89,Business Loan,904100.0,84,11.59,15762.28,0.61,1115300.0,0,2025-10-12,Approved,No,,0
LN003381,Suresh Agarwal,Male,,Married,BR018,Salaried,269800.0,573.0,1,3404.84,Gold Loan,35000.0,18,10.77,0.0,0.25,48200.0,2,2022-06-06,Rejected,No,,0
LN004685,Manish Mehta,Male,23.0,Married,BR017,Salaried,294400.0,663.0,2,23.22,Business Loan,331700.0,36,12.87,11155.53,0.46,373500.0,0,2025-09-07,Approved,No,,0
LN003110,Aditya Kapoor,Male,31.0,Married,BR008,Salaried,615800.0,476.0,0,0.0,Home Loan,3183700.0,300,11.24,31757.81,0.62,3316300.0,4,2025-06-25,Approved,No,,0
LN003920,Vihaan Naidu,Male,43.0,Married,BR012,Salaried,391100.0,647.0,1,3098.78,Personal Loan,186700.0,12,14.53,0.0,0.61,0.0,0,2023-01-05,Rejected,No,,0
LN003580,Divya Chauhan,Female,,Single,BR007,Salaried,240500.0,530.0,0,0.0,Education Loan,186000.0,120,12.7,0.0,0.14,0.0,1,2022-01-17,Rejected,No,,0
LN001551,Rahul Mehta,Male,48.0,Single,BR007,Salaried,744400.0,613.0,2,2051.86,Auto Loan,458300.0,60,10.87,0.0,0.19,0.0,3,2023-10-29,Rejected,No,,0
LN001598,Rohan Pillai,Male,47.0,Single,BR005,Salaried,1177300.0,753.0,2,17010.27,Home Loan,3928100.0,180,8.47,38612.51,0.57,5129100.0,0,2024-03-14,Approved,No,,0
LN003358,Reyansh Nair,Male,21.0,Married,BR010,Self-Employed,480100.0,506.0,0,0.0,Auto Loan,567500.0,60,11.94,12606.52,0.32,0.0,0,2022-09-21,Approved,Yes,2024-12-22,7
LN003922,Kavya Naidu,Female,45.0,Divorced,BR006,Salaried,483400.0,678.0,0,0.0,Personal Loan,276700.0,12,14.22,24872.75,0.62,0.0,1,2023-07-24,Approved,Yes,2024-03-08,62
LN001718,Swati Singh,Female,24.0,Single,BR010,Unemployed,90000.0,803.0,0,0.0,Home Loan,417800.0,300,7.97,3216.35,0.43,424300.0,0,2022-11-15,Approved,No,,0
LN002757,Rahul Patel,Male,21.0,Married,BR013,Business Owner,296000.0,590.0,0,0.0,Personal Loan,129400.0,48,15.1,3607.86,0.15,0.0,1,2025-02-20,Approved,No,,0
LN003668,Aadhya Nair,Female,21.0,Divorced,BR004,Salaried,547700.0,741.0,2,4307.9,Home Loan,2409900.0,180,8.59,23858.55,0.62,2588700.0,0,2025-02-05,Approved,No,,0
LN005320,Neha Naidu,Female,45.0,Married,BR010,Self-Employed,386500.0,521.0,1,1078.23,Business Loan,688300.0,36,14.29,0.0,0.77,926100.0,1,2025-04-29,Rejected,No,,0
LN005122,Sai Naidu,Male,37.0,Divorced,BR016,Self-Employed,252500.0,577.0,0,0.0,Home Loan,867400.0,180,10.23,9443.55,0.45,1018800.0,2,2023-08-05,Approved,Yes,2024-10-10,17
LN004896,Sai Joshi,Male,57.0,Single,BR007,Self-Employed,245800.0,627.0,0,0.0,Home Loan,12936000.0,180,9.73,0.0,0.45,1151700.0,2,2024-12-25,Rejected,No,,0
LN002444,Manish Reddy,Male,44.0,Married,BR003,Salaried,177200.0,720.0,1,2760.69,Personal Loan,34900.0,24,13.8,1672.35,0.3,0.0,1,2023-04-25,Approved,No,,0
LN000840,Vivaan Agarwal,Male,41.0,Married,BR005,Self-Employed,463200.0,608.0,0,0.0,Personal Loan,180700.0,24,14.92,8754.67,0.23,0.0,2,2025-05-14,Approved,No,,0
LN001614,Saanvi Rao,Female,21.0,Single,BR001,Salaried,1120600.0,509.0,0,0.0,Auto Loan,1010200.0,36,11.91,0.0,0.36,0.0,3,2025-01-14,Rejected,No,,0
LN003870,Suresh Mehta,Male,30.0,Married,BR003,Salaried,192700.0,703.0,0,0.0,Personal Loan,68400.0,36,13.97,2336.75,0.15,0.0,1,2025-08-26,Approved,Yes,2025-11-14,3
LN000011,Swati Malhotra,Female,46.0,Married,BR005,Business Owner,296500.0,613.0,2,4821.96,Home Loan,1741700.0,180,9.87,18578.12,0.95,1788500.0,0,2024-12-30,Approved,No,,0
LN000166,Sunita Mehta,Female,43.0,Single,BR002,Salaried,589800.0,465.0,1,186.64,Home Loan,2304900.0,180,11.35,26706.21,0.55,2500500.0,1,2023-11-04,Approved,Yes,2024-12-28,12
LN004652,Ishita Das,Female,21.0,Divorced,BR001,Business Owner,427300.0,744.0,2,4140.87,Gold Loan,25000.0,12,9.06,2186.98,0.18,29000.0,1,2025-11-18,Approved,No,,0
LN005441,Neha Chatterjee,Female,48.0,Married,BR010,Salaried,463400.0,744.0,0,0.0,Home Loan,2342400.0,120,8.56,0.0,0.75,2431700.0,1,2025-01-07,Rejected,No,,0
LN005174,Reyansh Chauhan,Male,,Married,BR002,Self-Employed,384400.0,864.0,0,0.0,Education Loan,362100.0,60,9.36,7580.02,0.24,0.0,1,2022-07-08,Approved,No,,0
LN004212,Vikram Mehta,Male,47.0,Single,BR007,Salaried,948100.0,679.0,2,1025.9,Business Loan,527300.0,24,12.71,24997.04,0.33,730100.0,1,2023-12-08,Approved,Yes,2025-07-29,33
LN004779,Anil Rao,Male,47.0,Single,BR005,Salaried,487200.0,764.0,1,8907.48,Auto Loan,268500.0,48,9.36,0.0,0.39,0.0,2,2025-05-26,Rejected,No,,0
LN004407,Sunita Rao,Female,41.0,Single,BR005,Salaried,118700.0,584.0,2,366.82,Home Loan,653700.0,300,10.16,0.0,0.65,657000.0,1,2023-06-15,Rejected,No,,0
LN005442,Vikram Singh,Male,47.0,Single,BR008,Self-Employed,600500.0,620.0,1,7283.09,Personal Loan,284600.0,48,14.8,0.0,0.3,0.0,0,2024-07-07,Rejected,No,,0
LN004572,Aadhya Sharma,Female,55.0,Single,BR010,Salaried,200000.0,751.0,1,1484.87,Business Loan,454900.0,84,11.99,8027.8,0.57,578000.0,0,2024-01-02,Approved,No,,0
LN004976,Diya Chauhan,Female,41.0,Married,BR012,Salaried,617600.0,629.0,1,10810.67,Auto Loan,524200.0,36,10.71,0.0,0.54,0.0,0,2025-10-28,Rejected,No,,0
LN003386,Arjun Mehta,Male,36.0,Single,BR005,Salaried,565400.0,614.0,0,0.0,Personal Loan,253000.0,12,14.86,22818.64,0.48,0.0,1,2024-01-15,Approved,No,,0
LN004315,Rahul Das,Male,33.0,Married,BR001,Salaried,511100.0,735.0,0,0.0,Auto Loan,515300.0,48,9.65,12982.9,0.3,0.0,0,2023-07-12,Approved,No,,0
LN000212,Suresh Nair,Male,29.0,Single,BR018,Salaried,434000.0,654.0,0,0.0,Personal Loan,77500.0,12,14.46,6975.29,0.19,0.0,0,2025-12-21,Approved,No,,0
LN002683,Anil Chatterjee,Male,28.0,Married,BR012,Salaried,393700.0,741.0,0,0.0,Home Loan,1960700.0,180,8.59,19411.37,0.59,2036300.0,0,2023-08-25,Approved,No,,0
LN001667,Kavya Nair,Female,24.0,Married,BR003,Salaried,,644.0,1,3958.33,Personal Loan,156100.0,12,14.56,14056.93,0.54,0.0,1,2025-01-22,Approved,Yes,2025-10-04,63
LN003979,Vikram Patel,Male,44.0,Single,BR006,Business Owner,824500.0,723.0,1,6319.13,Business Loan,1051100.0,60,12.27,23524.8,0.43,1063300.0,0,2023-05-17,Approved,No,,0
LN005123,Saanvi Singh,Female,25.0,Single,BR009,Business Owner,152800.0,747.0,1,3042.68,Business Loan,85900.0,60,12.03,0.0,0.39,102900.0,0,2022-08-09,Rejected,No,,0
LN003127,Sunita Mehta,Female,47.0,Married,BR007,Business Owner,566900.0,694.0,0,0.0,Personal Loan,215800.0,36,14.06,7381.82,0.16,0.0,0,2023-03-24,Approved,No,,0
LN001556,Deepak Gupta,Male,40.0,Married,BR015,Salaried,466600.0,644.0,2,9401.85,Auto Loan,443100.0,48,10.56,11357.7,0.53,0.0,1,2022-12-10,Approved,Yes,2024-08-31,44
LN004537,Karthik Naidu,Male,40.0,Single,BR001,Salaried,532900.0,651.0,0,0.0,Home Loan,2591700.0,180,9.49,27047.53,0.61,3486200.0,0,2023-01-15,Approved,No,,0
LN004745,Deepak Singh,Male,39.0,Married,BR010,Business Owner,401500.0,697.0,0,0.0,Personal Loan,101900.0,12,14.03,9150.75,0.27,0.0,0,2025-09-28,Approved,No,,0
LN001595,Aadhya Pillai,Female,32.0,Single,BR001,Self-Employed,284400.0,652.0,1,4660.49,Gold Loan,52500.0,18,9.98,3152.51,0.33,69800.0,0,2025-09-07,Approved,No,,0
LN003760,Sai Chatterjee,Male,50.0,Single,BR004,Salaried,699300.0,682.0,1,12218.99,Auto Loan,691900.0,84,10.18,11550.81,0.41,0.0,0,2023-10-17,Approved,No,,0
LN003395,Divya Agarwal,Female,50.0,Married,BR006,Self-Employed,857600.0,611.0,0,0.0,Personal Loan,158500.0,24,14.89,7676.85,0.11,0.0,1,2025-11-14,Approved,No,,0
LN001354,Aditya Gupta,Male,21.0,Single,BR006,Business Owner,1155400.0,647.0,0,0.0,Personal Loan,670300.0,36,14.53,23082.19,0.24,0.0,1,2022-08-03,Approved,No,,0
LN001916,Aarav Mehta,Male,41.0,Married,BR005,Salaried,516200.0,701.0,0,0.0,Education Loan,422000.0,60,10.99,9173.2,0.21,0.0,0,2022-04-11,Approved,No,,0
LN001517,Rajesh Sharma,Male,23.0,Married,BR005,Self-Employed,946300.0,576.0,0,0.0,Gold Loan,232800.0,24,10.74,0.0,0.14,324700.0,3,2025-02-26,Rejected,No,,0
LN001934,Arjun Gupta,Male,21.0,Single,BR002,Salaried,451100.0,687.0,0,0.0,Home Loan,2518000.0,180,9.13,25734.33,0.68,3382300.0,0,2024-03-30,Approved,No,,0
LN005176,Reyansh Gupta,Male,21.0,Single,BR004,Salaried,442500.0,765.0,2,743.31,Personal Loan,99500.0,48,13.35,2686.65,0.09,0.0,1,2023-10-15,Approved,No,,0
LN002196,Amit Chauhan,Male,29.0,Married,BR008,Business Owner,426400.0,561.0,0,0.0,Business Loan,259900.0,36,13.89,8868.89,0.25,273000.0,2,2024-08-04,Approved,No,,0
LN003002,Aarav Rao,Male,46.0,Married,BR012,Salaried,374000.0,693.0,0,0.0,Home Loan,1784200.0,120,9.07,22669.14,0.73,2484400.0,0,2023-06-11,Approved,Yes,2025-06-30,124
LN002155,Aarav Iyer,Male,58.0,Married,BR005,Salaried,250700.0,633.0,1,284.7,Home Loan,1104600.0,180,9.67,11648.09,0.57,1275100.0,1,2022-10-30,Approved,No,,0
LN000566,Reyansh Nair,Male,49.0,Single,BR007,Self-Employed,619400.0,558.0,0,0.0,Home Loan,3125300.0,180,10.42,0.0,0.67,3573100.0,5,2023-11-16,Rejected,No,,0
LN005180,Ishita Nair,Female,40.0,Married,BR014,Salaried,454500.0,751.0,1,4452.88,Business Loan,626200.0,36,11.99,20795.81,0.67,706700.0,0,2024-02-10,Approved,No,,0
LN005483,Vihaan Gupta,Male,39.0,Single,BR010,Unemployed,90200.0,719.0,1,1412.95,Business Loan,94400.0,84,12.31,0.0,0.41,100800.0,0,2024-11-03,Rejected,No,,0
LN000231,Aarav Kapoor,Male,27.0,Married,BR005,Self-Employed,654300.0,592.0,0,0.0,Education Loan,251600.0,120,12.08,3621.37,0.07,0.0,0,2022-08-06,Approved,No,,0
LN003789,Priya Patel,Female,42.0,Married,BR009,Salaried,565300.0,683.0,0,0.0,Business Loan,907200.0,60,12.67,0.0,0.43,1202200.0,0,2023-08-25,Rejected,No,,0
LN002195,Sai Reddy,Male,46.0,Married,BR001,Business Owner,2134600.0,738.0,1,7479.09,Home Loan,12176800.0,240,8.62,106599.74,0.64,13640500.0,0,2024-07-30,Approved,No,,0
LN004145,Riya Pillai,Female,23.0,Divorced,BR010,Self-Employed,300100.0,586.0,0,0.0,Personal Loan,74200.0,48,15.14,0.0,0.08,0.0,2,2023-03-16,Rejected,No,,0
LN001020,Neha Rao,Female,46.0,Single,BR009,Self-Employed,519800.0,839.0,5,1796.02,Business Loan,369500.0,24,11.11,0.0,0.44,489200.0,1,2023-09-18,Rejected,No,,0
LN001529,Saanvi Nair,Female,22.0,Divorced,BR005,Salaried,668900.0,587.0,1,6702.69,Education Loan,396000.0,120,12.13,5711.25,0.22,0.0,0,2024-03-15,Approved,No,,0
LN000053,Deepak Naidu,Male,29.0,Single,BR001,Salaried,347100.0,713.0,2,4836.98,Home Loan,1884900.0,240,8.87,16801.66,0.75,2189600.0,0,2024-05-11,Approved,No,,0
LN000599,Rajesh Patel,Male,29.0,Married,BR005,Self-Employed,678900.0,593.0,0,0.0,Education Loan,424800.0,84,12.07,0.0,0.13,0.0,0,2025-12-15,Rejected,No,,0
LN001756,Saanvi Mehta,Female,36.0,Single,BR004,Self-Employed,697500.0,808.0,2,781.2,Personal Loan,226500.0,12,12.92,20221.86,0.36,0.0,0,2022-07-27,Approved,No,,0
LN004905,Karthik Iyer,Male,34.0,Single,BR004,Self-Employed,374700.0,712.0,0,0.0,Business Loan,591900.0,36,12.38,19767.15,0.63,669600.0,0,2023-08-06,Approved,No,,0
LN002096,Anil Patel,Male,21.0,Married,BR007,Salaried,305200.0,619.0,2,1809.7,Home Loan,1821500.0,240,9.81,0.0,0.75,2189100.0,1,2022-02-15,Rejected,No,,0
LN003759,Ishaan Chatterjee,Male,37.0,Married,BR013,Unemployed,180400.0,655.0,2,2843.17,Personal Loan,42700.0,12,14.45,0.0,0.44,0.0,0,2023-12-21,Rejected,No,,0
LN003374,Sneha Joshi,Female,45.0,Single,BR001,Business Owner,,628.0,1,1664.21,Personal Loan,110100.0,48,14.72,3048.56,0.11,0.0,2,2022-06-18,Approved,Yes,2025-04-03,16
LN000400,Sai Patel,Male,44.0,Divorced,BR009,Self-Employed,621800.0,691.0,1,1591.17,Personal Loan,184000.0,12,14.09,16528.62,0.35,0.0,1,2025-01-31,Approved,No,,0
LN004748,Manish Gupta,Male,38.0,Married,BR013,Salaried,302500.0,584.0,0,0.0,Home Loan,1273300.0,240,10.16,12422.9,0.49,1727400.0,1,2024-12-22,Approved,Yes,2025-09-13,68
LN002907,Swati Agarwal,Female,30.0,Married,BR004,Salaried,457500.0,537.0,0,0.0,Personal Loan,54800.0,24,15.63,2673.5,0.07,0.0,0,2024-03-03,Approved,Yes,2024-07-15,23
LN000469,Ishita Singh,Female,28.0,Single,BR007,Unemployed,115200.0,744.0,1,901.89,Personal Loan,56300.0,36,13.56,0.0,0.29,0.0,0,2025-04-30,Rejected,No,,0
LN001014,Aadhya Agarwal,Female,44.0,Single,BR001,Self-Employed,372200.0,639.0,1,5223.73,Personal Loan,221800.0,12,14.61,0.0,0.81,0.0,2,2025-01-03,Rejected,No,,0
LN003670,Vivaan Patel,Male,21.0,Married,BR001,Salaried,307000.0,621.0,1,3943.2,Gold Loan,68800.0,6,10.29,0.0,0.62,85000.0,0,2023-03-03,Rejected,No,,0
LN004097,Priya Malhotra,Female,35.0,Married,BR014,Business Owner,1152300.0,739.0,2,18132.07,Personal Loan,398700.0,12,13.61,35725.0,0.56,0.0,1,2023-12-30,Approved,No,,0
LN000348,Saanvi Gupta,Female,27.0,Single,BR001,Salaried,636900.0,576.0,2,10234.0,Home Loan,2302300.0,300,10.24,21311.79,0.59,2808800.0,2,2023-07-23,Approved,No,,0
LN002329,Manish Singh,Male,57.0,Divorced,BR014,Salaried,388500.0,627.0,0,0.0,Auto Loan,352300.0,60,10.73,7612.5,0.24,0.0,2,2023-11-12,Approved,No,,0
LN000991,Krishna Naidu,Male,39.0,Single,BR009,Salaried,439500.0,806.0,0,0.0,Auto Loan,271500.0,60,8.94,5627.99,0.15,0.0,0,2024-06-03,Approved,No,,0
LN005215,Krishna Das,Male,32.0,Married,BR007,Self-Employed,410100.0,735.0,0,0.0,Gold Loan,60500.0,24,9.15,0.0,0.08,64800.0,1,2023-10-08,Rejected,No,,0
LN001484,Vikram Bhatt,Male,51.0,Married,BR009,Business Owner,579200.0,804.0,1,3817.52,Education Loan,569100.0,84,9.96,9435.98,0.27,0.0,0,2023-03-06,Approved,No,,0
LN000716,Neha Chatterjee,Female,40.0,Single,BR014,Self-Employed,861300.0,,0,0.0,Personal Loan,443300.0,36,14.62,15284.78,0.21,0.0,2,2024-06-11,Approved,No,,0
LN000010,Arjun Nair,Male,50.0,Married,BR002,Self-Employed,449900.0,758.0,0,0.0,Personal Loan,121900.0,12,13.42,10911.81,0.29,0.0,1,2024-08-02,Approved,No,,0
LN002789,Neha Iyer,Female,44.0,Married,BR014,Self-Employed,,567.0,2,8606.86,Personal Loan,384200.0,12,15.33,0.0,0.7,0.0,1,2022-02-25,Rejected,No,,0
LN001669,Diya Joshi,Female,34.0,Married,BR008,Business Owner,709500.0,594.0,0,0.0,Home Loan,4123100.0,240,10.06,0.0,0.68,5562300.0,0,2022-03-19,Rejected,No,,0
LN003567,Anjali Kapoor,Female,21.0,Married,BR017,Business Owner,2152600.0,467.0,0,0.0,Auto Loan,1553800.0,36,12.33,0.0,0.29,0.0,0,2023-06-30,Rejected,No,,0
LN003943,Meera Singh,Female,30.0,Single,BR011,Salaried,678800.0,745.0,1,8853.19,Business Loan,1386600.0,24,12.05,0.0,1.31,1546700.0,0,2023-03-09,Rejected,No,,0
LN000286,Ishita Rao,Female,42.0,Single,BR005,Salaried,478800.0,899.0,1,7133.93,Auto Loan,490600.0,48,8.01,11979.28,0.48,0.0,1,2022-08-10,Approved,No,,0
LN002590,Aadhya Kapoor,Female,34.0,Married,BR005,Salaried,585500.0,627.0,2,10027.05,Home Loan,2682100.0,240,9.73,25404.89,0.73,3227100.0,0,2022-12-10,Approved,No,,0
LN002790,Sunita Nair,Female,30.0,Married,BR006,Salaried,376000.0,632.0,1,5538.02,Home Loan,1213400.0,180,9.68,0.0,0.59,1487900.0,1,2023-01-27,Rejected,No,,0
LN000445,Ishaan Gupta,Male,27.0,Single,BR001,Unemployed,362500.0,637.0,0,0.0,Personal Loan,82700.0,36,14.63,2851.86,0.09,0.0,2,2022-11-02,Approved,Yes,2023-02-16,23
LN002392,Arjun Sharma,Male,21.0,Married,BR015,Business Owner,399200.0,627.0,0,0.0,Gold Loan,76200.0,12,10.23,6707.34,0.2,77000.0,0,2023-07-23,Approved,No,,0
LN001876,Rahul Iyer,Male,52.0,Single,BR001,Salaried,674500.0,635.0,1,12919.56,Auto Loan,698900.0,84,10.65,0.0,0.44,0.0,2,2022-07-03,Rejected,No,,0
LN000831,Karthik Kapoor,Male,30.0,Married,BR016,Self-Employed,227400.0,560.0,0,0.0,Gold Loan,45300.0,6,10.9,0.0,0.41,50400.0,1,2025-02-20,Rejected,No,,0
LN002152,Rohan Nair,Male,25.0,Married,BR003,Salaried,199200.0,788.0,2,714.34,Auto Loan,198600.0,84,9.12,3207.4,0.24,0.0,0,2023-09-17,Approved,No,,0
LN004196,Krishna Naidu,Male,33.0,Married,BR005,Self-Employed,313700.0,513.0,2,2503.05,Personal Loan,69000.0,36,15.87,0.0,0.19,0.0,1,2022-12-26,Rejected,No,,0
LN003965,Rohan Singh,Male,21.0,Married,BR008,Salaried,865900.0,494.0,0,0.0,Auto Loan,523700.0,84,12.06,0.0,0.13,0.0,2,2025-10-15,Rejected,No,,0
LN004878,Deepak Reddy,Male,26.0,Married,BR012,Salaried,411000.0,648.0,1,2309.15,Home Loan,2281200.0,180,9.52,0.0,0.76,3155700.0,0,2022-08-11,Rejected,No,,0
LN004900,Amit Chatterjee,Male,56.0,Married,BR010,Salaried,732300.0,623.0,1,876.44,Auto Loan,626700.0,48,10.77,16127.48,0.28,0.0,2,2023-12-16,Approved,No,,0
LN002904,Vihaan Pillai,Male,44.0,Married,BR004,Salaried,524800.0,620.0,1,6868.11,Home Loan,2587600.0,120,9.8,33909.39,0.93,2984200.0,1,2023-10-07,Approved,Yes,2024-08-22,129
LN002262,Vihaan Joshi,Male,39.0,Married,BR001,Salaried,527900.0,507.0,1,286.54,Personal Loan,196900.0,24,15.93,9634.25,0.23,0.0,1,2025-07-25,Approved,No,,0
LN000496,Vikram Pillai,Male,,Single,BR004,Salaried,275600.0,700.0,2,4534.22,Auto Loan,272400.0,48,10.0,6908.77,0.5,0.0,1,2025-08-05,Approved,No,,0
LN002191,Krishna Patel,Male,44.0,Single,BR008,Salaried,546200.0,509.0,1,2984.6,Business Loan,512800.0,60,14.41,12041.24,0.33,689100.0,3,2023-01-19,Approved,No,,0
LN000828,Ishaan Reddy,Male,40.0,Single,BR018,Salaried,484300.0,850.0,1,7816.62,Personal Loan,111500.0,24,12.5,5274.76,0.32,0.0,1,2024-08-22,Approved,No,,0
LN003656,Saanvi Patel,Female,33.0,Single,BR005,Salaried,461900.0,679.0,0,0.0,Business Loan,298300.0,84,12.71,5379.74,0.14,331500.0,0,2023-01-17,Approved,No,,0
LN002210,Diya Bhatt,Female,42.0,Single,BR014,Self-Employed,790300.0,586.0,0,0.0,Education Loan,492500.0,120,12.14,0.0,0.11,0.0,1,2024-08-26,Rejected,No,,0
LN003715,Karthik Mehta,Male,21.0,Single,BR007,Salaried,685600.0,598.0,0,0.0,Personal Loan,345300.0,48,15.02,9613.46,0.17,0.0,3,2022-09-22,Approved,Yes,2023-08-26,2
LN002471,Rajesh Sharma,Male,21.0,Married,BR006,Unemployed,90000.0,802.0,2,422.81,Home Loan,418700.0,180,7.98,3996.48,0.59,426400.0,0,2024-06-01,Approved,Yes,2024-12-29,1
LN003209,Manish Verma,Male,46.0,Married,BR007,Salaried,351600.0,806.0,0,0.0,Personal Loan,73100.0,12,12.94,6527.04,0.22,0.0,0,2025-05-16,Approved,No,,0
LN003089,Vihaan Gupta,Male,36.0,Married,BR009,Salaried,180800.0,687.0,1,907.05,Business Loan,165500.0,24,12.63,7839.44,0.58,204200.0,0,2022-03-25,Approved,Yes,2022-05-25,26
LN004104,Vihaan Pillai,Male,28.0,Single,BR009,Salaried,306600.0,571.0,2,2297.4,Home Loan,1306100.0,180,10.29,14268.04,0.65,1788300.0,1,2023-03-08,Approved,No,,0
LN003298,Aarav Kapoor,Male,41.0,Single,BR007,Self-Employed,552100.0,893.0,0,0.0,Home Loan,2136900.0,300,7.07,15198.72,0.33,2467800.0,0,2022-01-22,Approved,No,,0
LN002495,Divya Chauhan,Female,23.0,Single,BR007,Self-Employed,443300.0,700.0,3,2014.3,Personal Loan,235200.0,24,14.0,0.0,0.36,0.0,0,2022-03-17,Rejected,No,,0
LN003879,Sai Mehta,Male,21.0,Married,BR014,Business Owner,733400.0,393.0,1,11320.69,Home Loan,4080600.0,240,12.07,45130.22,0.92,4906200.0,0,2023-05-18,Approved,Yes,2023-08-21,107
LN005421,Kavya Joshi,Female,22.0,Single,BR005,Salaried,214500.0,563.0,0,0.0,Business Loan,463700.0,60,13.87,10758.26,0.6,600300.0,0,2025-06-17,Approved,No,,0
LN002915,Manish Nair,Male,40.0,Married,BR006,Business Owner,300300.0,817.0,1,956.26,Personal Loan,111600.0,12,12.83,9958.91,0.44,0.0,2,2023-03-21,Approved,No,,0
LN002628,Saanvi Gupta,Female,26.0,Married,BR010,Salaried,796100.0,669.0,0,0.0,Business Loan,1883000.0,36,12.81,0.0,0.95,2343400.0,1,2022-01-26,Rejected,No,,0
LN003546,Nikhil Chauhan,Male,30.0,Divorced,BR010,Salaried,437400.0,544.0,1,6140.07,Auto Loan,323400.0,84,11.56,5633.08,0.32,0.0,1,2022-02-26,Approved,No,,0
LN000869,Reyansh Pillai,Male,21.0,Married,BR009,Self-Employed,283000.0,503.0,0,0.0,Education Loan,107100.0,60,12.97,2435.21,0.1,0.0,1,2022-06-08,Approved,No,,0
LN003955,Vikram Joshi,Male,,Single,BR007,Business Owner,560400.0,837.0,1,5917.88,Home Loan,3144100.0,120,7.63,0.0,0.93,3264800.0,1,2022-05-25,Rejected,No,,0
LN002253,Anil Malhotra,Male,47.0,Married,BR014,Salaried,449000.0,668.0,2,7192.67,Personal Loan,244200.0,24,14.32,11761.7,0.51,0.0,0,2025-04-08,Approved,No,,0
LN004999,Suresh Rao,Male,39.0,Married,BR011,Salaried,423100.0,618.0,0,0.0,Auto Loan,394000.0,60,10.82,8531.19,0.24,0.0,2,2024-01-26,Approved,No,,0
LN000581,Anjali Patel,Female,34.0,Married,BR012,Salaried,441900.0,630.0,1,8.32,Business Loan,859300.0,84,13.2,15725.94,0.43,1132300.0,1,2022-03-15,Approved,No,,0
LN005401,Suresh Reddy,Male,31.0,Married,BR001,Self-Employed,512400.0,706.0,0,0.0,Home Loan,2505900.0,120,8.94,0.0,0.74,3403000.0,0,2025-07-24,Rejected,No,,0
LN003185,Kritika Chatterjee,Female,40.0,Single,BR015,Salaried,450300.0,646.0,1,3601.1,Home Loan,1582200.0,300,9.54,13867.65,0.47,2126800.0,0,2023-02-25,Approved,No,,0
LN000486,Rekha Sharma,Female,36.0,Married,BR007,Salaried,624900.0,667.0,2,1899.87,Education Loan,387400.0,36,11.33,12743.61,0.28,0.0,0,2023-05-18,Approved,No,,0
LN003049,Meera Das,Female,35.0,Married,BR004,Salaried,338200.0,663.0,0,0.0,Auto Loan,387600.0,60,10.37,0.0,0.29,0.0,1,2025-03-14,Rejected,No,,0
LN003889,Geeta Singh,Female,23.0,Single,BR008,Business Owner,526200.0,859.0,1,10136.6,Personal Loan,222100.0,36,12.41,7420.47,0.4,0.0,0,2022-07-28,Approved,No,,0
LN004741,Vihaan Naidu,Male,26.0,Married,BR016,Self-Employed,385400.0,617.0,2,6965.04,Personal Loan,225900.0,24,14.83,0.0,0.56,0.0,3,2024-04-06,Rejected,No,,0
LN005458,Rohan Kapoor,Male,46.0,Married,BR002,Self-Employed,185400.0,841.0,0,0.0,Home Loan,1020400.0,180,7.59,9511.5,0.62,1026500.0,0,2023-01-25,Approved,Yes,2025-09-07,1
LN005042,Ishaan Verma,Male,34.0,Married,BR009,Self-Employed,259400.0,605.0,0,0.0,Personal Loan,52400.0,12,14.95,0.0,0.22,0.0,1,2023-06-02,Rejected,No,,0
LN002011,Kritika Iyer,Female,21.0,Married,BR005,Salaried,522200.0,550.0,0,0.0,Home Loan,1978000.0,300,10.5,18675.91,0.43,2088100.0,2,2025-08-28,Approved,No,,0
LN002908,Kavya Patel,Female,30.0,Married,BR014,Salaried,377300.0,546.0,1,1174.76,Education Loan,204900.0,84,12.54,0.0,0.15,0.0,1,2024-09-03,Rejected,No,,0
LN003784,Deepak Agarwal,Male,34.0,Married,BR001,Salaried,571400.0,616.0,2,2473.53,Home Loan,3137100.0,300,9.84,0.0,0.64,3328600.0,1,2025-12-20,Rejected,No,,0
LN002715,Diya Chatterjee,Female,32.0,Single,BR010,Salaried,331200.0,843.0,0,0.0,Personal Loan,144700.0,36,12.57,4845.6,0.18,0.0,0,2025-07-03,Approved,No,,0
LN001487,Manish Singh,Male,32.0,Married,BR008,Salaried,400400.0,745.0,1,7705.56,Home Loan,1897100.0,300,8.55,15339.94,0.69,1990200.0,1,2025-09-02,Approved,No,,0
LN004100,Kavya Bhatt,Female,21.0,Married,BR012,Salaried,356500.0,616.0,1,3894.29,Business Loan,762900.0,60,13.34,17491.39,0.72,1035900.0,0,2025-03-16,Approved,No,,0
LN003981,Rekha Iyer,Female,27.0,Married,BR014,Business Owner,782100.0,808.0,0,0.0,Personal Loan,448600.0,12,12.92,40050.89,0.61,0.0,1,2025-01-04,Approved,No,,0
LN002407,Riya Rao,Female,,Married,BR007,Business Owner,667700.0,750.0,0,0.0,Home Loan,3311100.0,300,8.5,0.0,0.48,3957100.0,0,2023-08-10,Rejected,No,,0
LN002325,Aditya Patel,Male,43.0,Married,BR001,Salaried,204200.0,,1,3987.61,Auto Loan,146600.0,48,10.58,3759.12,0.46,0.0,0,2023-08-12,Approved,Yes,2024-01-07,29
LN000267,Reyansh Das,Male,43.0,Married,BR005,Salaried,485400.0,667.0,1,3254.57,Home Loan,1595600.0,240,9.33,14696.4,0.44,2135200.0,0,2024-03-17,Approved,No,,0
LN000750,Kritika Joshi,Female,38.0,Married,BR007,Salaried,789700.0,590.0,0,0.0,Business Loan,1046300.0,36,13.6,35557.12,0.54,1340900.0,2,2023-03-31,Approved,No,,0
LN000492,Karthik Chatterjee,Male,39.0,Single,BR005,Salaried,267700.0,628.0,1,2062.04,Personal Loan,43000.0,48,14.72,1190.63,0.15,0.0,1,2023-07-28,Approved,Yes,2023-10-27,25
LN001894,Amit Chatterjee,Male,25.0,Married,BR005,Business Owner,1120300.0,743.0,0,0.0,Business Loan,2080900.0,24,12.07,98023.23,1.05,2627600.0,0,2023-05-28,Approved,No,,0
LN004542,Swati Singh,Female,,Divorced,BR001,Salaried,327800.0,622.0,0,0.0,Personal Loan,162600.0,24,14.78,7866.94,0.29,0.0,0,2024-02-22,Approved,No,,0
LN004002,Rahul Sharma,Male,36.0,Single,BR003,Salaried,565100.0,679.0,0,0.0,Gold Loan,112000.0,18,9.71,6711.45,0.14,117000.0,0,2024-06-28,Approved,No,,0
LN002422,Rahul Joshi,Male,53.0,Single,BR012,Salaried,397800.0,794.0,2,1489.6,Personal Loan,193000.0,24,13.06,9181.01,0.32,0.0,0,2025-01-15,Approved,No,,0
LN003131,Kavya Gupta,Female,53.0,Single,BR002,Business Owner,359100.0,768.0,3,3765.93,Gold Loan,25400.0,6,8.82,4342.9,0.27,28400.0,0,2023-02-03,Approved,Yes,2023-05-22,43
LN003189,Manish Chatterjee,Male,34.0,Married,BR008,Business Owner,457400.0,645.0,0,0.0,Personal Loan,93100.0,36,14.55,3206.86,0.08,0.0,1,2022-12-19,Approved,Yes,2023-06-22,234
LN004714,Sunita Kapoor,Female,43.0,Married,BR005,Salaried,449500.0,710.0,1,4390.68,Education Loan,334800.0,36,10.9,10945.07,0.41,0.0,0,2022-03-05,Approved,Yes,2022-05-31,33
LN001200,Diya Iyer,Female,28.0,Married,BR003,Salaried,379600.0,796.0,0,0.0,Business Loan,555100.0,84,11.54,9663.0,0.31,602800.0,2,2023-03-31,Approved,No,,0
LN001225,Suresh Pillai,Male,21.0,Married,BR008,Salaried,374800.0,,0,0.0,Education Loan,162900.0,84,11.08,2796.1,0.09,0.0,0,2025-01-31,Approved,No,,0
LN001678,Deepak Mehta,Male,41.0,Married,BR013,Unemployed,203200.0,514.0,1,1526.32,Auto Loan,109800.0,48,11.86,0.0,0.26,0.0,5,2025-01-09,Rejected,No,,0
LN005247,Rohan Agarwal,Male,39.0,Married,BR016,Self-Employed,279000.0,624.0,1,3547.75,Business Loan,483400.0,24,13.26,0.0,1.14,540600.0,1,2023-10-06,Rejected,No,,0
LN001656,Krishna Rao,Male,37.0,Single,BR002,Salaried,215100.0,578.0,0,0.0,Home Loan,1106900.0,300,10.22,0.0,0.57,1314000.0,2,2025-05-17,Rejected,No,,0
LN005126,Geeta Naidu,Female,45.0,Married,BR011,Business Owner,725100.0,788.0,0,0.0,Home Loan,4195200.0,120,8.12,51165.75,0.85,4324600.0,0,2023-04-05,Approved,No,,0
LN005339,Aditya Rao,Male,57.0,Married,BR001,Salaried,273400.0,694.0,0,0.0,Personal Loan,39500.0,36,14.06,1351.17,0.06,0.0,0,2024-04-29,Approved,No,,0
LN004003,Meera Chatterjee,Female,34.0,Single,BR008,Salaried,488500.0,763.0,0,0.0,Home Loan,1733600.0,300,8.37,13807.87,0.34,2065000.0,0,2025-09-18,Approved,No,,0
LN005041,Rohan Das,Male,36.0,Married,BR011,Unemployed,163600.0,648.0,0,0.0,Auto Loan,180100.0,84,10.52,3038.49,0.22,0.0,0,2024-09-26,Approved,Yes,2025-03-22,29
LN001526,Suresh Rao,Male,49.0,Divorced,BR007,Salaried,557300.0,637.0,1,898.51,Home Loan,2016000.0,300,9.63,17796.25,0.4,2391000.0,0,2024-11-24,Approved,No,,0
LN002440,Aditya Iyer,Male,34.0,Single,BR003,Salaried,435600.0,542.0,3,137.16,Home Loan,1621100.0,300,10.58,0.0,0.43,2129300.0,3,2022-02-07,Rejected,No,,0
LN002932,Ishaan Das,Male,36.0,Single,BR003,Unemployed,90000.0,649.0,1,356.93,Personal Loan,25000.0,36,14.51,0.0,0.16,0.0,1,2025-09-09,Rejected,No,,0
LN004614,Ishita Agarwal,Female,30.0,Married,BR004,Salaried,307300.0,704.0,0,0.0,Personal Loan,174600.0,36,13.96,5964.02,0.23,0.0,0,2023-09-06,Approved,No,,0
LN004576,Sunita Joshi,Female,35.0,Single,BR005,Self-Employed,722400.0,591.0,2,803.1,Home Loan,3308500.0,300,10.09,0.0,0.52,4318900.0,1,2023-03-23,Rejected,No,,0
LN000800,Neha Das,Female,36.0,Married,BR004,Business Owner,501400.0,555.0,1,1052.92,Business Loan,276800.0,24,13.95,13283.43,0.34,338200.0,2,2022-12-01,Approved,Yes,2024-07-24,16
LN002083,Vihaan Gupta,Male,40.0,Single,BR008,Salaried,476300.0,657.0,1,1659.88,Personal Loan,279300.0,36,14.43,0.0,0.28,0.0,0,2024-07-19,Rejected,No,,0
LN001269,Vihaan Nair,Male,44.0,Single,BR004,Unemployed,131700.0,654.0,1,610.67,Education Loan,121500.0,60,11.46,2669.66,0.3,0.0,0,2022-11-20,Approved,Yes,2024-04-12,68
LN004105,Rohan Rao,Male,42.0,Single,BR009,Salaried,349700.0,524.0,1,3354.71,Auto Loan,206200.0,36,11.76,0.0,0.35,0.0,2,2025-09-01,Rejected,No,,0
LN003599,Anil Joshi,Male,46.0,Single,BR015,Salaried,291600.0,718.0,0,0.0,Auto Loan,220200.0,36,9.82,0.0,0.29,0.0,0,2023-10-21,Rejected,No,,0
LN004328,Deepak Bhatt,Male,43.0,Married,BR009,Self-Employed,346500.0,740.0,1,2510.55,Education Loan,133100.0,60,10.6,2867.44,0.19,0.0,0,2022-04-15,Approved,No,,0
LN003392,Sai Iyer,Male,31.0,Married,BR015,Salaried,215500.0,622.0,0,0.0,Business Loan,260200.0,84,13.28,4773.25,0.27,322400.0,0,2022-01-07,Approved,No,,0
LN000441,Pooja Pillai,Female,,Married,BR003,Salaried,475200.0,631.0,2,8471.49,Auto Loan,525200.0,84,10.69,8907.33,0.44,0.0,2,2022-10-23,Approved,Yes,2023-06-13,44
LN004622,Sneha Sharma,Female,34.0,Married,BR002,Business Owner,591800.0,679.0,2,11292.15,Business Loan,595000.0,84,12.71,10730.63,0.45,831400.0,1,2023-12-28,Approved,No,,0
LN000625,Anjali Das,Female,27.0,Single,BR010,Self-Employed,430000.0,647.0,0,0.0,Home Loan,2113200.0,240,9.53,0.0,0.55,2369700.0,0,2022-06-19,Rejected,No,,0
LN004191,Sunita Nair,Female,21.0,Married,BR007,Salaried,1345700.0,686.0,0,0.0,Auto Loan,756500.0,36,10.14,24459.88,0.22,0.0,0,2022-04-17,Approved,No,,0
LN003947,Priya Chauhan,Female,40.0,Single,BR006,Self-Employed,642800.0,759.0,0,0.0,Gold Loan,175000.0,18,8.91,10422.37,0.19,223300.0,0,2022-02-19,Approved,No,,0
LN005240,Priya Gupta,Female,37.0,Married,BR001,Business Owner,666900.0,578.0,0,0.0,Gold Loan,102800.0,6,10.72,0.0,0.32,142600.0,2,2023-09-09,Rejected,No,,0
LN000416,Diya Reddy,Female,40.0,Married,BR017,Business Owner,368100.0,640.0,0,0.0,Gold Loan,83300.0,18,10.1,0.0,0.16,92400.0,2,2023-02-16,Rejected,No,,0
LN000210,Vivaan Rao,Male,45.0,Married,BR007,Self-Employed,444900.0,900.0,0,0.0,Home Loan,1667000.0,240,7.0,0.0,0.35,1773200.0,0,2024-05-13,Rejected,No,,0
LN001200,Diya Iyer,Female,28.0,Married,BR003,Salaried,379600.0,796.0,0,0.0,Business Loan,555100.0,84,11.54,9663.0,0.31,602800.0,2,2023-03-31,Approved,No,,0
LN001505,Diya Patel,Female,31.0,Married,BR002,Salaried,718600.0,782.0,1,9883.12,Home Loan,3571300.0,120,8.18,43670.14,0.89,3993000.0,1,2023-05-18,Approved,No,,0
LN004006,Reyansh Chauhan,Male,49.0,Married,BR013,Salaried,,603.0,0,0.0,Personal Loan,43900.0,12,14.97,3961.72,0.11,0.0,0,2022-01-29,Approved,Yes,2022-05-20,3
LN004378,Ananya Gupta,Female,35.0,Divorced,BR005,Salaried,638700.0,674.0,0,0.0,Business Loan,1207000.0,24,12.76,57247.01,1.08,1598300.0,1,2022-03-06,Approved,No,,0
LN001131,Rajesh Rao,Male,57.0,Single,BR005,Salaried,229500.0,787.0,0,0.0,Home Loan,1017600.0,120,8.13,12416.31,0.65,1294700.0,0,2023-09-19,Approved,No,,0
LN003852,Manish Mehta,Male,23.0,Married,BR002,Unemployed,90000.0,629.0,0,0.0,Personal Loan,41400.0,48,14.71,0.0,0.15,0.0,1,2024-11-02,Rejected,No,,0
LN002438,Aditya Rao,Male,35.0,Single,BR012,Self-Employed,612900.0,,2,2879.59,Business Loan,486900.0,36,12.55,0.0,0.38,570300.0,0,2025-10-11,Rejected,No,,0
LN002300,Rekha Malhotra,Female,39.0,Married,BR002,Salaried,497800.0,649.0,2,2497.71,Personal Loan,159500.0,36,14.51,5490.92,0.19,0.0,1,2022-12-19,Approved,No,,0
LN001158,Kritika Mehta,Female,33.0,Single,BR011,Self-Employed,597500.0,796.0,1,9085.12,Personal Loan,66800.0,12,13.04,5967.65,0.3,0.0,0,2022-12-22,Approved,No,,0
LN002939,Vivaan Nair,Male,62.0,Married,BR003,Salaried,636500.0,610.0,1,11868.73,Personal Loan,66400.0,24,14.9,3216.36,0.28,0.0,2,2022-11-10,Approved,No,,0
LN005347,Arjun Kapoor,Male,43.0,Married,BR006,Business Owner,382000.0,599.0,0,0.0,Gold Loan,49900.0,24,10.51,2314.4,0.07,53800.0,0,2025-09-12,Approved,No,,0
LN000521,Aditya Das,Male,44.0,Married,BR004,Salaried,200100.0,851.0,0,0.0,Business Loan,263600.0,24,10.99,12284.6,0.74,311100.0,1,2023-11-23,Approved,No,,0
LN001352,Geeta Nair,Female,39.0,Married,BR017,Business Owner,387200.0,769.0,0,0.0,Business Loan,208900.0,24,11.81,9815.12,0.3,241500.0,1,2025-03-05,Approved,No,,0
LN001037,Krishna Bhatt,Male,31.0,Married,BR005,Self-Employed,605600.0,581.0,0,0.0,Home Loan,2942600.0,180,10.19,0.0,0.63,3003900.0,1,2022-11-22,Rejected,No,,0
LN004765,Ishaan Naidu,Male,40.0,Single,BR016,Self-Employed,253900.0,626.0,0,0.0,Auto Loan,296900.0,60,10.74,0.0,0.3,0.0,3,2023-01-07,Rejected,No,,0
LN004114,Aarav Reddy,Male,28.0,Married,BR014,Salaried,637900.0,713.0,1,345.6,Personal Loan,181700.0,24,13.87,8712.79,0.17,0.0,0,2025-11-18,Approved,No,,0
LN002925,Anil Chauhan,Male,48.0,Single,BR018,Salaried,257300.0,559.0,2,1653.54,Education Loan,169100.0,84,12.41,0.0,0.22,0.0,0,2022-08-23,Rejected,No,,0
LN005076,Rajesh Kapoor,Male,50.0,Married,BR005,Salaried,193000.0,792.0,0,0.0,Home Loan,742500.0,300,8.08,5770.14,0.36,801900.0,2,2023-04-26,Approved,No,,0
LN003062,Rahul Singh,Male,38.0,Single,BR010,Business Owner,990600.0,670.0,2,20446.3,Personal Loan,417400.0,24,14.3,20099.78,0.49,0.0,0,2025-03-04,Approved,No,,0
LN002770,Sai Chauhan,Male,30.0,Single,BR008,Salaried,518200.0,694.0,2,2480.52,Business Loan,271400.0,36,12.56,9087.13,0.27,323500.0,1,2023-02-26,Approved,Yes,2024-09-25,28
LN004850,Aarav Reddy,Male,38.0,Married,BR003,Salaried,630100.0,780.0,0,0.0,Auto Loan,736200.0,84,9.2,11919.64,0.23,0.0,0,2023-12-03,Approved,No,,0
LN003289,Shreya Rao,Female,40.0,Married,BR008,Self-Employed,1020500.0,667.0,3,5881.59,Education Loan,719200.0,60,11.33,15755.77,0.25,0.0,1,2023-07-28,Approved,No,,0
LN000958,Priya Chauhan,Female,30.0,Single,BR003,Salaried,747700.0,573.0,1,7207.42,Personal Loan,440400.0,24,15.27,21410.06,0.46,0.0,1,2024-08-11,Approved,No,,0
LN003495,Rahul Verma,Male,46.0,Married,BR002,Salaried,327100.0,653.0,0,0.0,Personal Loan,107800.0,12,14.47,9702.91,0.36,0.0,0,2024-08-30,Approved,No,,0
LN001446,Arjun Gupta,Male,29.0,Married,BR004,Salaried,513000.0,714.0,0,0.0,Auto Loan,371200.0,60,9.86,7861.36,0.18,0.0,0,2025-05-10,Approved,No,,0
LN002134,Sai Reddy,Male,48.0,Single,BR007,Business Owner,1469000.0,779.0,1,1023.33,Auto Loan,1101900.0,60,9.21,22986.1,0.2,0.0,0,2022-09-02,Approved,No,,0
LN000913,Aarav Nair,Male,39.0,Married,BR001,Business Owner,1068200.0,715.0,0,0.0,Personal Loan,150500.0,36,13.85,5132.78,0.06,0.0,0,2024-02-28,Approved,No,,0
LN002515,Rekha Sharma,Female,60.0,Married,BR017,Salaried,381000.0,653.0,1,794.74,Auto Loan,400500.0,36,10.47,0.0,0.43,0.0,1,2022-02-06,Rejected,No,,0
LN001964,Vivaan Das,Male,30.0,Single,BR012,Salaried,454700.0,765.0,1,5179.67,Auto Loan,270000.0,84,9.35,4392.16,0.25,0.0,0,2025-04-29,Approved,No,,0
LN000418,Riya Agarwal,Female,40.0,Single,BR005,Self-Employed,697900.0,640.0,2,11029.59,Business Loan,616100.0,24,13.1,29319.46,0.69,792700.0,0,2025-01-18,Approved,No,,0
LN000413,Krishna Patel,Male,32.0,Single,BR016,Salaried,615200.0,738.0,0,0.0,Gold Loan,163500.0,18,9.12,9753.21,0.19,169300.0,1,2023-10-26,Approved,No,,0
LN000197,Krishna Joshi,Male,33.0,Single,BR002,Salaried,508200.0,613.0,0,0.0,Home Loan,2340000.0,180,9.87,24959.99,0.59,2399300.0,2,2023-11-28,Approved,Yes,2025-01-10,44
LN000285,Krishna Rao,Male,38.0,Single,BR007,Salaried,214800.0,737.0,0,0.0,Home Loan,1286800.0,180,8.63,12769.88,0.71,1533000.0,1,2022-03-29,Approved,No,,0
LN003921,Vihaan Gupta,Male,50.0,Married,BR009,Self-Employed,429700.0,758.0,1,1628.37,Auto Loan,283500.0,36,9.42,0.0,0.3,0.0,1,2024-09-07,Rejected,No,,0
LN001569,Krishna Kapoor,Male,42.0,Married,BR018,Self-Employed,420000.0,520.0,0,0.0,Auto Loan,260800.0,36,11.8,8637.4,0.25,0.0,1,2025-12-19,Approved,No,,0
LN002733,Vihaan Nair,Male,47.0,Married,BR007,Salaried,592200.0,536.0,2,6515.96,Home Loan,2251200.0,240,10.64,22687.63,0.59,2430000.0,1,2023-08-05,Approved,No,,0
LN003572,Reyansh Mehta,Male,49.0,Married,BR002,Salaried,615800.0,718.0,0,0.0,Business Loan,1267200.0,60,12.32,28393.51,0.55,1302700.0,0,2025-04-14,Approved,No,,0
LN005233,Aadhya Rao,Female,44.0,Married,BR003,Salaried,364400.0,603.0,0,0.0,Home Loan,1347600.0,120,9.97,17786.25,0.59,1460800.0,0,2025-07-03,Approved,No,,0
LN001804,Ishaan Chatterjee,Male,32.0,Married,BR003,Salaried,467200.0,494.0,0,0.0,Auto Loan,320200.0,36,12.06,0.0,0.27,0.0,1,2022-09-20,Rejected,No,,0
LN000360,Pooja Chatterjee,Female,26.0,Married,BR005,Business Owner,747400.0,729.0,0,0.0,Personal Loan,263900.0,12,13.71,0.0,0.38,0.0,0,2024-02-17,Rejected,No,,0
LN004671,Geeta Das,Female,46.0,Married,BR003,Salaried,484100.0,597.0,0,0.0,Home Loan,2059200.0,240,10.03,0.0,0.49,2676000.0,1,2023-06-26,Rejected,No,,0
LN000694,Deepak Rao,Male,45.0,Single,BR007,Business Owner,1220200.0,631.0,2,5348.09,Gold Loan,218500.0,24,10.19,10101.84,0.15,229200.0,0,2024-06-03,Approved,Yes,2025-12-05,46
LN002753,Deepak Reddy,Male,44.0,Single,BR007,Business Owner,368300.0,661.0,0,0.0,Education Loan,251900.0,36,11.39,8293.48,0.27,0.0,0,2023-06-06,Approved,Yes,2025-06-18,3
LN003774,Neha Singh,Female,21.0,Single,BR002,Salaried,360200.0,766.0,2,4364.27,Auto Loan,264000.0,48,9.34,6612.35,0.37,0.0,2,2025-04-22,Approved,No,,0
LN000113,Nikhil Joshi,Male,41.0,Single,BR017,Salaried,289500.0,688.0,0,0.0,Education Loan,93800.0,84,11.12,1612.01,0.07,0.0,0,2023-03-24,Approved,No,,0
LN000415,Suresh Naidu,Male,51.0,Married,BR011,Business Owner,170400.0,549.0,0,0.0,Personal Loan,85000.0,24,15.51,4141.99,0.29,0.0,3,2022-11-22,Approved,No,,0
LN000339,Manish Bhatt,Male,51.0,Single,BR002,Unemployed,164700.0,639.0,0,0.0,Home Loan,825000.0,300,9.61,0.0,0.53,892500.0,0,2025-06-04,Rejected,No,,0
LN002535,Diya Rao,Female,21.0,Divorced,BR003,Salaried,118100.0,637.0,1,1265.9,Home Loan,464000.0,120,9.63,6037.12,0.74,567700.0,0,2022-11-19,Approved,Yes,2024-09-06,24
LN005173,Neha Chauhan,Female,32.0,Single,BR002,Salaried,,678.0,0,0.0,Business Loan,870500.0,60,12.72,19682.0,0.6,970400.0,0,2025-11-01,Approved,No,,0
LN003101,Saanvi Singh,Female,36.0,Single,BR009,Business Owner,719000.0,589.0,2,8669.99,Gold Loan,125100.0,6,10.61,21499.95,0.5,131900.0,0,2025-04-06,Approved,No,,0
LN001090,Deepak Singh,Male,37.0,Married,BR007,Salaried,359900.0,678.0,2,2107.15,Business Loan,354100.0,84,12.72,6387.99,0.28,380700.0,2,2024-12-17,Approved,Yes,2025-04-24,55
LN002923,Vivaan Sharma,Male,24.0,Single,BR001,Salaried,490600.0,486.0,1,4543.09,Home Loan,1879700.0,240,11.14,0.0,0.59,2383500.0,3,2022-09-09,Rejected,No,,0
LN003394,Karthik Nair,Male,30.0,Single,BR012,Salaried,500500.0,705.0,0,0.0,Personal Loan,75800.0,48,13.95,2069.45,0.05,0.0,2,2023-11-13,Approved,No,,0
LN002892,Diya Agarwal,Female,31.0,Single,BR012,Business Owner,413700.0,715.0,0,0.0,Personal Loan,168700.0,36,13.85,5753.48,0.17,0.0,1,2022-07-26,Approved,Yes,2025-03-30,56
LN000928,Sunita Singh,Female,38.0,Married,BR018,Business Owner,1289200.0,629.0,0,0.0,Auto Loan,935800.0,60,10.71,20211.48,0.19,0.0,0,2022-01-28,Approved,No,,0
LN001896,Sneha Chatterjee,Female,60.0,Married,BR015,Business Owner,1089600.0,543.0,0,0.0,Personal Loan,246600.0,48,15.57,6934.52,0.08,0.0,0,2023-04-29,Approved,No,,0
LN004256,Rahul Iyer,Male,52.0,Single,BR004,Salaried,274700.0,580.0,0,0.0,Business Loan,229700.0,60,13.7,5309.06,0.23,253100.0,1,2024-09-04,Approved,No,,0
LN005397,Krishna Chauhan,Male,25.0,Married,BR009,Salaried,656100.0,718.0,0,0.0,Personal Loan,325300.0,12,13.82,29180.21,0.53,0.0,2,2023-02-24,Approved,No,,0
LN002235,Rekha Singh,Female,53.0,Married,BR008,Salaried,916000.0,529.0,0,0.0,Gold Loan,95100.0,12,11.21,8414.41,0.11,97800.0,1,2023-05-19,Approved,No,,0
LN004341,Rajesh Gupta,Male,37.0,Married,BR005,Salaried,1155400.0,673.0,1,21917.63,Business Loan,1888300.0,60,12.77,42742.63,0.67,2245900.0,0,2023-05-28,Approved,No,,0
LN003440,Neha Iyer,Female,44.0,Single,BR018,Salaried,476300.0,693.0,0,0.0,Business Loan,362600.0,36,12.57,12142.46,0.31,430000.0,0,2024-01-11,Approved,No,,0
LN005196,Sneha Iyer,Female,44.0,Married,BR004,Self-Employed,405400.0,638.0,1,2660.79,Auto Loan,265700.0,48,10.62,0.0,0.28,0.0,2,2025-08-11,Rejected,No,,0
LN002206,Suresh Agarwal,Male,48.0,Married,BR003,Business Owner,564400.0,689.0,0,0.0,Business Loan,895800.0,84,12.61,16107.03,0.34,896200.0,1,2023-04-22,Approved,No,,0
LN004072,Vivaan Das,Male,25.0,Single,BR010,Salaried,1362500.0,651.0,1,16016.15,Personal Loan,526400.0,12,14.49,47385.39,0.56,0.0,0,2025-12-15,Approved,No,,0
LN003796,Meera Das,Female,46.0,Married,BR006,Business Owner,469700.0,757.0,0,0.0,Personal Loan,102000.0,36,13.43,3457.95,0.09,0.0,0,2024-06-12,Approved,No,,0
LN005460,Reyansh Das,Male,30.0,Married,BR012,Salaried,196200.0,683.0,1,3027.78,Gold Loan,25000.0,12,9.67,0.0,0.32,28400.0,0,2025-10-02,Rejected,No,,0
LN001084,Krishna Verma,Male,28.0,Married,BR012,Salaried,368400.0,611.0,0,0.0,Education Loan,242100.0,60,11.89,0.0,0.17,0.0,2,2022-09-03,Rejected,No,,0
LN002826,Vikram Mehta,Male,21.0,Single,BR003,Salaried,462200.0,831.0,1,2296.0,Home Loan,1499100.0,300,7.69,11264.15,0.35,1510900.0,0,2024-05-10,Approved,No,,0
LN005425,Aarav Mehta,Male,50.0,Single,BR003,Salaried,626100.0,611.0,0,0.0,Personal Loan,335900.0,24,14.89,16269.12,0.31,0.0,1,2025-10-13,Approved,Yes,2025-12-19,41
LN002231,Rekha Reddy,Female,57.0,Married,BR006,Salaried,604300.0,697.0,0,0.0,Home Loan,1938900.0,240,9.03,17482.21,0.35,2619500.0,0,2023-01-02,Approved,No,,0
LN002902,Riya Reddy,Female,31.0,Married,BR001,Self-Employed,501600.0,549.0,0,0.0,Personal Loan,115900.0,48,15.51,0.0,0.08,0.0,4,2023-03-06,Rejected,No,,0
LN004942,Shreya Patel,Female,30.0,Single,BR001,Salaried,908800.0,727.0,0,0.0,Business Loan,985200.0,36,12.23,32831.07,0.43,1326800.0,0,2025-05-08,Approved,No,,0
LN004785,Ananya Singh,Female,35.0,Married,BR014,Business Owner,509400.0,651.0,0,0.0,Personal Loan,66800.0,48,14.49,1841.87,0.04,0.0,0,2025-11-28,Approved,No,,0
LN004039,Deepak Naidu,Male,31.0,Single,BR005,Salaried,429700.0,649.0,2,5659.37,Gold Loan,54500.0,18,10.01,3273.36,0.25,55600.0,1,2023-10-31,Approved,Yes,2023-12-06,267
LN001253,Pooja Naidu,Female,26.0,Married,BR001,Salaried,246800.0,659.0,2,1869.92,Home Loan,996100.0,180,9.41,10347.49,0.59,1172100.0,0,2025-02-27,Approved,No,,0
LN001774,Anil Verma,Male,36.0,Married,BR011,Salaried,274100.0,868.0,1,4633.53,Home Loan,1002600.0,300,7.32,7292.14,0.52,1052500.0,1,2023-01-24,Approved,Yes,2024-10-01,19
LN000274,Saanvi Pillai,Female,42.0,Single,BR011,Self-Employed,276800.0,772.0,0,0.0,Auto Loan,186700.0,48,9.28,0.0,0.2,0.0,1,2023-07-01,Rejected,No,,0
LN000183,Aditya Nair,Male,45.0,Married,BR005,Business Owner,250200.0,650.0,1,5131.69,Education Loan,166600.0,60,11.5,3663.97,0.42,0.0,0,2024-06-18,Approved,No,,0
LN004535,Vivaan Malhotra,Male,40.0,Single,BR014,Self-Employed,426800.0,628.0,1,8868.05,Personal Loan,125300.0,36,14.72,4326.4,0.37,0.0,2,2025-03-30,Approved,Yes,2025-07-28,199
LN005172,Manish Naidu,Male,21.0,Married,BR007,Salaried,924200.0,710.0,0,0.0,Personal Loan,527200.0,36,13.9,17992.85,0.23,0.0,1,2025-08-18,Approved,No,,0
LN004559,Nikhil Chauhan,Male,24.0,Single,BR014,Salaried,,590.0,1,2940.78,Personal Loan,132600.0,48,15.1,0.0,0.31,0.0,1,2025-08-15,Rejected,No,,0
LN003524,Swati Kapoor,Female,37.0,Single,BR016,Salaried,568800.0,547.0,1,5130.26,Home Loan,1719900.0,300,10.53,16275.85,0.45,2267600.0,1,2025-11-07,Approved,No,,0
LN002138,Anil Chauhan,Male,30.0,Single,BR010,Self-Employed,410700.0,646.0,0,0.0,Home Loan,1510100.0,180,9.54,0.0,0.46,1987300.0,1,2022-02-04,Rejected,No,,0
LN003297,Vihaan Mehta,Male,29.0,Single,BR012,Unemployed,163900.0,753.0,1,1291.91,Auto Loan,99200.0,36,9.47,3176.28,0.33,0.0,0,2024-05-20,Approved,No,,0
LN005388,Amit Das,Male,51.0,Married,BR003,Salaried,645600.0,480.0,2,11932.72,Home Loan,2959400.0,300,11.2,0.0,0.77,4099200.0,3,2023-11-20,Rejected,No,,0
LN004147,Karthik Verma,Male,32.0,Married,BR014,Business Owner,937400.0,674.0,0,0.0,Home Loan,3312300.0,180,9.26,34109.79,0.44,4276800.0,1,2024-02-18,Approved,No,,0
LN003772,Arjun Mehta,Male,47.0,Single,BR005,Self-Employed,614700.0,735.0,1,7839.44,Home Loan,2405000.0,240,8.65,21100.03,0.56,2634900.0,1,2024-05-03,Approved,No,,0
LN004950,Vihaan Chauhan,Male,37.0,Married,BR010,Salaried,472800.0,762.0,0,0.0,Personal Loan,264200.0,36,13.38,8950.38,0.23,0.0,0,2024-05-07,Approved,Yes,2025-08-12,14
LN002725,Rahul Malhotra,Male,31.0,Divorced,BR011,Business Owner,1161800.0,509.0,1,11934.11,Personal Loan,637900.0,12,15.91,0.0,0.72,0.0,0,2023-05-09,Rejected,No,,0
LN003439,Kritika Pillai,Female,43.0,Married,BR009,Salaried,405200.0,787.0,2,388.92,Home Loan,1930700.0,300,8.13,15068.11,0.46,2659600.0,0,2023-03-27,Approved,No,,0
LN004631,Vivaan Singh,Male,35.0,Married,BR016,Salaried,364700.0,637.0,0,0.0,Home Loan,1125100.0,120,9.63,14638.72,0.48,1213200.0,1,2022-06-11,Approved,Yes,2024-05-07,36
LN001855,Meera Iyer,Female,50.0,Married,BR001,Salaried,234900.0,820.0,0,0.0,Business Loan,402800.0,84,11.3,6960.62,0.36,535600.0,1,2023-03-01,Approved,No,,0
LN004331,Vikram Naidu,Male,43.0,Single,BR001,Salaried,,687.0,0,0.0,Gold Loan,57900.0,12,9.63,5080.37,0.28,75100.0,0,2024-03-26,Approved,No,,0
LN001514,Sneha Gupta,Female,44.0,Married,BR003,Salaried,297800.0,756.0,0,0.0,Personal Loan,104200.0,24,13.44,0.0,0.2,0.0,1,2023-12-13,Rejected,No,,0
LN004777,Vivaan Joshi,Male,42.0,Single,BR009,Salaried,705200.0,786.0,3,11027.52,Auto Loan,718600.0,36,9.14,22898.14,0.58,0.0,0,2023-10-25,Approved,No,,0
LN000582,Vihaan Chauhan,Male,52.0,Married,BR009,Self-Employed,210300.0,648.0,1,1288.35,Auto Loan,124300.0,60,10.52,0.0,0.23,0.0,4,2024-03-03,Rejected,No,,0
LN002450,Nikhil Reddy,Male,44.0,Single,BR002,Salaried,259700.0,689.0,1,345.35,Business Loan,152900.0,60,12.61,3448.5,0.18,163600.0,2,2025-01-20,Approved,No,,0
LN000699,Nikhil Joshi,Male,41.0,Married,BR010,Self-Employed,281400.0,753.0,2,3827.08,Home Loan,1088100.0,240,8.47,0.0,0.56,1449900.0,0,2023-03-07,Rejected,No,,0
LN001762,Swati Reddy,Female,50.0,Single,BR007,Salaried,280300.0,701.0,2,4733.7,Auto Loan,211800.0,48,9.99,0.0,0.43,0.0,0,2024-04-18,Rejected,No,,0
LN000439,Reyansh Verma,Male,32.0,Single,BR014,Self-Employed,145800.0,594.0,0,0.0,Gold Loan,25000.0,6,10.56,4295.94,0.35,31300.0,0,2022-06-30,Approved,Yes,2022-12-05,104
LN000528,Nikhil Chatterjee,Male,27.0,Married,BR008,Salaried,969000.0,847.0,0,0.0,Home Loan,4891600.0,240,7.53,39496.18,0.49,5029900.0,0,2023-05-07,Approved,No,,0
LN004725,Meera Chatterjee,Female,42.0,Single,BR005,Self-Employed,341800.0,730.0,1,3711.8,Personal Loan,161400.0,48,13.7,4386.24,0.28,0.0,0,2022-05-22,Approved,No,,0
LN003441,Meera Rao,Female,38.0,Single,BR001,Salaried,488800.0,719.0,2,9281.22,Personal Loan,188500.0,36,13.81,0.0,0.39,0.0,0,2024-10-13,Rejected,No,,0
LN000718,Anil Bhatt,Male,38.0,Married,BR001,Business Owner,875400.0,600.0,0,0.0,Auto Loan,836300.0,60,11.0,18183.19,0.25,0.0,0,2025-09-23,Approved,No,,0
LN001464,Amit Chauhan,Male,49.0,Single,BR014,Business Owner,296400.0,763.0,0,0.0,Auto Loan,295400.0,36,9.37,0.0,0.38,0.0,1,2023-01-17,Rejected,No,,0
LN004835,Anjali Nair,Female,49.0,Married,BR002,Salaried,682700.0,730.0,0,0.0,Auto Loan,536800.0,60,9.7,0.0,0.2,0.0,0,2023-11-13,Rejected,No,,0
LN002688,Ishaan Iyer,Male,36.0,Married,BR005,Self-Employed,1651100.0,560.0,3,25130.07,Gold Loan,412400.0,24,10.9,0.0,0.32,493000.0,3,2025-04-07,Rejected,No,,0
LN000239,Vikram Das,Male,24.0,Married,BR004,Salaried,632900.0,633.0,0,0.0,Home Loan,2231700.0,300,9.67,19762.66,0.37,2580300.0,2,2025-12-21,Approved,No,,0
LN001360,Aditya Naidu,Male,22.0,Single,BR002,Business Owner,324200.0,588.0,0,0.0,Auto Loan,374200.0,48,11.12,9693.22,0.36,0.0,0,2025-01-26,Approved,No,,0
LN002372,Deepak Joshi,Male,38.0,Single,BR006,Salaried,318000.0,576.0,0,0.0,Personal Loan,150900.0,48,15.24,4218.04,0.16,0.0,2,2022-04-10,Approved,No,,0
LN001879,Suresh Nair,Male,51.0,Married,BR013,Salaried,202000.0,646.0,1,1655.23,Education Loan,180900.0,60,11.54,3982.1,0.33,0.0,1,2024-01-27,Approved,No,,0
LN004866,Manish Rao,Male,32.0,Single,BR005,Salaried,488500.0,763.0,0,0.0,Auto Loan,281000.0,60,9.37,0.0,0.14,0.0,0,2023-07-01,Rejected,No,,0
LN003818,Aditya Mehta,Male,31.0,Married,BR008,Self-Employed,362300.0,661.0,1,952.11,Home Loan,1366500.0,180,9.39,0.0,0.5,1841200.0,0,2025-10-25,Rejected,No,,0
LN000228,Geeta Mehta,Female,27.0,Married,BR007,Business Owner,680500.0,375.0,1,7634.13,Gold Loan,182100.0,12,12.75,16243.32,0.42,196600.0,0,2024-12-11,Approved,Yes,2025-01-17,38
LN002257,Ishaan Naidu,Male,42.0,Married,BR004,Salaried,456000.0,773.0,0,0.0,Education Loan,449100.0,84,10.27,7518.39,0.2,0.0,0,2022-11-14,Approved,No,,0
LN001021,Krishna Mehta,Male,22.0,Single,BR014,Salaried,933600.0,675.0,2,13067.28,Personal Loan,445200.0,24,14.25,0.0,0.44,0.0,0,2023-10-05,Rejected,No,,0
LN004476,Rahul Sharma,Male,41.0,Married,BR003,Salaried,455400.0,680.0,0,0.0,Personal Loan,168900.0,48,14.2,0.0,0.12,0.0,0,2024-03-13,Rejected,No,,0
LN001583,Pooja Kapoor,Female,46.0,Married,BR008,Salaried,316500.0,730.0,1,2076.84,Home Loan,1598000.0,120,8.7,19984.25,0.84,2220400.0,0,2022-09-28,Approved,No,,0
LN003588,Kavya Singh,Female,40.0,Married,BR018,Salaried,685600.0,718.0,2,6462.78,Gold Loan,168100.0,24,9.32,7704.31,0.25,193100.0,0,2024-11-10,Approved,No,,0
LN003953,Ishaan Singh,Male,35.0,Married,BR001,Salaried,264600.0,715.0,1,4340.31,Gold Loan,74700.0,18,9.35,0.0,0.4,79300.0,4,2024-08-26,Rejected,No,,0
LN001976,Sneha Agarwal,Female,,Married,BR007,Salaried,196600.0,608.0,0,0.0,Auto Loan,92200.0,84,10.92,0.0,0.1,0.0,0,2025-11-20,Rejected,No,,0
LN004844,Anil Naidu,Male,21.0,Married,BR007,Salaried,1099300.0,740.0,1,8238.06,Personal Loan,609100.0,48,13.6,16522.6,0.27,0.0,1,2024-03-06,Approved,No,,0
LN001772,Manish Iyer,Male,42.0,Married,BR007,Salaried,675100.0,408.0,1,9990.41,Auto Loan,739900.0,84,12.92,0.0,0.42,0.0,1,2023-06-15,Rejected,No,,0
LN003739,Swati Chauhan,Female,44.0,Married,BR012,Business Owner,656400.0,668.0,1,1486.27,Personal Loan,277800.0,24,14.32,13380.01,0.27,0.0,0,2022-06-30,Approved,No,,0
LN002399,Pooja Mehta,Female,24.0,Married,BR009,Salaried,371700.0,759.0,1,5460.54,Personal Loan,175100.0,24,13.41,0.0,0.45,0.0,1,2025-12-27,Rejected,No,,0
LN003321,Nikhil Bhatt,Male,23.0,Married,BR007,Salaried,329300.0,565.0,1,3108.72,Personal Loan,187400.0,48,15.35,5248.79,0.3,0.0,1,2022-09-30,Approved,Yes,2024-02-17,8
LN003628,Reyansh Iyer,Male,40.0,Single,BR001,Self-Employed,341800.0,683.0,0,0.0,Home Loan,1748900.0,300,9.17,14880.83,0.52,1999800.0,0,2024-10-21,Approved,No,,0
LN000052,Aditya Nair,Male,24.0,Single,BR012,Business Owner,558400.0,667.0,1,5620.08,Auto Loan,425500.0,36,10.33,0.0,0.42,0.0,1,2022-02-17,Rejected,No,,0
LN000508,Karthik Reddy,Male,29.0,Divorced,BR009,Business Owner,652000.0,563.0,0,0.0,Home Loan,2223900.0,240,10.37,22009.11,0.41,2288500.0,1,2023-08-07,Approved,No,,0
LN003109,Vikram Reddy,Male,29.0,Single,BR002,Self-Employed,515300.0,695.0,1,5540.22,Business Loan,850400.0,60,12.55,0.0,0.58,1009200.0,0,2023-07-15,Rejected,No,,0
LN003682,Deepak Iyer,Male,34.0,Single,BR001,Business Owner,,619.0,0,0.0,Home Loan,3758700.0,180,9.81,0.0,0.69,3979700.0,2,2025-10-20,Rejected,No,,0
LN003151,Riya Kapoor,Female,24.0,Single,BR002,Salaried,509000.0,714.0,0,0.0,Business Loan,779500.0,24,12.36,36824.96,0.87,1040300.0,0,2025-02-14,Approved,No,,0
LN003086,Nikhil Naidu,Male,45.0,Married,BR004,Salaried,511600.0,751.0,0,0.0,Personal Loan,154200.0,48,13.49,0.0,0.1,0.0,0,2025-07-27,Rejected,No,,0
LN001700,Divya Sharma,Female,23.0,Married,BR006,Self-Employed,298300.0,674.0,1,488.91,Home Loan,1536900.0,240,9.26,14085.92,0.59,1573800.0,1,2025-07-04,Approved,No,,0
LN005179,Rajesh Verma,Male,35.0,Single,BR009,Self-Employed,297200.0,644.0,0,0.0,Business Loan,178000.0,36,13.06,6002.67,0.24,182600.0,0,2022-03-17,Approved,No,,0
LN002624,Deepak Bhatt,Male,41.0,Married,BR001,Salaried,966800.0,671.0,2,8028.34,Home Loan,5719500.0,300,9.29,49138.72,0.71,6906200.0,0,2025-03-11,Approved,No,,0
LN004330,Vihaan Rao,Male,24.0,Married,BR002,Self-Employed,481100.0,750.0,0,0.0,Home Loan,2505300.0,300,8.5,20173.35,0.5,3268500.0,0,2025-09-27,Approved,Yes,2025-12-10,163
LN005297,Ananya Verma,Female,29.0,Divorced,BR006,Self-Employed,304400.0,767.0,2,21.95,Home Loan,1197700.0,300,8.33,9507.38,0.38,1245200.0,1,2022-08-14,Approved,No,,0
LN001286,Sai Das,Male,41.0,Married,BR007,Salaried,357300.0,588.0,2,3202.44,Business Loan,335800.0,84,13.62,0.0,0.32,447900.0,1,2025-08-27,Rejected,No,,0
LN000479,Arjun Reddy,Male,26.0,Single,BR017,Salaried,322000.0,759.0,1,6516.84,Personal Loan,92400.0,12,13.41,0.0,0.55,0.0,0,2022-01-25,Rejected,No,,0
LN003990,Sai Pillai,Male,38.0,Single,BR001,Business Owner,598800.0,691.0,1,9612.88,Auto Loan,358700.0,60,10.09,7637.21,0.35,0.0,1,2022-09-02,Approved,Yes,2025-11-07,5
LN001802,Priya Iyer,Female,23.0,Single,BR009,Self-Employed,401100.0,708.0,1,6801.12,Personal Loan,61600.0,24,13.92,0.0,0.29,0.0,0,2023-06-08,Rejected,No,,0
LN002242,Suresh Singh,Male,21.0,Married,BR015,Business Owner,499200.0,829.0,2,8051.53,Personal Loan,74800.0,48,12.71,0.0,0.24,0.0,0,2025-05-12,Rejected,No,,0
LN003457,Aadhya Sharma,Female,22.0,Single,BR001,Salaried,242800.0,553.0,1,2897.13,Auto Loan,150600.0,48,11.47,3926.8,0.34,0.0,1,2025-06-02,Approved,No,,0
LN002453,Anil Agarwal,Male,30.0,Married,BR010,Business Owner,287300.0,636.0,1,8.06,Business Loan,546700.0,24,13.14,26027.08,1.09,611500.0,3,2023-12-03,Approved,No,,0
LN001615,Karthik Naidu,Male,53.0,Married,BR013,Salaried,376500.0,747.0,1,7686.71,Home Loan,1704200.0,120,8.53,21156.99,0.92,2221700.0,1,2024-10-05,Approved,No,,0
LN004980,Priya Chatterjee,Female,26.0,Married,BR007,Salaried,314900.0,650.0,2,3656.16,Business Loan,516300.0,24,13.0,24545.84,1.07,719800.0,0,2024-05-08,Approved,No,,0
LN003742,Karthik Mehta,Male,48.0,Single,BR003,Business Owner,1495200.0,628.0,1,4992.98,Business Loan,3117600.0,36,13.22,105374.93,0.89,4051900.0,1,2022-01-09,Approved,No,,0
LN003705,Aditya Pillai,Male,36.0,Married,BR010,Self-Employed,334900.0,650.0,0,0.0,Business Loan,776300.0,36,13.0,26156.61,0.94,789900.0,0,2024-04-05,Approved,No,,0
LN001826,Ishaan Verma,Male,39.0,Married,BR011,Salaried,395500.0,629.0,0,0.0,Business Loan,894000.0,60,13.21,20437.48,0.62,996500.0,1,2024-12-24,Approved,No,,0
LN004353,Vikram Rao,Male,47.0,Single,BR016,Salaried,780500.0,721.0,2,10580.03,Personal Loan,364100.0,24,13.79,17445.39,0.43,0.0,0,2022-12-31,Approved,No,,0
LN002943,Priya Patel,Female,32.0,Single,BR013,Salaried,487500.0,745.0,0,0.0,Home Loan,2605700.0,180,8.55,25735.79,0.63,3027800.0,0,2023-08-03,Approved,No,,0
LN001585,Sai Pillai,Male,40.0,Single,BR010,Salaried,944000.0,483.0,2,2633.76,Auto Loan,630500.0,48,12.17,0.0,0.25,0.0,1,2025-08-27,Rejected,No,,0
LN004235,Sunita Rao,Female,60.0,Single,BR001,Business Owner,890600.0,682.0,1,4163.06,Gold Loan,248600.0,6,9.68,42610.97,0.63,250900.0,1,2024-03-07,Approved,No,,0
LN002540,Rajesh Verma,Male,46.0,Married,BR001,Salaried,541100.0,675.0,1,5039.69,Business Loan,1251900.0,24,12.75,59370.71,1.43,1371600.0,0,2024-12-18,Approved,No,,0
LN003904,Krishna Patel,Male,21.0,Single,BR001,Salaried,699400.0,562.0,4,12405.31,Personal Loan,259500.0,36,15.38,9044.02,0.37,0.0,2,2023-04-14,Approved,Yes,2023-08-24,30
LN004675,Reyansh Bhatt,Male,46.0,Married,BR010,Salaried,420100.0,767.0,1,2.94,Personal Loan,245800.0,24,13.33,11723.92,0.33,0.0,2,2023-07-06,Approved,No,,0
LN002755,Krishna Patel,Male,44.0,Married,BR001,Business Owner,215500.0,900.0,1,3672.42,Personal Loan,102300.0,48,12.0,2693.95,0.35,0.0,0,2025-09-28,Approved,No,,0
LN003762,Shreya Malhotra,Female,21.0,Married,BR001,Salaried,369400.0,592.0,0,0.0,Home Loan,1911300.0,240,10.08,18545.88,0.6,2460700.0,0,2025-03-29,Approved,No,,0
LN004303,Sai Das,Male,39.0,Married,BR001,Business Owner,311700.0,760.0,2,2841.07,Business Loan,427500.0,24,11.9,20103.95,0.88,493700.0,1,2022-07-20,Approved,No,,0
LN003712,Arjun Joshi,Male,22.0,Single,BR017,Salaried,286800.0,833.0,0,0.0,Education Loan,205400.0,84,9.67,3374.96,0.14,0.0,0,2023-05-20,Approved,No,,0
LN004945,Ishaan Agarwal,Male,45.0,Married,BR004,Salaried,912300.0,725.0,0,0.0,Home Loan,3661800.0,180,8.75,36597.81,0.48,4797500.0,0,2024-06-25,Approved,No,,0
LN001288,Karthik Sharma,Male,31.0,Single,BR011,Salaried,722000.0,796.0,1,5864.46,Personal Loan,109100.0,24,13.04,5188.86,0.18,0.0,3,2022-10-13,Approved,No,,0
LN000001,Rajesh Patel,Male,45.0,Single,BR015,Self-Employed,528100.0,733.0,0,0.0,Home Loan,2462400.0,300,8.67,20110.8,0.46,2912000.0,1,2024-09-06,Approved,No,,0
LN003318,Vikram Chatterjee,Male,38.0,Single,BR005,Salaried,217000.0,771.0,2,3310.07,Home Loan,1092100.0,240,8.29,0.0,0.7,1381000.0,1,2025-02-02,Rejected,No,,0
LN002010,Amit Sharma,Male,38.0,Married,BR016,Salaried,461400.0,885.0,0,0.0,Personal Loan,160200.0,48,12.15,4230.49,0.11,0.0,0,2025-11-18,Approved,No,,0
LN001785,Ishaan Nair,Male,21.0,Married,BR002,Unemployed,154100.0,653.0,0,0.0,Gold Loan,29000.0,12,9.97,2549.16,0.2,36500.0,1,2024-04-15,Approved,Yes,2024-12-10,105
LN002298,Aadhya Iyer,Female,29.0,Married,BR005,Salaried,437000.0,759.0,1,2904.0,Home Loan,1760800.0,180,8.41,17246.53,0.55,1787900.0,0,2022-05-08,Approved,Yes,2023-07-19,13
LN003542,Deepak Mehta,Male,21.0,Married,BR008,Unemployed,90000.0,718.0,0,0.0,Personal Loan,28300.0,12,13.82,2538.58,0.34,0.0,0,2022-01-29,Approved,No,,0
LN000890,Vivaan Malhotra,Male,27.0,Married,BR015,Salaried,567600.0,592.0,0,0.0,Education Loan,374000.0,60,12.08,8334.55,0.18,0.0,0,2025-02-04,Approved,No,,0
LN003181,Aditya Malhotra,Male,24.0,Single,BR002,Salaried,299900.0,652.0,0,0.0,Auto Loan,247600.0,84,10.48,4172.12,0.17,0.0,0,2025-11-07,Approved,No,,0
LN003499,Suresh Rao,Male,27.0,Married,BR006,Salaried,414700.0,679.0,0,0.0,Personal Loan,42500.0,24,14.21,2044.77,0.06,0.0,1,2022-07-04,Approved,No,,0
LN002754,Shreya Das,Female,21.0,Single,BR010,Salaried,501300.0,776.0,0,0.0,Home Loan,2114000.0,240,8.24,17999.4,0.43,2335400.0,0,2022-02-15,Approved,Yes,2025-11-04,125
LN000980,Amit Chatterjee,Male,21.0,Married,BR002,Salaried,507400.0,625.0,1,3913.05,Auto Loan,588100.0,60,10.75,12713.52,0.39,0.0,2,2023-08-27,Approved,No,,0
LN002332,Karthik Verma,Male,43.0,Married,BR002,Salaried,520000.0,684.0,0,0.0,Home Loan,2261300.0,240,9.16,20578.77,0.47,2812400.0,0,2025-12-14,Approved,No,,0
LN002362,Rahul Gupta,Male,57.0,Married,BR004,Salaried,333900.0,666.0,0,0.0,Home Loan,1296300.0,240,9.34,11948.1,0.43,1395300.0,0,2024-02-06,Approved,No,,0
LN002645,Suresh Kapoor,Male,49.0,Married,BR003,Salaried,531700.0,572.0,1,10625.87,Education Loan,347200.0,60,12.28,0.0,0.42,0.0,0,2024-05-27,Rejected,No,,0
LN001764,Swati Reddy,Female,30.0,Single,BR001,Salaried,569400.0,,0,0.0,Personal Loan,184100.0,24,14.52,0.0,0.19,0.0,2,2023-10-07,Rejected,No,,0
LN004156,Vivaan Chatterjee,Male,42.0,Married,BR013,Salaried,671500.0,627.0,1,3763.83,Gold Loan,41100.0,12,10.23,0.0,0.13,46900.0,2,2025-09-02,Rejected,No,,0
LN004062,Deepak Singh,Male,38.0,Married,BR001,Business Owner,656600.0,549.0,2,3706.59,Home Loan,2148400.0,300,10.51,20300.15,0.44,2699300.0,2,2024-11-18,Approved,No,,0
LN004144,Karthik Sharma,Male,40.0,Married,BR005,Self-Employed,279100.0,485.0,1,4987.14,Business Loan,154600.0,84,14.65,0.0,0.34,184400.0,1,2023-11-03,Rejected,No,,0
LN000368,Divya Chauhan,Female,34.0,Single,BR013,Salaried,129700.0,708.0,0,0.0,Education Loan,105300.0,60,10.92,0.0,0.21,0.0,0,2022-11-05,Rejected,No,,0
LN002163,Karthik Chauhan,Male,40.0,Single,BR010,Business Owner,900300.0,760.0,2,3272.48,Gold Loan,176300.0,18,8.9,0.0,0.18,199500.0,0,2024-07-08,Rejected,No,,0
LN003035,Reyansh Pillai,Male,31.0,Divorced,BR004,Business Owner,394800.0,609.0,1,2136.11,Education Loan,137000.0,84,11.91,2411.84,0.14,0.0,1,2024-08-30,Approved,Yes,2024-10-21,45
LN003018,Vivaan Reddy,Male,36.0,Single,BR015,Self-Employed,179100.0,749.0,0,0.0,Business Loan,378700.0,84,12.01,6687.12,0.45,432300.0,0,2022-04-09,Approved,No,,0
LN002983,Krishna Rao,Male,35.0,Married,BR012,Self-Employed,127300.0,671.0,0,0.0,Personal Loan,56700.0,36,14.29,0.0,0.18,0.0,0,2023-10-20,Rejected,No,,0
LN005462,Vivaan Chatterjee,Male,48.0,Married,BR005,Unemployed,90000.0,660.0,2,266.36,Personal Loan,50200.0,24,14.4,2419.74,0.36,0.0,0,2022-09-10,Approved,No,,0
LN004855,Anil Rao,Male,40.0,Married,BR015,Salaried,456200.0,772.0,1,2995.8,Auto Loan,191100.0,48,9.28,0.0,0.2,0.0,1,2022-02-24,Rejected,No,,0
LN000979,Meera Pillai,Female,24.0,Single,BR015,Business Owner,924400.0,746.0,1,11774.72,Home Loan,4579600.0,180,8.54,45204.57,0.74,6006000.0,0,2025-03-26,Approved,No,,0
LN004349,Meera Chatterjee,Female,56.0,Married,BR005,Salaried,484600.0,544.0,0,0.0,Auto Loan,561500.0,60,11.56,0.0,0.31,0.0,4,2024-07-01,Rejected,No,,0
LN003751,Kritika Rao,Female,36.0,Married,BR005,Unemployed,145500.0,673.0,1,1692.23,Auto Loan,64600.0,60,10.27,0.0,0.25,0.0,0,2023-09-30,Rejected,No,,0
LN004188,Kritika Malhotra,Female,26.0,Married,BR014,Salaried,636500.0,695.0,0,0.0,Home Loan,3100500.0,180,9.05,31539.62,0.59,3324600.0,0,2023-02-20,Approved,No,,0
LN004818,Reyansh Mehta,Male,31.0,Married,BR004,Salaried,351500.0,472.0,3,6757.64,Personal Loan,176400.0,12,16.28,0.0,0.78,0.0,1,2024-06-25,Rejected,No,,0
LN001266,Divya Joshi,Female,36.0,Married,BR008,Salaried,405900.0,654.0,0,0.0,Personal Loan,153600.0,12,14.46,13824.57,0.41,0.0,0,2025-02-03,Approved,No,,0
LN002783,Vihaan Reddy,Male,34.0,Single,BR003,Self-Employed,303600.0,721.0,2,1060.3,Personal Loan,156800.0,36,13.79,0.0,0.25,0.0,0,2025-07-30,Rejected,No,,0
LN002860,Vihaan Mehta,Male,42.0,Divorced,BR004,Salaried,304400.0,632.0,3,5689.48,Personal Loan,48800.0,24,14.68,2358.74,0.32,0.0,1,2022-11-16,Approved,No,,0
LN001750,Aditya Mehta,Male,48.0,Single,BR005,Self-Employed,216800.0,560.0,0,0.0,Auto Loan,197700.0,84,11.4,0.0,0.19,0.0,0,2022-11-28,Rejected,No,,0
LN004556,Karthik Chatterjee,Male,45.0,Divorced,BR004,Unemployed,160300.0,691.0,2,2620.62,Personal Loan,25000.0,12,14.09,2245.74,0.36,0.0,0,2022-11-20,Approved,Yes,2023-11-14,359
LN004727,Priya Agarwal,Female,37.0,Married,BR006,Unemployed,99100.0,646.0,2,995.65,Education Loan,41600.0,36,11.54,0.0,0.29,0.0,2,2022-10-15,Rejected,No,,0
LN003533,Manish Gupta,Male,23.0,Single,BR003,Salaried,313000.0,694.0,0,0.0,Personal Loan,140100.0,48,14.06,3832.66,0.15,0.0,1,2025-12-29,Approved,No,,0
LN000850,Aditya Nair,Male,54.0,Married,BR001,Salaried,588200.0,706.0,0,0.0,Business Loan,924500.0,84,12.44,16538.29,0.34,1018300.0,0,2025-07-26,Approved,No,,0
LN004480,Ishaan Joshi,Male,44.0,Single,BR009,Business Owner,950400.0,695.0,1,19262.25,Business Loan,1157400.0,24,12.55,54780.59,0.93,1222800.0,0,2024-04-13,Approved,No,,0
LN002066,Manish Reddy,Male,43.0,Single,BR012,Salaried,419400.0,732.0,2,4710.57,Auto Loan,268600.0,48,9.68,6771.19,0.33,0.0,1,2023-02-24,Approved,No,,0
LN005052,Sneha Gupta,Female,47.0,Married,BR009,Self-Employed,768300.0,664.0,3,15767.23,Personal Loan,111800.0,36,14.36,3840.64,0.31,0.0,0,2022-08-24,Approved,Yes,2022-11-18,55
LN005163,Rohan Agarwal,Male,37.0,Single,BR004,Business Owner,,645.0,0,0.0,Personal Loan,109300.0,12,14.55,9842.04,0.32,0.0,2,2023-10-08,Approved,No,,0
LN001210,Priya Iyer,Female,23.0,Married,BR008,Business Owner,277000.0,734.0,0,0.0,Education Loan,162700.0,84,10.66,0.0,0.12,0.0,3,2025-11-16,Rejected,No,,0
LN000115,Kavya Joshi,Female,24.0,Single,BR002,Salaried,640300.0,863.0,0,0.0,Personal Loan,274700.0,36,12.37,9172.59,0.17,0.0,2,2024-10-15,Approved,Yes,2025-06-07,36
LN004590,Geeta Agarwal,Female,26.0,Married,BR005,Business Owner,722000.0,597.0,0,0.0,Education Loan,616600.0,36,12.03,0.0,0.34,0.0,2,2022-09-22,Rejected,No,,0
LN004608,Rahul Naidu,Male,47.0,Married,BR012,Salaried,637200.0,593.0,0,0.0,Business Loan,896900.0,60,13.57,20669.89,0.39,1204400.0,1,2025-02-09,Approved,Yes,2025-04-12,11
LN002979,Rajesh Das,Male,,Single,BR004,Salaried,609000.0,631.0,0,0.0,Personal Loan,234000.0,12,14.69,0.0,0.42,0.0,3,2024-01-02,Rejected,No,,0
LN004682,Ishaan Bhatt,Male,32.0,Married,BR002,Salaried,866000.0,900.0,1,7869.1,Gold Loan,136000.0,18,7.5,8012.08,0.22,159600.0,0,2022-03-09,Approved,No,,0
LN000819,Saanvi Rao,Female,43.0,Married,BR006,Salaried,699000.0,636.0,0,0.0,Personal Loan,394700.0,36,14.64,0.0,0.23,0.0,2,2025-12-28,Rejected,No,,0
LN000788,Ananya Malhotra,Female,44.0,Single,BR010,Salaried,382500.0,718.0,1,6132.97,Personal Loan,61300.0,24,13.82,2937.98,0.28,0.0,0,2024-07-04,Approved,No,,0
LN002604,Ishita Patel,Female,33.0,Married,BR010,Salaried,271000.0,596.0,0,0.0,Home Loan,1082000.0,180,10.04,11653.72,0.52,1132500.0,0,2023-09-04,Approved,No,,0
LN003225,Rekha Patel,Female,33.0,Married,BR011,Salaried,525900.0,669.0,0,0.0,Home Loan,2882200.0,240,9.31,0.0,0.6,3045600.0,0,2023-03-15,Rejected,No,,0
LN001057,Rohan Bhatt,Male,46.0,Single,BR014,Salaried,262000.0,670.0,1,406.93,Home Loan,851700.0,300,9.3,7323.21,0.35,1015300.0,0,2024-02-03,Approved,Yes,2025-01-16,94
LN004112,Sunita Pillai,Female,50.0,Married,BR002,Salaried,963500.0,608.0,1,8602.59,Home Loan,3191500.0,180,9.92,0.0,0.53,3963100.0,3,2024-12-11,Rejected,No,,0
LN004532,Neha Sharma,Female,39.0,Single,BR013,Salaried,516700.0,833.0,0,0.0,Home Loan,2300600.0,180,7.67,21549.7,0.5,2609200.0,1,2022-10-07,Approved,No,,0
LN002547,Vikram Pillai,Male,30.0,Married,BR006,Salaried,450300.0,580.0,0,0.0,Home Loan,1950200.0,180,10.2,0.0,0.56,2013600.0,0,2023-04-29,Rejected,No,,0
LN002668,Aarav Gupta,Male,35.0,Married,BR010,Business Owner,1215900.0,632.0,0,0.0,Personal Loan,641500.0,36,14.68,22137.41,0.22,0.0,2,2024-11-27,Approved,No,,0
LN003578,Vihaan Kapoor,Male,39.0,Married,BR015,Business Owner,936000.0,703.0,1,15103.47,Home Loan,2880500.0,120,8.97,36442.21,0.66,3905700.0,0,2024-10-08,Approved,No,,0
LN004051,Suresh Kapoor,Male,35.0,Single,BR004,Salaried,622000.0,565.0,1,6172.09,Personal Loan,182500.0,36,15.35,0.0,0.24,0.0,0,2025-09-21,Rejected,No,,0
LN001428,Nikhil Singh,Male,37.0,Single,BR005,Salaried,563000.0,591.0,1,6757.31,Auto Loan,587300.0,36,11.09,19252.49,0.55,0.0,2,2022-04-19,Approved,No,,0
LN003732,Manish Patel,Male,37.0,Married,BR006,Self-Employed,858800.0,788.0,0,0.0,Home Loan,3496000.0,120,8.12,0.0,0.6,4658000.0,1,2022-03-11,Rejected,No,,0
LN004547,Kavya Patel,Female,29.0,Married,BR002,Salaried,618200.0,900.0,0,0.0,Personal Loan,196200.0,12,12.0,17432.13,0.34,0.0,0,2022-04-30,Approved,No,,0
LN003919,Kavya Nair,Female,32.0,Single,BR005,Salaried,480100.0,674.0,1,4565.49,Home Loan,1588000.0,180,9.26,0.0,0.52,1740900.0,2,2025-08-03,Rejected,No,,0
LN005346,Shreya Joshi,Female,62.0,Divorced,BR011,Salaried,417300.0,587.0,3,8634.0,Gold Loan,89000.0,12,10.63,7850.62,0.47,118700.0,1,2023-07-12,Approved,No,,0
LN005293,Priya Rao,Female,21.0,Single,BR013,Unemployed,101900.0,683.0,0,0.0,Business Loan,156600.0,24,12.67,7420.8,0.87,190000.0,0,2023-08-31,Approved,No,,0
LN003030,Shreya Rao,Female,30.0,Married,BR014,Salaried,918300.0,557.0,0,0.0,Home Loan,3733100.0,240,10.43,0.0,0.48,4269400.0,3,2024-07-29,Rejected,No,,0
LN000242,Vivaan Pillai,Male,26.0,Married,BR008,Self-Employed,346800.0,747.0,0,0.0,Personal Loan,42500.0,36,13.53,1442.87,0.05,0.0,0,2025-10-05,Approved,No,,0
LN000530,Kritika Chauhan,Female,49.0,Single,BR006,Business Owner,535200.0,803.0,1,1552.4,Education Loan,420400.0,120,9.97,5548.64,0.16,0.0,0,2022-08-28,Approved,No,,0
LN004440,Kavya Naidu,Female,53.0,Single,BR001,Salaried,287800.0,676.0,1,3081.5,Education Loan,224500.0,120,11.24,0.0,0.26,0.0,1,2022-05-15,Rejected,No,,0
LN001181,Rajesh Verma,Male,28.0,Married,BR004,Salaried,269800.0,637.0,2,669.23,Home Loan,1507300.0,300,9.63,13305.7,0.62,1700800.0,1,2024-10-30,Approved,No,,0
LN001443,Vivaan Joshi,Male,23.0,Single,BR002,Business Owner,313600.0,769.0,1,3810.71,Home Loan,1059000.0,240,8.31,9063.3,0.49,1224700.0,0,2023-03-01,Approved,No,,0
LN001773,Karthik Patel,Male,44.0,Single,BR001,Salaried,,744.0,2,1673.8,Business Loan,742600.0,24,12.06,34977.57,1.42,1001900.0,0,2023-06-01,Approved,Yes,2024-01-04,240
LN005444,Sunita Das,Female,21.0,Single,BR009,Business Owner,300600.0,602.0,1,3085.7,Personal Loan,35200.0,12,14.98,3176.76,0.25,0.0,0,2023-07-17,Approved,No,,0
LN003619,Deepak Das,Male,35.0,Married,BR011,Salaried,136200.0,608.0,1,532.76,Auto Loan,134500.0,36,10.92,0.0,0.43,0.0,2,2022-12-02,Rejected,No,,0
LN000507,Vivaan Malhotra,Male,39.0,Single,BR012,Salaried,426500.0,604.0,0,0.0,Business Loan,890600.0,24,13.46,0.0,1.2,895500.0,1,2024-08-13,Rejected,No,,0
LN004237,Geeta Iyer,Female,21.0,Married,BR003,Salaried,478600.0,545.0,0,0.0,Auto Loan,437900.0,48,11.55,0.0,0.29,0.0,0,2023-05-19,Rejected,No,,0
LN001580,Deepak Sharma,Male,43.0,Single,BR009,Business Owner,1466600.0,687.0,0,0.0,Auto Loan,594600.0,48,10.13,15117.74,0.12,0.0,2,2022-02-14,Approved,No,,0
LN003958,Karthik Naidu,Male,38.0,Divorced,BR010,Salaried,,733.0,0,0.0,Home Loan,1386000.0,180,8.67,13786.96,0.59,1534600.0,1,2024-11-18,Approved,No,,0
LN004161,Manish Bhatt,Male,41.0,Single,BR007,Business Owner,864500.0,900.0,0,0.0,Business Loan,1124200.0,60,10.5,24163.44,0.34,1458500.0,0,2022-07-03,Approved,No,,0
LN002059,Arjun Patel,Male,40.0,Single,BR005,Business Owner,110700.0,765.0,1,1714.44,Personal Loan,41800.0,24,13.35,1994.13,0.4,0.0,0,2022-11-07,Approved,No,,0
LN001752,Arjun Iyer,Male,37.0,Single,BR011,Self-Employed,152600.0,783.0,0,0.0,Auto Loan,95800.0,60,9.17,0.0,0.16,0.0,1,2022-06-25,Rejected,No,,0
LN002006,Kavya Agarwal,Female,25.0,Single,BR016,Salaried,167400.0,729.0,1,1964.66,Personal Loan,66000.0,36,13.71,2246.44,0.3,0.0,0,2022-11-05,Approved,No,,0
LN003710,Rekha Sharma,Female,47.0,Married,BR011,Self-Employed,588800.0,587.0,1,3578.59,Home Loan,2255800.0,240,10.13,21963.61,0.52,3105500.0,1,2024-07-24,Approved,Yes,2025-05-02,11
LN003251,Manish Kapoor,Male,30.0,Married,BR007,Salaried,542700.0,617.0,3,8601.13,Auto Loan,525700.0,48,10.83,13543.63,0.49,0.0,2,2022-01-12,Approved,No,,0
LN002301,Aditya Sharma,Male,23.0,Married,BR004,Salaried,265400.0,753.0,1,4983.09,Home Loan,1119300.0,120,8.47,13859.77,0.85,1412200.0,1,2022-03-30,Approved,No,,0
LN001630,Vihaan Patel,Male,,Single,BR004,Salaried,165100.0,826.0,3,1055.41,Auto Loan,89400.0,48,8.74,0.0,0.24,0.0,0,2025-10-16,Rejected,No,,0
LN004700,Vikram Agarwal,Male,47.0,Divorced,BR005,Self-Employed,317600.0,493.0,2,1631.86,Gold Loan,25000.0,24,11.57,0.0,0.11,27200.0,2,2025-06-16,Rejected,No,,0
LN000806,Ananya Reddy,Female,33.0,Single,BR010,Salaried,913900.0,685.0,1,7402.33,Personal Loan,318100.0,48,14.15,8716.51,0.21,0.0,0,2023-04-06,Approved,No,,0
LN004041,Arjun Nair,Male,49.0,Married,BR002,Business Owner,549400.0,580.0,1,10598.63,Auto Loan,221700.0,48,11.2,0.0,0.36,0.0,1,2022-06-12,Rejected,No,,0
LN001125,Manish Das,Male,23.0,Single,BR011,Unemployed,308200.0,824.0,0,0.0,Home Loan,1661100.0,120,7.76,19943.69,0.78,2075000.0,1,2025-11-01,Approved,No,,0
LN005288,Krishna Chauhan,Male,42.0,Single,BR001,Salaried,186000.0,680.0,0,0.0,Personal Loan,25500.0,48,14.2,699.39,0.05,0.0,0,2025-01-12,Approved,No,,0
LN003650,Neha Chauhan,Female,25.0,Divorced,BR016,Salaried,548100.0,724.0,2,1586.28,Personal Loan,248100.0,48,13.76,6749.87,0.18,0.0,0,2022-12-07,Approved,No,,0
LN000315,Reyansh Iyer,Male,38.0,Single,BR002,Business Owner,545000.0,471.0,1,2258.62,Business Loan,904300.0,84,14.79,0.0,0.43,1121500.0,2,2023-12-13,Rejected,No,,0
LN001778,Aarav Kapoor,Male,46.0,Single,BR008,Salaried,734100.0,688.0,1,12426.5,Personal Loan,391500.0,12,14.12,0.0,0.78,0.0,1,2025-05-04,Rejected,No,,0
LN003945,Anil Kapoor,Male,39.0,Single,BR009,Salaried,188500.0,750.0,1,951.2,Gold Loan,28100.0,18,9.0,1674.69,0.17,36100.0,0,2022-01-15,Approved,No,,0
LN002567,Rajesh Pillai,Male,43.0,Single,BR006,Salaried,492700.0,598.0,1,1697.7,Business Loan,1066700.0,84,13.52,19708.2,0.52,1349400.0,2,2025-08-16,Approved,Yes,2025-11-05,62
LN002514,Vivaan Gupta,Male,35.0,Married,BR002,Self-Employed,429400.0,694.0,1,7344.51,Business Loan,925400.0,36,12.56,0.0,1.07,955900.0,0,2023-04-16,Rejected,No,,0
LN000932,Karthik Das,Male,28.0,Single,BR003,Salaried,502300.0,712.0,0,0.0,Gold Loan,137600.0,24,9.38,6310.24,0.15,170100.0,0,2023-08-26,Approved,Yes,2024-09-23,93
LN005060,Sunita Mehta,Female,37.0,Single,BR010,Unemployed,101500.0,761.0,1,2068.19,Personal Loan,32100.0,36,13.39,0.0,0.37,0.0,0,2023-12-16,Rejected,No,,0
LN001686,Riya Sharma,Female,21.0,Single,BR006,Salaried,521400.0,767.0,0,0.0,Home Loan,3042000.0,240,8.33,26072.79,0.6,3625700.0,0,2023-08-25,Approved,No,,0
LN004079,Sai Nair,Male,40.0,Married,BR003,Salaried,336700.0,624.0,1,1514.39,Business Loan,631800.0,24,13.26,30114.14,1.13,729200.0,2,2022-03-02,Approved,No,,0
LN002891,Meera Bhatt,Female,24.0,Single,BR001,Salaried,555300.0,528.0,0,0.0,Home Loan,3020400.0,300,10.72,28993.95,0.63,3664300.0,1,2024-06-18,Approved,No,,0
LN003717,Ishaan Rao,Male,49.0,Divorced,BR016,Salaried,840400.0,682.0,1,5598.9,Home Loan,3808400.0,240,9.18,34707.28,0.58,4005200.0,1,2024-01-22,Approved,No,,0
LN003519,Reyansh Naidu,Male,41.0,Married,BR009,Salaried,502000.0,693.0,1,6882.0,Personal Loan,230000.0,36,14.07,7868.68,0.35,0.0,0,2024-09-29,Approved,No,,0
LN004464,Rajesh Sharma,Male,31.0,Married,BR006,Self-Employed,902000.0,706.0,0,0.0,Home Loan,4073700.0,120,8.94,51471.72,0.68,5248900.0,0,2025-05-27,Approved,No,,0
LN000363,Neha Joshi,Female,21.0,Single,BR005,Business Owner,708700.0,565.0,0,0.0,Auto Loan,536200.0,36,11.35,17643.51,0.3,0.0,1,2025-07-08,Approved,No,,0
LN003733,Sunita Reddy,Female,31.0,Single,BR008,Salaried,644100.0,711.0,1,8124.25,Gold Loan,52600.0,24,9.39,2412.44,0.2,72100.0,1,2023-08-07,Approved,No,,0
LN000631,Vihaan Malhotra,Male,21.0,Married,BR011,Self-Employed,633500.0,786.0,1,9124.99,Home Loan,3330500.0,300,8.14,26014.98,0.67,3810400.0,0,2024-04-20,Approved,Yes,2024-10-26,31
LN004187,Aadhya Reddy,Female,35.0,Married,BR004,Self-Employed,182900.0,607.0,0,0.0,Auto Loan,108100.0,48,10.93,0.0,0.18,0.0,3,2024-03-15,Rejected,No,,0
LN001789,Arjun Gupta,Male,23.0,Married,BR005,Salaried,196000.0,610.0,1,1592.22,Home Loan,606200.0,240,9.9,5809.85,0.45,815100.0,3,2025-09-27,Approved,No,,0
LN002370,Rahul Joshi,Male,40.0,Divorced,BR009,Salaried,380500.0,715.0,1,3690.42,Auto Loan,339800.0,36,9.85,10940.48,0.46,0.0,0,2023-07-23,Approved,No,,0
LN002234,Vihaan Mehta,Male,29.0,Married,BR006,Salaried,301800.0,536.0,2,5421.15,Home Loan,1772600.0,300,10.64,0.0,0.89,2193000.0,0,2025-09-19,Rejected,No,,0
LN003205,Shreya Malhotra,Female,22.0,Married,BR005,Salaried,706900.0,647.0,1,6813.97,Personal Loan,312100.0,36,14.53,0.0,0.3,0.0,1,2024-12-06,Rejected,No,,0
LN002917,Saanvi Chauhan,Female,31.0,Divorced,BR008,Business Owner,732600.0,891.0,1,13955.26,Home Loan,2906700.0,120,7.09,33884.23,0.78,3638300.0,0,2025-04-01,Approved,No,,0
LN002805,Priya Iyer,Female,38.0,Married,BR011,Salaried,518400.0,469.0,3,1543.58,Personal Loan,163200.0,48,16.31,0.0,0.14,0.0,3,2024-07-22,Rejected,No,,0
LN003872,Arjun Das,Male,,Single,BR001,Salaried,340600.0,536.0,0,0.0,Auto Loan,266400.0,84,11.64,0.0,0.16,0.0,0,2025-05-02,Rejected,No,,0
LN003959,Vikram Das,Male,34.0,Single,BR008,Business Owner,1503500.0,737.0,1,23688.72,Education Loan,1419200.0,84,10.63,0.0,0.38,0.0,0,2025-08-14,Rejected,No,,0
LN000120,Vikram Chauhan,Male,21.0,Single,BR009,Salaried,474100.0,705.0,2,4561.24,Personal Loan,256100.0,24,13.95,12290.05,0.43,0.0,0,2024-04-01,Approved,No,,0
LN001960,Suresh Rao,Male,28.0,Married,BR016,Salaried,180100.0,640.0,0,0.0,Business Loan,386100.0,60,13.1,8804.74,0.59,466400.0,1,2025-04-24,Approved,Yes,2025-12-01,36
LN001063,Ananya Das,Female,40.0,Married,BR009,Self-Employed,370300.0,724.0,0,0.0,Personal Loan,97300.0,24,13.76,0.0,0.15,0.0,1,2024-09-28,Rejected,No,,0
LN000841,Ananya Kapoor,Female,27.0,Married,BR012,Self-Employed,463600.0,740.0,0,0.0,Home Loan,2580000.0,120,8.6,32126.46,0.83,3129600.0,1,2025-07-14,Approved,No,,0
LN000494,Rajesh Reddy,Male,31.0,Divorced,BR004,Business Owner,1016200.0,647.0,1,7412.05,Personal Loan,121800.0,12,14.53,10966.47,0.22,0.0,1,2022-08-17,Approved,No,,0
LN000444,Ishaan Kapoor,Male,32.0,Single,BR008,Business Owner,404100.0,723.0,0,0.0,Home Loan,1640700.0,240,8.77,14519.99,0.43,1824700.0,0,2024-04-01,Approved,No,,0
LN001843,Krishna Rao,Male,21.0,Married,BR006,Salaried,940600.0,809.0,1,10714.58,Auto Loan,516900.0,84,8.91,8292.85,0.24,0.0,0,2024-05-11,Approved,No,,0
LN003157,Suresh Rao,Male,21.0,Single,BR010,Salaried,,,0,0.0,Education Loan,277600.0,36,10.89,9073.81,0.35,0.0,0,2025-10-03,Approved,No,,0
LN004321,Manish Malhotra,Male,37.0,Single,BR003,Salaried,515100.0,675.0,1,9600.11,Education Loan,494000.0,84,11.25,8523.56,0.42,0.0,0,2023-07-24,Approved,No,,0
LN000020,Ananya Nair,Female,38.0,Single,BR005,Salaried,474500.0,731.0,1,1796.73,Home Loan,2661500.0,240,8.69,0.0,0.64,3163700.0,0,2024-11-30,Rejected,No,,0
LN000419,Meera Verma,Female,28.0,Single,BR009,Salaried,744800.0,551.0,3,12372.52,Personal Loan,432000.0,48,15.49,12130.46,0.39,0.0,2,2024-04-15,Approved,No,,0
LN003946,Krishna Patel,Male,33.0,Married,BR007,Salaried,270300.0,693.0,2,2521.61,Education Loan,120700.0,60,11.07,2628.53,0.23,0.0,0,2024-01-05,Approved,No,,0
LN000992,Sai Verma,Male,46.0,Single,BR008,Business Owner,108700.0,680.0,0,0.0,Auto Loan,121800.0,84,10.2,2034.63,0.22,0.0,0,2022-12-19,Approved,No,,0
LN000386,Sneha Sharma,Female,61.0,Single,BR001,Salaried,257600.0,735.0,2,205.89,Auto Loan,284400.0,36,9.65,9130.13,0.43,0.0,0,2024-02-06,Approved,No,,0
LN000930,Meera Malhotra,Female,33.0,Divorced,BR013,Unemployed,292400.0,706.0,1,4918.86,Gold Loan,84000.0,18,9.44,5023.16,0.41,113200.0,0,2023-10-16,Approved,No,,0
LN000265,Rohan Patel,Male,43.0,Single,BR006,Salaried,356100.0,603.0,2,2310.74,Business Loan,603100.0,60,13.47,0.0,0.55,810100.0,2,2024-12-29,Rejected,No,,0
LN001453,Anjali Gupta,Female,24.0,Single,BR001,Salaried,583800.0,534.0,1,3970.66,Home Loan,2502800.0,120,10.66,33996.15,0.78,3300300.0,1,2022-05-08,Approved,No,,0
LN004257,Rekha Mehta,Female,46.0,Married,BR001,Salaried,559500.0,639.0,2,5504.14,Personal Loan,274200.0,12,14.61,24698.4,0.65,0.0,1,2025-03-13,Approved,Yes,2025-06-15,56
LN002159,Anil Pillai,Male,39.0,Married,BR017,Salaried,696500.0,614.0,1,14491.73,Home Loan,3324400.0,300,9.86,29881.38,0.76,3404100.0,0,2025-11-21,Approved,No,,0
LN004400,Swati Kapoor,Female,24.0,Married,BR010,Salaried,383300.0,586.0,0,0.0,Business Loan,582900.0,36,13.64,19820.37,0.62,625600.0,1,2025-03-31,Approved,Yes,2025-06-10,13
LN003211,Divya Das,Female,21.0,Married,BR002,Salaried,622800.0,764.0,1,10562.87,Business Loan,1447200.0,84,11.86,25438.81,0.69,1726200.0,0,2022-04-10,Approved,No,,0
LN004606,Saanvi Iyer,Female,48.0,Married,BR010,Self-Employed,790200.0,666.0,2,2590.23,Gold Loan,198000.0,12,9.84,17392.62,0.3,241400.0,0,2025-08-14,Approved,No,,0
LN005164,Vivaan Patel,Male,37.0,Married,BR013,Business Owner,2585500.0,673.0,0,0.0,Personal Loan,986100.0,48,14.27,27080.39,0.13,0.0,1,2025-06-22,Approved,No,,0
LN005394,Ishaan Patel,Male,36.0,Married,BR010,Salaried,743900.0,737.0,1,8578.78,Personal Loan,354600.0,48,13.63,9624.28,0.29,0.0,1,2022-10-19,Approved,No,,0
LN000935,Aarav Naidu,Male,38.0,Married,BR005,Self-Employed,537000.0,615.0,3,1040.57,Personal Loan,97000.0,48,14.85,2692.21,0.08,0.0,1,2025-03-22,Approved,No,,0
LN004982,Karthik Patel,Male,27.0,Single,BR013,Salaried,598000.0,581.0,1,2755.3,Personal Loan,296700.0,36,15.19,0.0,0.26,0.0,1,2023-03-24,Rejected,No,,0
LN003621,Rahul Mehta,Male,24.0,Married,BR005,Business Owner,459000.0,580.0,0,0.0,Personal Loan,104200.0,12,15.2,9414.75,0.25,0.0,3,2024-05-08,Approved,Yes,2024-10-04,138
LN000276,Vivaan Verma,Male,31.0,Married,BR001,Self-Employed,377600.0,673.0,0,0.0,Home Loan,2228300.0,120,9.27,0.0,0.91,3114700.0,0,2022-08-29,Rejected,No,,0
LN003401,Riya Das,Female,29.0,Single,BR003,Salaried,,601.0,2,1713.19,Auto Loan,162500.0,84,10.99,0.0,0.28,0.0,4,2025-03-24,Rejected,No,,0
LN005252,Anjali Chauhan,Female,33.0,Single,BR008,Salaried,298500.0,672.0,0,0.0,Auto Loan,326100.0,36,10.28,10565.25,0.42,0.0,0,2024-01-02,Approved,No,,0
LN001724,Vikram Kapoor,Male,27.0,Married,BR010,Business Owner,544900.0,699.0,2,5458.94,Home Loan,1666800.0,240,9.01,15007.35,0.45,1856400.0,0,2024-12-21,Approved,No,,0
LN004324,Anjali Chatterjee,Female,36.0,Married,BR012,Self-Employed,199000.0,683.0,1,3929.35,Home Loan,962100.0,180,9.17,9855.79,0.83,1188300.0,0,2023-06-20,Approved,No,,0
LN000134,Karthik Bhatt,Male,43.0,Married,BR001,Business Owner,535900.0,708.0,0,0.0,Personal Loan,253500.0,48,13.92,6917.09,0.15,0.0,0,2024-07-18,Approved,No,,0
LN001760,Rahul Reddy,Male,21.0,Married,BR006,Unemployed,151300.0,566.0,0,0.0,Home Loan,597800.0,120,10.34,0.0,0.64,717300.0,0,2024-02-11,Rejected,No,,0
LN001308,Aditya Chatterjee,Male,28.0,Single,BR009,Salaried,401600.0,582.0,0,0.0,Education Loan,214400.0,120,12.18,3098.37,0.09,0.0,2,2024-07-22,Approved,No,,0
LN000497,Kavya Chatterjee,Female,38.0,Single,BR002,Salaried,435100.0,579.0,0,0.0,Business Loan,802300.0,84,13.71,0.0,0.41,979800.0,3,2024-04-15,Rejected,No,,0
LN005057,Nikhil Das,Male,24.0,Married,BR001,Business Owner,682700.0,732.0,0,0.0,Education Loan,621100.0,84,10.68,10530.53,0.19,0.0,2,2024-04-12,Approved,No,,0
LN000336,Aarav Pillai,Male,,Single,BR010,Business Owner,274500.0,765.0,2,4296.91,Personal Loan,161400.0,36,13.35,0.0,0.43,0.0,0,2022-05-12,Rejected,No,,0
LN003336,Karthik Das,Male,26.0,Married,BR017,Unemployed,131700.0,657.0,1,1829.97,Auto Loan,57900.0,84,10.43,974.12,0.26,0.0,0,2025-07-25,Approved,Yes,2025-08-29,67
LN003215,Sai Rao,Male,23.0,Single,BR003,Salaried,911100.0,670.0,2,5961.82,Auto Loan,901300.0,48,10.3,22989.37,0.38,0.0,0,2025-03-01,Approved,No,,0
LN005366,Amit Kapoor,Male,41.0,Single,BR003,Business Owner,1172600.0,608.0,0,0.0,Personal Loan,119400.0,48,14.92,0.0,0.03,0.0,0,2024-11-19,Rejected,No,,0
LN004909,Saanvi Verma,Female,23.0,Divorced,BR008,Business Owner,445800.0,732.0,2,838.32,Home Loan,2497400.0,240,8.68,21958.37,0.61,2972700.0,1,2023-11-29,Approved,No,,0
LN005148,Kritika Mehta,Female,23.0,Divorced,BR010,Business Owner,1008100.0,864.0,0,0.0,Business Loan,1334000.0,36,10.86,43585.06,0.52,1816200.0,1,2024-04-05,Approved,No,,0
LN000442,Nikhil Kapoor,Male,24.0,Married,BR003,Salaried,415500.0,705.0,0,0.0,Home Loan,1643800.0,120,8.95,20778.51,0.6,1683400.0,0,2022-08-02,Approved,No,,0
LN005259,Ishaan Patel,Male,31.0,Single,BR004,Salaried,959400.0,668.0,1,19342.47,Personal Loan,379100.0,36,14.32,13015.74,0.4,0.0,0,2023-05-11,Approved,No,,0
LN005484,Sneha Reddy,Female,23.0,Married,BR001,Self-Employed,267200.0,570.0,2,1282.56,Auto Loan,278500.0,84,11.3,0.0,0.27,0.0,2,2024-02-21,Rejected,No,,0
LN003162,Aadhya Gupta,Female,39.0,Married,BR018,Business Owner,385100.0,609.0,0,0.0,Home Loan,2003100.0,120,9.91,26371.38,0.82,2567200.0,0,2025-08-23,Approved,No,,0
LN003996,Karthik Pillai,Male,26.0,Single,BR013,Salaried,557500.0,514.0,0,0.0,Education Loan,524500.0,60,12.86,11896.43,0.26,0.0,1,2023-04-30,Approved,No,,0
LN003096,Kritika Malhotra,Female,40.0,Divorced,BR001,Salaried,424800.0,719.0,2,3614.54,Auto Loan,385000.0,48,9.81,0.0,0.38,0.0,1,2024-03-08,Rejected,No,,0
LN003152,Meera Nair,Female,22.0,Married,BR001,Self-Employed,200100.0,759.0,2,1519.73,Home Loan,742400.0,300,8.41,5933.05,0.45,853400.0,1,2024-03-19,Approved,No,,0
LN003777,Amit Das,Male,29.0,Married,BR004,Salaried,560500.0,664.0,1,10991.93,Auto Loan,400900.0,36,10.36,13003.78,0.51,0.0,1,2022-09-24,Approved,No,,0
LN004339,Meera Kapoor,Female,29.0,Married,BR002,Self-Employed,300600.0,614.0,1,2262.05,Personal Loan,139700.0,24,14.86,6764.3,0.36,0.0,0,2023-07-25,Approved,No,,0
LN001395,Vihaan Verma,Male,26.0,Single,BR008,Self-Employed,261200.0,760.0,0,0.0,Personal Loan,87700.0,36,13.4,0.0,0.14,0.0,3,2023-06-05,Rejected,No,,0
LN004780,Ishita Pillai,Female,45.0,Married,BR008,Salaried,591400.0,710.0,1,2026.95,Gold Loan,171800.0,24,9.4,7880.21,0.2,209800.0,0,2025-11-30,Approved,No,,0
LN001351,Riya Malhotra,Female,31.0,Single,BR014,Salaried,358500.0,474.0,2,3205.43,Auto Loan,247500.0,48,12.26,0.0,0.33,0.0,0,2024-01-09,Rejected,No,,0
LN004754,Ishaan Gupta,Male,44.0,Married,BR002,Business Owner,655100.0,676.0,0,0.0,Home Loan,3519000.0,240,9.24,0.0,0.59,3681000.0,1,2023-08-15,Rejected,No,,0
LN002553,Rohan Mehta,Male,32.0,Married,BR002,Salaried,337300.0,507.0,1,535.93,Auto Loan,277000.0,48,11.93,0.0,0.28,0.0,1,2023-07-04,Rejected,No,,0
LN000409,Amit Kapoor,Male,42.0,Married,BR003,Unemployed,283300.0,553.0,2,5635.54,Auto Loan,325500.0,36,11.47,10729.05,0.69,0.0,0,2024-08-29,Approved,Yes,2025-11-16,183
LN001116,Krishna Nair,Male,50.0,Single,BR006,Self-Employed,588800.0,618.0,0,0.0,Home Loan,3508500.0,120,9.82,0.0,0.94,3680500.0,3,2025-01-31,Rejected,No,,0
LN003154,Rohan Mehta,Male,50.0,Divorced,BR008,Self-Employed,386800.0,778.0,1,3139.55,Education Loan,325000.0,84,10.22,0.0,0.27,0.0,1,2025-09-20,Rejected,No,,0
LN001256,Suresh Chatterjee,Male,37.0,Single,BR006,Salaried,294300.0,574.0,1,5697.95,Personal Loan,165200.0,48,15.26,4619.44,0.42,0.0,1,2022-11-07,Approved,Yes,2024-10-14,150
LN001867,Sneha Pillai,Female,32.0,Married,BR005,Self-Employed,397900.0,713.0,2,7498.28,Home Loan,2037000.0,240,8.87,18157.46,0.77,2815900.0,0,2025-04-19,Approved,No,,0
LN000141,Aadhya Naidu,Female,33.0,Single,BR012,Salaried,720200.0,596.0,1,11333.95,Education Loan,430300.0,36,12.04,14300.34,0.43,0.0,0,2023-05-01,Approved,No,,0
LN004997,Sai Kapoor,Male,,Single,BR016,Business Owner,347300.0,608.0,0,0.0,Auto Loan,343500.0,60,10.92,7454.83,0.26,0.0,1,2022-09-26,Approved,No,,0
LN002686,Aarav Naidu,Male,29.0,Single,BR007,Salaried,288500.0,801.0,1,3559.93,Home Loan,1506700.0,300,7.99,11618.98,0.63,2033500.0,0,2024-09-18,Approved,No,,0
LN005357,Divya Chatterjee,Female,61.0,Divorced,BR004,Business Owner,384600.0,731.0,2,451.05,Personal Loan,96400.0,24,13.69,4614.34,0.16,0.0,0,2025-03-13,Approved,No,,0
LN003886,Anil Chatterjee,Male,38.0,Single,BR006,Self-Employed,487600.0,630.0,1,9001.08,Auto Loan,224000.0,84,10.7,0.0,0.32,0.0,1,2024-06-11,Rejected,No,,0
LN000689,Vikram Das,Male,25.0,Single,BR017,Salaried,1007900.0,630.0,1,4694.19,Home Loan,5104400.0,240,9.7,0.0,0.63,6867200.0,0,2024-07-17,Rejected,No,,0
LN003865,Karthik Bhatt,Male,25.0,Divorced,BR013,Business Owner,736800.0,652.0,3,15080.04,Personal Loan,99900.0,24,14.48,4819.17,0.32,0.0,1,2025-09-03,Approved,No,,0
LN004947,Amit Patel,Male,39.0,Single,BR014,Self-Employed,257500.0,619.0,0,0.0,Business Loan,391700.0,60,13.31,0.0,0.42,519600.0,4,2022-01-08,Rejected,No,,0
LN000584,Karthik Sharma,Male,31.0,Married,BR004,Salaried,485000.0,690.0,1,6668.76,Business Loan,1030600.0,84,12.6,0.0,0.62,1132200.0,1,2023-09-22,Rejected,No,,0
LN000333,Deepak Singh,Male,24.0,Single,BR005,Salaried,428200.0,773.0,1,7403.86,Education Loan,256700.0,84,10.27,4297.42,0.33,0.0,0,2025-07-31,Approved,No,,0
LN001294,Karthik Iyer,Male,42.0,Single,BR002,Salaried,583700.0,814.0,0,0.0,Home Loan,2381500.0,300,7.86,18160.49,0.37,2787000.0,0,2025-08-27,Approved,No,,0
LN004024,Meera Kapoor,Female,40.0,Married,BR011,Salaried,417200.0,838.0,1,7888.06,Business Loan,217500.0,60,11.12,4742.0,0.36,230200.0,0,2023-05-04,Approved,No,,0
LN005201,Nikhil Joshi,Male,37.0,Married,BR003,Salaried,364500.0,641.0,2,2004.67,Business Loan,434600.0,36,13.09,14662.24,0.55,499600.0,1,2022-05-12,Approved,Yes,2023-09-02,179
LN003776,Riya Mehta,Female,33.0,Divorced,BR002,Self-Employed,530300.0,752.0,0,0.0,Personal Loan,95400.0,36,13.48,0.0,0.07,0.0,1,2025-11-24,Rejected,No,,0
LN001946,Sneha Kapoor,Female,38.0,Single,BR001,Self-Employed,1345300.0,477.0,2,9855.59,Home Loan,5228900.0,240,11.23,0.0,0.58,5250100.0,0,2024-10-01,Rejected,No,,0
